# Subramaniam, Wong & Lele, J. Comput. Phys. 397 (2019) 108822 (arXiv:1809.05784), figure 35: spectra at
# t/tau = 4 of the 512^3 DNS spectrally filtered to 64^3 (black line): velocity, vorticity, dilatation
# and density-fluctuation spectra, read from the vector paths of the arXiv version (points of the
# line, at odd k).
quantity,k,E
velocity,1,0.002617
velocity,3,0.010423
velocity,5,0.008934
velocity,7,0.0063256
velocity,9,0.0042081
velocity,11,0.0026376
velocity,13,0.001765
velocity,17,0.00068584
velocity,19,0.00045187
velocity,23,0.00019192
velocity,25,0.00012781
velocity,27,8.6733e-05
velocity,29,5.7173e-05
velocity,31,4.0263e-05
vorticity,1,0.0053895
vorticity,3,0.091022
vorticity,5,0.22084
vorticity,7,0.30107
vorticity,9,0.33301
vorticity,11,0.31181
vorticity,13,0.29354
vorticity,15,0.23764
vorticity,17,0.1959
vorticity,19,0.16142
vorticity,23,0.10066
vorticity,25,0.079347
vorticity,27,0.062894
vorticity,29,0.047846
vorticity,31,0.038489
dilatation,1,0.00035972
dilatation,3,0.011675
dilatation,5,0.015113
dilatation,7,0.013259
dilatation,9,0.01071
dilatation,11,0.0078991
dilatation,13,0.0054064
dilatation,15,0.0039547
dilatation,17,0.002816
dilatation,19,0.0020255
dilatation,21,0.0014494
dilatation,23,0.0010202
dilatation,27,0.0005267
dilatation,29,0.00036525
density,1,0.00063097
density,3,0.0014699
density,5,0.00072126
density,7,0.00036258
density,9,0.00021987
density,11,0.000128
density,13,7.2243e-05
density,15,4.2845e-05
density,17,2.5502e-05
density,19,1.5718e-05
density,21,9.3506e-06
density,23,6.0017e-06
density,25,3.7839e-06
density,27,2.3821e-06
density,29,1.5065e-06
density,31,1.0301e-06
