# Subramaniam, Wong & Lele, J. Comput. Phys. 397 (2019) 108822, doi:10.1016/j.jcp.2019.07.021
# (arXiv:1809.05784), figure 33: DNS on 512^3 (tenth-order compact differences) spectrally filtered to 64^3,
# spectral derivatives on the 64^3 grid. Read from the vector path of the black line (arXiv version),
# resampled every 0.05 tau.
# Normalizations: <u_i u_i>/(3 u_rms0^2); <w_i w_i> and <theta^2> over u_rms0^2/lambda0^2;
# <T'T'>/((gamma - 1) T0 Mt0^2)^2; t/tau with tau = lambda0/u_rms0.
t_over_tau,kinetic_energy,enstrophy,dilatation_variance
0.00,0.99997,15.176,5.1752e-05
0.05,0.99457,15.061,0.1391
0.10,0.98643,14.982,0.39909
0.15,0.97189,15.026,0.52967
0.20,0.95308,15.252,0.52021
0.25,0.9347,15.711,0.56004
0.30,0.92261,16.366,0.71166
0.35,0.91716,17.178,0.90969
0.40,0.91515,18.076,1.0844
0.45,0.9134,19.013,1.2065
0.50,0.90997,19.979,1.283
0.55,0.90433,20.947,1.3211
0.60,0.89682,21.917,1.343
0.65,0.88793,22.886,1.3495
0.70,0.87862,23.838,1.3461
0.75,0.86921,24.752,1.3393
0.80,0.85981,25.622,1.3313
0.85,0.8504,26.424,1.3239
0.90,0.84073,27.164,1.3087
0.95,0.83067,27.837,1.2916
1.00,0.82001,28.437,1.2806
1.05,0.80913,28.957,1.2646
1.10,0.79795,29.412,1.2359
1.15,0.78676,29.795,1.2049
1.20,0.77558,30.105,1.1762
1.25,0.7644,30.342,1.1508
1.30,0.75321,30.528,1.1228
1.35,0.74203,30.667,1.0957
1.40,0.73086,30.755,1.0735
1.45,0.71974,30.786,1.0534
1.50,0.70834,30.766,1.0309
1.55,0.69655,30.703,1.0063
1.60,0.68475,30.603,0.97936
1.65,0.67293,30.481,0.95514
1.70,0.6611,30.335,0.93293
1.75,0.64956,30.165,0.91149
1.80,0.6382,29.961,0.88729
1.85,0.62691,29.733,0.86239
1.90,0.6159,29.48,0.83545
1.95,0.6049,29.198,0.81045
2.00,0.59405,28.901,0.7857
2.05,0.5834,28.6,0.75944
2.10,0.573,28.284,0.73168
2.15,0.56297,27.959,0.71435
2.20,0.55313,27.616,0.70469
2.25,0.54335,27.26,0.68989
2.30,0.53357,26.895,0.67166
2.35,0.52378,26.506,0.65182
2.40,0.514,26.116,0.62877
2.45,0.50408,25.716,0.60668
2.50,0.49416,25.315,0.58813
2.55,0.48424,24.914,0.56911
2.60,0.47456,24.5,0.54914
2.65,0.46525,24.082,0.53653
2.70,0.45647,23.665,0.52679
2.75,0.44781,23.249,0.51563
2.80,0.43958,22.833,0.5016
2.85,0.43146,22.418,0.48884
2.90,0.42367,22.002,0.48036
2.95,0.41597,21.583,0.47594
3.00,0.40827,21.164,0.4701
3.05,0.40057,20.746,0.45977
3.10,0.39287,20.327,0.44831
3.15,0.38517,19.91,0.42947
3.20,0.37747,19.496,0.41543
3.25,0.36991,19.09,0.40811
3.30,0.36288,18.683,0.4008
3.35,0.35618,18.276,0.39503
3.40,0.34969,17.876,0.38989
3.45,0.34341,17.485,0.38475
3.50,0.33725,17.099,0.37815
3.55,0.33108,16.722,0.37174
3.60,0.32492,16.35,0.36322
3.65,0.31876,15.987,0.35285
3.70,0.3126,15.629,0.34346
3.75,0.30648,15.281,0.3343
3.80,0.30052,14.932,0.32479
3.85,0.29466,14.596,0.31654
3.90,0.28921,14.26,0.31132
3.95,0.284,13.932,0.30698
4.00,0.27897,13.609,0.30197
