k_per_m,E_42,E_98,E_171
15,6e-05,5.5e-05,4.97e-05
20,0.000129,0.000106,9.2e-05
25,0.00023,0.000196,0.00012
30,0.000322,0.000195,0.000125
40,0.000435,0.000202,9.8e-05
50,0.000457,0.000168,8.15e-05
70,0.00038,0.000127,6.02e-05
100,0.00027,7.92e-05,3.94e-05
150,0.000168,4.78e-05,2.41e-05
200,0.00012,3.46e-05,1.65e-05
250,8.9e-05,2.86e-05,1.25e-05
300,7.03e-05,2.31e-05,9.12e-06
400,4.7e-05,1.43e-05,5.62e-06
600,2.47e-05,5.95e-06,1.69e-06
800,1.26e-05,2.23e-06,5.2e-07
1000,7.42e-06,9e-07,1.61e-07
1250,3.96e-06,3.63e-07,5.2e-08
1500,2.33e-06,1.62e-07,1.41e-08
