# Source: Sjunnesson et al. LDA/CARS data as plotted in Wu et al. 2017 (arXiv:1707.05805) Fig. 9, digitized from the vector PDF
# U_mean = U/Ubulk; VRMS_over_URMS = anisotropy; fluct_sqrt_Urms2_plus_Vrms2 = sqrt(Urms^2+Vrms^2)/Ubulk
quantity,x_over_D,value
U_mean,0.0929,-0.0177
U_mean,0.1944,-0.1337
U_mean,0.3073,-0.2925
U_mean,0.401,-0.396
U_mean,0.4995,-0.4213
U_mean,0.6358,-0.6139
U_mean,0.75,-0.6357
U_mean,0.8768,-0.5916
U_mean,1.0041,-0.4923
U_mean,1.1363,-0.288
U_mean,1.2649,-0.0659
U_mean,1.3922,0.0298
U_mean,1.5155,0.1291
U_mean,1.6502,0.1643
U_mean,1.7816,0.2902
U_mean,1.9008,0.3735
U_mean,2.0315,0.398
U_mean,2.1551,0.5205
U_mean,2.2775,0.5272
U_mean,2.3965,0.6069
U_mean,2.5273,0.6368
U_mean,2.7729,0.7179
U_mean,3.0255,0.7206
U_mean,3.2711,0.7964
U_mean,3.5236,0.8027
U_mean,3.7727,0.8232
U_mean,5.294,0.9679
U_mean,5.8072,0.968
U_mean,6.3088,0.9752
U_mean,6.8143,1.0058
U_mean,7.2999,1.006
U_mean,7.7972,0.9884
U_mean,8.2948,1.0046
U_mean,8.7923,1.0119
U_mean,9.2854,0.9889
U_mean,9.7869,0.9927
VRMS_over_URMS,0.1081,1.2139
VRMS_over_URMS,0.1943,1.0038
VRMS_over_URMS,0.302,1.0645
VRMS_over_URMS,0.4141,1.1037
VRMS_over_URMS,0.5046,1.1684
VRMS_over_URMS,0.6339,1.3999
VRMS_over_URMS,0.7546,1.7001
VRMS_over_URMS,0.8753,1.9237
VRMS_over_URMS,1.0003,2.1376
VRMS_over_URMS,1.1339,2.0884
VRMS_over_URMS,1.2503,2.2826
VRMS_over_URMS,1.3839,2.2433
VRMS_over_URMS,1.5046,2.3551
VRMS_over_URMS,1.6382,2.0036
VRMS_over_URMS,1.7589,2.2194
VRMS_over_URMS,1.8753,2.1447
VRMS_over_URMS,2.0046,2.0603
VRMS_over_URMS,2.1382,2.435
VRMS_over_URMS,2.2503,2.2485
VRMS_over_URMS,2.3795,2.213
VRMS_over_URMS,2.5089,2.264
VRMS_over_URMS,2.7503,1.9282
VRMS_over_URMS,2.996,1.9535
VRMS_over_URMS,3.246,1.8982
VRMS_over_URMS,3.5045,1.5566
VRMS_over_URMS,3.7503,1.6564
VRMS_over_URMS,5.2673,1.6593
VRMS_over_URMS,5.7673,1.6726
VRMS_over_URMS,6.2848,1.6231
VRMS_over_URMS,6.789,1.3735
VRMS_over_URMS,7.2847,1.3436
VRMS_over_URMS,7.7761,1.2628
VRMS_over_URMS,8.2761,1.3546
VRMS_over_URMS,8.789,1.211
VRMS_over_URMS,9.2804,1.2361
VRMS_over_URMS,9.789,1.1513
fluct_sqrt_Urms2_plus_Vrms2,0.1167,0.6341
fluct_sqrt_Urms2_plus_Vrms2,0.2253,0.7401
fluct_sqrt_Urms2_plus_Vrms2,0.3231,0.7642
fluct_sqrt_Urms2_plus_Vrms2,0.4238,0.846
fluct_sqrt_Urms2_plus_Vrms2,0.5268,0.8354
fluct_sqrt_Urms2_plus_Vrms2,0.6493,0.8996
fluct_sqrt_Urms2_plus_Vrms2,0.758,1.0009
fluct_sqrt_Urms2_plus_Vrms2,0.8883,1.0952
fluct_sqrt_Urms2_plus_Vrms2,1.0113,1.1394
fluct_sqrt_Urms2_plus_Vrms2,1.1449,1.1016
fluct_sqrt_Urms2_plus_Vrms2,1.267,1.1821
fluct_sqrt_Urms2_plus_Vrms2,1.3932,1.1019
fluct_sqrt_Urms2_plus_Vrms2,1.518,1.0788
fluct_sqrt_Urms2_plus_Vrms2,1.6436,1.0156
fluct_sqrt_Urms2_plus_Vrms2,1.764,1.001
fluct_sqrt_Urms2_plus_Vrms2,1.898,0.9493
fluct_sqrt_Urms2_plus_Vrms2,2.0145,0.9131
fluct_sqrt_Urms2_plus_Vrms2,2.1355,0.87
fluct_sqrt_Urms2_plus_Vrms2,2.2606,0.8276
fluct_sqrt_Urms2_plus_Vrms2,2.3814,0.7945
fluct_sqrt_Urms2_plus_Vrms2,2.5112,0.7405
fluct_sqrt_Urms2_plus_Vrms2,2.7735,0.6952
fluct_sqrt_Urms2_plus_Vrms2,3.014,0.6676
fluct_sqrt_Urms2_plus_Vrms2,3.2763,0.6215
fluct_sqrt_Urms2_plus_Vrms2,3.5168,0.5885
fluct_sqrt_Urms2_plus_Vrms2,3.766,0.5547
fluct_sqrt_Urms2_plus_Vrms2,5.2945,0.5421
fluct_sqrt_Urms2_plus_Vrms2,5.7749,0.507
fluct_sqrt_Urms2_plus_Vrms2,6.2678,0.4834
fluct_sqrt_Urms2_plus_Vrms2,6.7783,0.4405
fluct_sqrt_Urms2_plus_Vrms2,7.2754,0.4194
fluct_sqrt_Urms2_plus_Vrms2,7.7852,0.4036
fluct_sqrt_Urms2_plus_Vrms2,8.2905,0.3963
fluct_sqrt_Urms2_plus_Vrms2,8.793,0.3342
fluct_sqrt_Urms2_plus_Vrms2,9.281,0.3354
fluct_sqrt_Urms2_plus_Vrms2,9.7869,0.3049
