# Source: Sjunnesson et al. LDA/CARS data as plotted in Wu et al. 2017 (arXiv:1707.05805) Fig. 6, 7, 8, digitized from the vector PDF
# uv_mean = Reynolds shear stress RS/Ubulk^2 (Fig. 8)
quantity,x_over_D,y_over_D,value
U_mean,0.375,-1.276,1.6744
U_mean,0.375,-1.1527,1.7108
U_mean,0.375,-1.0192,1.7361
U_mean,0.375,-0.9,1.7838
U_mean,0.375,-0.7685,1.8772
U_mean,0.375,-0.6699,1.913
U_mean,0.375,-0.5937,1.6418
U_mean,0.375,-0.5466,1.0632
U_mean,0.375,-0.4705,0.4851
U_mean,0.375,-0.3966,0.3048
U_mean,0.375,-0.3062,0.0792
U_mean,0.375,-0.2014,-0.0665
U_mean,0.375,-0.1027,-0.2237
U_mean,0.375,0.0041,-0.3013
U_mean,0.375,0.1007,-0.1972
U_mean,0.375,0.1973,-0.059
U_mean,0.375,0.3021,-0.0002
U_mean,0.375,0.3884,0.3536
U_mean,0.375,0.4664,0.5711
U_mean,0.375,0.524,1.038
U_mean,0.375,0.5671,1.5275
U_mean,0.375,0.639,1.8924
U_mean,0.375,0.7459,1.8036
U_mean,0.375,0.8692,1.7264
U_mean,0.375,0.9925,1.6719
U_mean,0.375,1.1158,1.606
U_mean,0.375,1.2432,1.5971
U_mean,0.375,1.3685,1.4972
U_mean,0.95,-1.2763,1.592
U_mean,0.95,-1.1487,1.6152
U_mean,0.95,-1.0272,1.6838
U_mean,0.95,-0.8997,1.6842
U_mean,0.95,-0.7679,1.7188
U_mean,0.95,-0.6693,1.5828
U_mean,0.95,-0.5954,1.2763
U_mean,0.95,-0.5522,1.1855
U_mean,0.95,-0.468,0.9357
U_mean,0.95,-0.3941,0.6178
U_mean,0.95,-0.2997,0.2204
U_mean,0.95,-0.2011,-0.1315
U_mean,0.95,-0.0963,-0.3584
U_mean,0.95,0.0004,-0.3694
U_mean,0.95,0.0971,-0.2668
U_mean,0.95,0.192,0.0631
U_mean,0.95,0.3012,0.3136
U_mean,0.95,0.3961,0.7231
U_mean,0.95,0.4704,1.0871
U_mean,0.95,0.5219,1.235
U_mean,0.95,0.5673,1.417
U_mean,0.95,0.6373,1.5991
U_mean,0.95,0.7464,1.7018
U_mean,0.95,0.8699,1.7023
U_mean,0.95,0.9933,1.6801
U_mean,0.95,1.1147,1.6464
U_mean,0.95,1.2443,1.6242
U_mean,0.95,1.3719,1.5564
U_mean,1.53,-1.1471,1.4867
U_mean,1.53,-1.0275,1.4643
U_mean,1.53,-0.9019,1.5218
U_mean,1.53,-0.7823,1.4083
U_mean,1.53,-0.6751,1.2833
U_mean,1.53,-0.6009,1.1581
U_mean,1.53,-0.5534,1.0102
U_mean,1.53,-0.4771,0.8737
U_mean,1.53,-0.3946,0.7371
U_mean,1.53,-0.3017,0.5209
U_mean,1.53,-0.2027,0.2933
U_mean,1.53,-0.0955,0.1455
U_mean,1.53,-0.0069,0.1458
U_mean,1.53,0.0982,0.169
U_mean,1.53,0.197,0.4202
U_mean,1.53,0.2978,0.603
U_mean,1.53,0.3925,0.8541
U_mean,1.53,0.4645,0.9912
U_mean,1.53,0.5118,1.1396
U_mean,1.53,0.5674,1.1968
U_mean,1.53,0.6394,1.3795
U_mean,1.53,0.7465,1.4825
U_mean,1.53,0.866,1.4715
U_mean,1.53,0.9958,1.5062
U_mean,1.53,1.1194,1.4839
U_mean,1.53,1.241,1.4388
U_mean,3.75,-1.278,1.1196
U_mean,3.75,-1.1604,1.1205
U_mean,3.75,-1.0283,1.2007
U_mean,3.75,-0.9024,1.1903
U_mean,3.75,-0.7786,1.18
U_mean,3.75,-0.6714,1.1467
U_mean,3.75,-0.5971,1.0455
U_mean,3.75,-0.5537,1.0683
U_mean,3.75,-0.4672,1.0464
U_mean,3.75,-0.4074,0.9675
U_mean,3.75,-0.3022,0.9344
U_mean,3.75,-0.2032,0.8784
U_mean,3.75,-0.1042,0.8113
U_mean,3.75,0.0011,0.8121
U_mean,3.75,0.096,0.7788
U_mean,3.75,0.195,0.7796
U_mean,3.75,0.294,0.7917
U_mean,3.75,0.3849,0.8376
U_mean,3.75,0.4674,0.9176
U_mean,3.75,0.5252,0.9746
U_mean,3.75,0.5748,1.0542
U_mean,3.75,0.6408,1.0775
U_mean,3.75,0.7461,1.1122
U_mean,3.75,0.8761,1.1472
U_mean,3.75,0.9958,1.2046
U_mean,3.75,1.1175,1.2055
U_mean,3.75,1.2496,1.2066
U_mean,3.75,1.3114,1.1051
U_mean,9.4,-1.2648,0.9322
U_mean,9.4,-1.0027,1.0113
U_mean,9.4,-0.761,1.0104
U_mean,9.4,-0.5051,0.9979
U_mean,9.4,-0.2574,1.0084
U_mean,9.4,-0.0013,0.9503
U_mean,9.4,0.2465,0.9379
U_mean,9.4,0.4881,0.9484
U_mean,9.4,0.7421,0.9246
U_mean,9.4,0.9898,0.9465
U_mean,9.4,1.2417,0.8998
U_mean,9.4,1.3657,0.8421
U_rms,0.375,-1.2669,0.0388
U_rms,0.375,-1.1514,0.0455
U_rms,0.375,-1.0139,0.0619
U_rms,0.375,-0.8984,0.0718
U_rms,0.375,-0.7629,0.0978
U_rms,0.375,-0.6653,0.1172
U_rms,0.375,-0.5896,0.42
U_rms,0.375,-0.5398,0.4967
U_rms,0.375,-0.4641,0.5383
U_rms,0.375,-0.3924,0.5672
U_rms,0.375,-0.3048,0.6248
U_rms,0.375,-0.1992,0.5997
U_rms,0.375,-0.0996,0.5713
U_rms,0.375,0.006,0.5016
U_rms,0.375,0.1036,0.5338
U_rms,0.375,0.2022,0.5819
U_rms,0.375,0.3088,0.5822
U_rms,0.375,0.3984,0.5984
U_rms,0.375,0.4801,0.4936
U_rms,0.375,0.5329,0.5383
U_rms,0.375,0.5796,0.4907
U_rms,0.375,0.6484,0.1532
U_rms,0.375,0.753,0.1854
U_rms,0.375,0.8735,0.1858
U_rms,0.375,0.995,0.0684
U_rms,0.375,1.1165,0.0782
U_rms,0.375,1.248,0.0786
U_rms,0.375,1.3745,0.0727
U_rms,0.95,-1.2698,0.0812
U_rms,0.95,-1.1453,0.1129
U_rms,0.95,-1.0257,0.1287
U_rms,0.95,-0.9002,0.1923
U_rms,0.95,-0.7677,0.2368
U_rms,0.95,-0.67,0.3484
U_rms,0.95,-0.5963,0.444
U_rms,0.95,-0.5535,0.4089
U_rms,0.95,-0.4708,0.4726
U_rms,0.95,-0.3941,0.5746
U_rms,0.95,-0.2993,0.5744
U_rms,0.95,-0.2028,0.5232
U_rms,0.95,-0.0952,0.4689
U_rms,0.95,-0.0005,0.4115
U_rms,0.95,0.0961,0.472
U_rms,0.95,0.1998,0.5421
U_rms,0.95,0.3044,0.6119
U_rms,0.95,0.404,0.5513
U_rms,0.95,0.4787,0.4684
U_rms,0.95,0.5286,0.4779
U_rms,0.95,0.5754,0.3949
U_rms,0.95,0.6421,0.398
U_rms,0.95,0.7478,0.2767
U_rms,0.95,0.8713,0.2096
U_rms,0.95,0.9909,0.1617
U_rms,0.95,1.1144,0.1392
U_rms,0.95,1.2429,0.1296
U_rms,0.95,1.3725,0.1166
U_rms,1.53,-1.1517,0.1972
U_rms,1.53,-1.0329,0.2289
U_rms,1.53,-0.907,0.2766
U_rms,1.53,-0.7801,0.3211
U_rms,1.53,-0.6731,0.3815
U_rms,1.53,-0.6012,0.3814
U_rms,1.53,-0.5532,0.3972
U_rms,1.53,-0.4803,0.4067
U_rms,1.53,-0.4003,0.4161
U_rms,1.53,-0.3045,0.4319
U_rms,1.53,-0.2046,0.4061
U_rms,1.53,-0.1007,0.3867
U_rms,1.53,-0.0118,0.3609
U_rms,1.53,0.0971,0.4118
U_rms,1.53,0.196,0.4276
U_rms,1.53,0.3039,0.4433
U_rms,1.53,0.3988,0.4559
U_rms,1.53,0.4787,0.4462
U_rms,1.53,0.5247,0.4333
U_rms,1.53,0.5766,0.43
U_rms,1.53,0.6376,0.4202
U_rms,1.53,0.7444,0.3625
U_rms,1.53,0.8653,0.3303
U_rms,1.53,0.9891,0.2503
U_rms,1.53,1.119,0.2084
U_rms,1.53,1.2429,0.1858
U_rms,3.75,-1.2697,0.2961
U_rms,3.75,-1.149,0.3017
U_rms,3.75,-1.0243,0.3232
U_rms,3.75,-0.8977,0.3162
U_rms,3.75,-0.774,0.3092
U_rms,3.75,-0.6693,0.2991
U_rms,3.75,-0.5925,0.3146
U_rms,3.75,-0.5495,0.2953
U_rms,3.75,-0.4659,0.2823
U_rms,3.75,-0.4,0.2946
U_rms,3.75,-0.2984,0.2783
U_rms,3.75,-0.1996,0.2967
U_rms,3.75,-0.1059,0.2868
U_rms,3.75,0.0008,0.283
U_rms,3.75,0.0996,0.292
U_rms,3.75,0.2013,0.285
U_rms,3.75,0.305,0.2814
U_rms,3.75,0.3988,0.3031
U_rms,3.75,0.4796,0.2995
U_rms,3.75,0.5276,0.3372
U_rms,3.75,0.5824,0.3084
U_rms,3.75,0.6432,0.2923
U_rms,3.75,0.7469,0.2981
U_rms,3.75,0.8796,0.3132
U_rms,3.75,0.9933,0.3221
U_rms,3.75,1.1241,0.3562
U_rms,3.75,1.2517,0.3555
U_rms,3.75,1.3064,0.3078
U_rms,9.4,-1.2568,0.0741
U_rms,9.4,-0.9985,0.201
U_rms,9.4,-0.7572,0.2159
U_rms,9.4,-0.503,0.1924
U_rms,9.4,-0.259,0.1946
U_rms,9.4,-0.0008,0.1871
U_rms,9.4,0.2484,0.2116
U_rms,9.4,0.4985,0.2042
U_rms,9.4,0.7427,0.1775
U_rms,9.4,0.9939,0.1989
U_rms,9.4,1.244,0.201
U_rms,9.4,1.366,0.1717
V_mean,0.375,-1.2729,-0.0693
V_mean,0.375,-1.1514,-0.0562
V_mean,0.375,-1.0199,-0.094
V_mean,0.375,-0.9024,-0.1319
V_mean,0.375,-0.7689,-0.1378
V_mean,0.375,-0.6713,-0.1566
V_mean,0.375,-0.5896,0.0474
V_mean,0.375,-0.5417,0.0667
V_mean,0.375,-0.4701,-0.1942
V_mean,0.375,-0.3963,-0.2767
V_mean,0.375,-0.3108,-0.3083
V_mean,0.375,-0.2032,-0.3526
V_mean,0.375,-0.1076,-0.193
V_mean,0.375,0.002,-0.059
V_mean,0.375,0.1056,-0.0077
V_mean,0.375,0.2032,0.1264
V_mean,0.375,0.3108,0.184
V_mean,0.375,0.4024,0.1333
V_mean,0.375,0.4841,0.0127
V_mean,0.375,0.5239,-0.1146
V_mean,0.375,0.5796,-0.019
V_mean,0.375,0.6494,0.1341
V_mean,0.375,0.753,0.2045
V_mean,0.375,0.8765,0.1731
V_mean,0.375,1.0,0.097
V_mean,0.375,1.1195,0.1165
V_mean,0.375,1.249,0.0979
V_mean,0.375,1.3725,0.0601
V_mean,0.95,-1.2708,0.0301
V_mean,0.95,-1.1443,0.065
V_mean,0.95,-1.0257,0.0521
V_mean,0.95,-0.9002,0.0743
V_mean,0.95,-0.7657,0.2113
V_mean,0.95,-0.6661,0.3069
V_mean,0.95,-0.5943,0.3101
V_mean,0.95,-0.5514,0.3611
V_mean,0.95,-0.4668,0.2877
V_mean,0.95,-0.3921,0.2301
V_mean,0.95,-0.2974,0.1439
V_mean,0.95,-0.2018,0.0225
V_mean,0.95,-0.0942,-0.102
V_mean,0.95,0.0005,-0.1915
V_mean,0.95,0.1001,-0.2809
V_mean,0.95,0.1998,-0.415
V_mean,0.95,0.3064,-0.4374
V_mean,0.95,0.405,-0.428
V_mean,0.95,0.4787,-0.5205
V_mean,0.95,0.5316,-0.5142
V_mean,0.95,0.5764,-0.425
V_mean,0.95,0.6461,-0.3261
V_mean,0.95,0.7498,-0.1507
V_mean,0.95,0.8693,-0.0456
V_mean,0.95,0.9939,-0.0138
V_mean,0.95,1.1144,-0.0044
V_mean,0.95,1.2449,0.0018
V_mean,0.95,1.3705,0.0081
V_mean,1.53,-1.1508,0.1174
V_mean,1.53,-1.0319,0.1523
V_mean,1.53,-0.905,0.1807
V_mean,1.53,-0.7821,0.2731
V_mean,1.53,-0.6752,0.2537
V_mean,1.53,-0.5992,0.3175
V_mean,1.53,-0.5553,0.3396
V_mean,1.53,-0.4793,0.3587
V_mean,1.53,-0.3984,0.365
V_mean,1.53,-0.3046,0.2146
V_mean,1.53,-0.2046,0.1058
V_mean,1.53,-0.099,-0.1437
V_mean,1.53,-0.0101,-0.2204
V_mean,1.53,0.0948,-0.2782
V_mean,1.53,0.1956,-0.4765
V_mean,1.53,0.3014,-0.5693
V_mean,1.53,0.3994,-0.4929
V_mean,1.53,0.4763,-0.4611
V_mean,1.53,0.5202,-0.4803
V_mean,1.53,0.5712,-0.3686
V_mean,1.53,0.6412,-0.3081
V_mean,1.53,0.7441,-0.2444
V_mean,1.53,0.866,-0.1074
V_mean,1.53,0.991,-0.0532
V_mean,1.53,1.1189,-0.0247
V_mean,1.53,1.2428,-0.0091
V_mean,3.75,-1.2707,-0.0202
V_mean,3.75,-1.15,-0.0367
V_mean,3.75,-1.0232,0.0101
V_mean,3.75,-0.8965,0.0031
V_mean,3.75,-0.7737,0.0848
V_mean,3.75,-0.6673,-0.0139
V_mean,3.75,-0.5924,-0.0016
V_mean,3.75,-0.5504,0.0488
V_mean,3.75,-0.4676,0.0389
V_mean,3.75,-0.4006,0.0986
V_mean,3.75,-0.2989,0.0886
V_mean,3.75,-0.1994,0.028
V_mean,3.75,-0.1045,0.0781
V_mean,3.75,0.001,-0.0048
V_mean,3.75,0.1006,-0.0591
V_mean,3.75,0.2002,-0.0818
V_mean,3.75,0.3061,-0.0348
V_mean,3.75,0.3969,-0.0005
V_mean,3.75,0.4807,-0.0136
V_mean,3.75,0.5264,-0.0803
V_mean,3.75,0.5831,-0.1091
V_mean,3.75,0.6431,-0.0556
V_mean,3.75,0.7477,-0.1005
V_mean,3.75,0.8776,-0.0157
V_mean,3.75,0.9933,-0.0005
V_mean,3.75,1.1231,0.021
V_mean,3.75,1.2547,0.0266
V_mean,3.75,1.3077,0.0706
V_mean,9.4,-1.2538,0.0293
V_mean,9.4,-0.9976,0.0155
V_mean,9.4,-0.7565,0.0305
V_mean,9.4,-0.5023,0.0325
V_mean,9.4,-0.2581,0.0475
V_mean,9.4,-0.002,0.0208
V_mean,9.4,0.2492,0.0069
V_mean,9.4,0.4993,0.0123
V_mean,9.4,0.7475,0.0112
V_mean,9.4,0.9937,0.0294
V_mean,9.4,1.2468,0.0123
V_mean,9.4,1.3699,0.0054
V_rms,0.375,-1.2669,0.039
V_rms,0.375,-1.1514,0.0457
V_rms,0.375,-1.0139,0.078
V_rms,0.375,-0.8984,0.0911
V_rms,0.375,-0.761,0.136
V_rms,0.375,-0.6653,0.1683
V_rms,0.375,-0.5916,0.3086
V_rms,0.375,-0.5359,0.4236
V_rms,0.375,-0.4641,0.4875
V_rms,0.375,-0.3884,0.5068
V_rms,0.375,-0.3048,0.558
V_rms,0.375,-0.1992,0.5138
V_rms,0.375,-0.0996,0.5969
V_rms,0.375,0.004,0.5909
V_rms,0.375,0.1036,0.6039
V_rms,0.375,0.2012,0.5724
V_rms,0.375,0.3088,0.5599
V_rms,0.375,0.3984,0.5348
V_rms,0.375,0.4841,0.4459
V_rms,0.375,0.5319,0.4461
V_rms,0.375,0.5756,0.3124
V_rms,0.375,0.6494,0.1788
V_rms,0.375,0.753,0.1473
V_rms,0.375,0.8745,0.1095
V_rms,0.375,1.0,0.0525
V_rms,0.375,1.1195,0.0529
V_rms,0.375,1.2469,0.0533
V_rms,0.375,1.3745,0.0537
V_rms,0.95,-1.2708,0.0623
V_rms,0.95,-1.1443,0.078
V_rms,0.95,-1.0277,0.1416
V_rms,0.95,-0.8992,0.1798
V_rms,0.95,-0.7677,0.2115
V_rms,0.95,-0.669,0.3582
V_rms,0.95,-0.5953,0.5112
V_rms,0.95,-0.5505,0.5812
V_rms,0.95,-0.4678,0.6864
V_rms,0.95,-0.3941,0.8489
V_rms,0.95,-0.3004,0.8872
V_rms,0.95,-0.2008,0.9189
V_rms,0.95,-0.0942,0.922
V_rms,0.95,-0.0005,0.9091
V_rms,0.95,0.0991,0.9249
V_rms,0.95,0.1998,0.8738
V_rms,0.95,0.3044,0.8227
V_rms,0.95,0.402,0.7557
V_rms,0.95,0.4787,0.5738
V_rms,0.95,0.5286,0.5418
V_rms,0.95,0.5754,0.4525
V_rms,0.95,0.6441,0.3281
V_rms,0.95,0.7488,0.2259
V_rms,0.95,0.8702,0.1811
V_rms,0.95,0.9939,0.1395
V_rms,0.95,1.1144,0.0948
V_rms,0.95,1.2459,0.0723
V_rms,0.95,1.3725,0.0594
V_rms,1.53,-1.1508,0.1494
V_rms,1.53,-1.0339,0.1747
V_rms,1.53,-0.908,0.2672
V_rms,1.53,-0.783,0.3628
V_rms,1.53,-0.6691,0.5191
V_rms,1.53,-0.6011,0.5509
V_rms,1.53,-0.5531,0.6626
V_rms,1.53,-0.4742,0.7295
V_rms,1.53,-0.3932,0.7741
V_rms,1.53,-0.2973,0.8762
V_rms,1.53,-0.2013,0.959
V_rms,1.53,-0.0934,0.9428
V_rms,1.53,-0.0035,0.9522
V_rms,1.53,0.1024,0.9104
V_rms,1.53,0.2012,0.8624
V_rms,1.53,0.3071,0.7343
V_rms,1.53,0.405,0.7181
V_rms,1.53,0.4798,0.6029
V_rms,1.53,0.5237,0.5453
V_rms,1.53,0.5777,0.5484
V_rms,1.53,0.6396,0.4908
V_rms,1.53,0.7444,0.3404
V_rms,1.53,0.8653,0.3401
V_rms,1.53,0.991,0.2152
V_rms,1.53,1.119,0.1638
V_rms,1.53,1.2428,0.1251
V_rms,3.75,-1.2699,0.2518
V_rms,3.75,-1.1481,0.2764
V_rms,3.75,-1.0233,0.3073
V_rms,3.75,-0.8975,0.3733
V_rms,3.75,-0.7728,0.3789
V_rms,3.75,-0.6671,0.3878
V_rms,3.75,-0.5901,0.4507
V_rms,3.75,-0.5492,0.4536
V_rms,3.75,-0.4644,0.4659
V_rms,3.75,-0.3995,0.4656
V_rms,3.75,-0.2967,0.4872
V_rms,3.75,-0.1991,0.4709
V_rms,3.75,-0.1012,0.5083
V_rms,3.75,0.0024,0.4792
V_rms,3.75,0.1021,0.4534
V_rms,3.75,0.2008,0.4498
V_rms,3.75,0.3087,0.4967
V_rms,3.75,0.3984,0.4962
V_rms,3.75,0.4791,0.4736
V_rms,3.75,0.53,0.467
V_rms,3.75,0.5857,0.4509
V_rms,3.75,0.6447,0.4569
V_rms,3.75,0.7483,0.4153
V_rms,3.75,0.8799,0.4018
V_rms,3.75,0.9936,0.4013
V_rms,3.75,1.1241,0.3625
V_rms,3.75,1.2527,0.3397
V_rms,3.75,1.3084,0.3046
V_rms,9.4,-1.2537,0.1571
V_rms,9.4,-0.9954,0.2201
V_rms,9.4,-0.7563,0.2223
V_rms,9.4,-0.5021,0.25
V_rms,9.4,-0.2579,0.265
V_rms,9.4,-0.0018,0.251
V_rms,9.4,0.2514,0.2564
V_rms,9.4,0.4996,0.2554
V_rms,9.4,0.7477,0.2159
V_rms,9.4,0.9939,0.2085
V_rms,9.4,1.245,0.1593
V_rms,9.4,1.3679,0.1268
uv_mean,0.375,-1.4046,-0.0025
uv_mean,0.375,-1.2726,-0.003
uv_mean,0.375,-1.151,-0.0025
uv_mean,0.375,-1.0252,-0.002
uv_mean,0.375,-0.8952,-0.0005
uv_mean,0.375,-0.7715,0.0001
uv_mean,0.375,-0.6665,0.0058
uv_mean,0.375,-0.5946,0.0634
uv_mean,0.375,-0.5499,0.1159
uv_mean,0.375,-0.471,0.0588
uv_mean,0.375,-0.3979,0.0337
uv_mean,0.375,-0.2919,-0.037
uv_mean,0.375,-0.1997,-0.0457
uv_mean,0.375,-0.0928,-0.044
uv_mean,0.375,0.0081,-0.0207
uv_mean,0.375,0.1015,0.0678
uv_mean,0.375,0.1979,0.0632
uv_mean,0.375,0.3005,0.0556
uv_mean,0.375,0.3971,0.0665
uv_mean,0.375,0.4692,-0.0319
uv_mean,0.375,0.5121,-0.122
uv_mean,0.375,0.5694,-0.0685
uv_mean,0.375,0.6499,0.0014
uv_mean,0.375,0.7526,-0.0011
uv_mean,0.375,0.8721,0.0005
uv_mean,0.375,0.9958,0.001
uv_mean,0.375,1.1216,0.0015
uv_mean,0.375,1.2474,0.001
uv_mean,0.375,1.3711,0.0015
uv_mean,0.95,-1.3996,0.0002
uv_mean,0.95,-1.2657,0.0018
uv_mean,0.95,-1.1402,0.0003
uv_mean,0.95,-1.0168,-0.0022
uv_mean,0.95,-0.8871,-0.0058
uv_mean,0.95,-0.7614,-0.002
uv_mean,0.95,-0.6644,0.0432
uv_mean,0.95,-0.5857,0.1288
uv_mean,0.95,-0.5352,0.1421
uv_mean,0.95,-0.468,0.1636
uv_mean,0.95,-0.3899,0.2048
uv_mean,0.95,-0.2864,0.136
uv_mean,0.95,-0.1952,0.084
uv_mean,0.95,-0.0894,0.036
uv_mean,0.95,0.0077,-0.0409
uv_mean,0.95,0.1006,-0.1137
uv_mean,0.95,0.2004,-0.1534
uv_mean,0.95,0.3009,-0.1444
uv_mean,0.95,0.3975,-0.1219
uv_mean,0.95,0.4689,-0.1077
uv_mean,0.95,0.5231,-0.1203
uv_mean,0.95,0.5803,-0.0771
uv_mean,0.95,0.6457,-0.0452
uv_mean,0.95,0.7511,0.0031
uv_mean,0.95,0.8683,0.0068
uv_mean,0.95,0.998,0.0053
uv_mean,0.95,1.1255,0.0008
uv_mean,0.95,1.2511,0.0034
uv_mean,0.95,1.366,0.001
uv_mean,1.53,-1.2716,0.0015
uv_mean,1.53,-1.1459,0.0043
uv_mean,1.53,-1.0223,-0.0012
uv_mean,1.53,-0.8946,0.0016
uv_mean,1.53,-0.7709,0.0466
uv_mean,1.53,-0.6641,0.1203
uv_mean,1.53,-0.5887,0.1243
uv_mean,1.53,-0.5447,0.1725
uv_mean,1.53,-0.4714,0.2042
uv_mean,1.53,-0.3939,0.1968
uv_mean,1.53,-0.2912,0.175
uv_mean,1.53,-0.199,0.1367
uv_mean,1.53,-0.0964,0.0017
uv_mean,1.53,0.0063,-0.052
uv_mean,1.53,0.1027,-0.153
uv_mean,1.53,0.2053,-0.1399
uv_mean,1.53,0.3059,-0.1875
uv_mean,1.53,0.3959,-0.1661
uv_mean,1.53,0.4756,-0.1477
uv_mean,1.53,0.5215,-0.1232
uv_mean,1.53,0.5718,-0.1387
uv_mean,1.53,0.6453,-0.0823
uv_mean,1.53,0.7542,-0.0466
uv_mean,1.53,0.8715,-0.0314
uv_mean,1.53,0.9971,-0.0091
uv_mean,1.53,1.1271,-0.0032
uv_mean,1.53,1.2465,-0.0035
uv_mean,3.75,-1.3273,0.0185
uv_mean,3.75,-1.2666,0.0214
uv_mean,3.75,-1.1473,0.0345
uv_mean,3.75,-1.0239,0.0485
uv_mean,3.75,-0.8921,0.042
uv_mean,3.75,-0.7623,0.0488
uv_mean,3.75,-0.6661,0.0578
uv_mean,3.75,-0.5908,0.0391
uv_mean,3.75,-0.5447,0.0636
uv_mean,3.75,-0.4653,0.0336
uv_mean,3.75,-0.3921,0.0416
uv_mean,3.75,-0.2897,0.0229
uv_mean,3.75,-0.1913,0.0288
uv_mean,3.75,-0.0889,-0.0054
uv_mean,3.75,0.0073,-0.0077
uv_mean,3.75,0.1035,-0.0254
uv_mean,3.75,0.2059,-0.038
uv_mean,3.75,0.3021,-0.0496
uv_mean,3.75,0.3984,-0.0273
uv_mean,3.75,0.4736,-0.0614
uv_mean,3.75,0.526,-0.044
uv_mean,3.75,0.5783,-0.0411
uv_mean,3.75,0.6556,-0.0639
uv_mean,3.75,0.7498,-0.0488
uv_mean,3.75,0.8731,-0.0768
uv_mean,3.75,0.9966,-0.07
uv_mean,3.75,1.1222,-0.0559
uv_mean,3.75,1.2709,-0.0091
uv_mean,9.4,-1.3717,-0.0029
uv_mean,9.4,-1.2465,-0.0053
uv_mean,9.4,-0.9857,0.0012
uv_mean,9.4,-0.7375,0.0015
uv_mean,9.4,-0.4892,-0.0012
uv_mean,9.4,-0.2409,0.0053
uv_mean,9.4,0.0135,-0.0036
uv_mean,9.4,0.2493,-0.0012
uv_mean,9.4,0.5038,0.0002
uv_mean,9.4,0.75,-0.0015
uv_mean,9.4,0.9941,0.0029
uv_mean,9.4,1.2444,-0.0008
uv_mean,9.4,1.3717,0.0039
