# Source: Sjunnesson et al. LDA/CARS data as plotted in Wu et al. 2017 (arXiv:1707.05805) Fig. 11, 12, digitized from the vector PDF
# Figs. 11-12 captions say 'non-reacting' (typo); these are the reacting case (Sec. 4.2)
quantity,x_over_D,y_over_D,value
U_mean,0.375,-1.2789,1.7402
U_mean,0.375,-1.1576,1.7768
U_mean,0.375,-1.0238,1.7565
U_mean,0.375,-0.9045,1.8044
U_mean,0.375,-0.7709,1.8752
U_mean,0.375,-0.6742,1.8771
U_mean,0.375,-0.6018,1.582
U_mean,0.375,-0.5467,0.2607
U_mean,0.375,-0.4723,-0.0798
U_mean,0.375,-0.3982,-0.0898
U_mean,0.375,-0.3096,-0.1337
U_mean,0.375,-0.2026,-0.1659
U_mean,0.375,-0.1039,-0.1754
U_mean,0.375,0.0032,-0.2418
U_mean,0.375,0.0977,-0.2058
U_mean,0.375,0.1985,-0.1127
U_mean,0.375,0.2993,-0.145
U_mean,0.375,0.3878,-0.0977
U_mean,0.375,0.4701,-0.0847
U_mean,0.375,0.5191,0.2923
U_mean,0.375,0.5671,1.4445
U_mean,0.375,0.6384,1.9134
U_mean,0.375,0.7436,1.8242
U_mean,0.375,0.8691,1.7583
U_mean,0.375,0.9886,1.7377
U_mean,0.375,1.1119,1.7401
U_mean,0.375,1.2436,1.7312
U_mean,0.375,1.3692,1.6537
U_mean,0.95,-1.2778,1.8088
U_mean,0.95,-1.1522,1.8211
U_mean,0.95,-1.0309,1.8447
U_mean,0.95,-0.9033,1.8457
U_mean,0.95,-0.7715,1.8808
U_mean,0.95,-0.6749,1.7451
U_mean,0.95,-0.5988,0.973
U_mean,0.95,-0.5535,0.5416
U_mean,0.95,-0.4712,-0.1169
U_mean,0.95,-0.3971,-0.3094
U_mean,0.95,-0.3004,-0.3655
U_mean,0.95,-0.2016,-0.4103
U_mean,0.95,-0.0947,-0.4662
U_mean,0.95,0.0041,-0.4655
U_mean,0.95,0.0988,-0.4648
U_mean,0.95,0.1934,-0.4413
U_mean,0.95,0.2963,-0.4064
U_mean,0.95,0.393,-0.3034
U_mean,0.95,0.4671,0.1858
U_mean,0.95,0.5226,0.7088
U_mean,0.95,0.5678,1.1751
U_mean,0.95,0.6399,1.7664
U_mean,0.95,0.7449,1.8239
U_mean,0.95,0.8661,1.8137
U_mean,0.95,0.9896,1.7691
U_mean,0.95,1.1131,1.7473
U_mean,0.95,1.2406,1.7596
U_mean,0.95,1.3662,1.7265
U_mean,1.53,-1.151,1.873
U_mean,1.53,-1.0316,1.8959
U_mean,1.53,-0.9017,1.8843
U_mean,1.53,-0.7802,1.8959
U_mean,1.53,-0.6768,1.6564
U_mean,1.53,-0.6,1.1434
U_mean,1.53,-0.5544,0.8355
U_mean,1.53,-0.4795,0.2656
U_mean,1.53,-0.3944,-0.2475
U_mean,1.53,-0.2993,-0.5097
U_mean,1.53,-0.2024,-0.6008
U_mean,1.53,-0.0952,-0.635
U_mean,1.53,-0.0046,-0.6122
U_mean,1.53,0.0985,-0.635
U_mean,1.53,0.1973,-0.6122
U_mean,1.53,0.2981,-0.4525
U_mean,1.53,0.3944,0.0148
U_mean,1.53,0.4679,0.619
U_mean,1.53,0.5148,1.0293
U_mean,1.53,0.5659,1.3256
U_mean,1.53,0.6354,1.7134
U_mean,1.53,0.7445,1.8843
U_mean,1.53,0.8659,1.8843
U_mean,1.53,0.9917,1.8502
U_mean,1.53,1.1174,1.8388
U_mean,1.53,1.2431,1.8616
U_mean,3.75,-1.2807,1.8001
U_mean,3.75,-1.161,1.8128
U_mean,3.75,-1.035,1.8142
U_mean,3.75,-0.905,1.8156
U_mean,3.75,-0.781,1.6584
U_mean,3.75,-0.6755,1.4106
U_mean,3.75,-0.599,1.151
U_mean,3.75,-0.5554,0.9588
U_mean,3.75,-0.4707,0.7447
U_mean,3.75,-0.4086,0.4509
U_mean,3.75,-0.3032,0.2482
U_mean,3.75,-0.204,0.1021
U_mean,3.75,-0.107,0.0579
U_mean,3.75,0.0004,0.0024
U_mean,3.75,0.0975,0.0036
U_mean,3.75,0.1924,0.0273
U_mean,3.75,0.2955,0.3115
U_mean,3.75,0.3841,0.5505
U_mean,3.75,0.4665,0.9365
U_mean,3.75,0.5222,1.0731
U_mean,3.75,0.5737,1.3114
U_mean,3.75,0.6395,1.5839
U_mean,3.75,0.7448,1.7098
U_mean,3.75,0.8748,1.7792
U_mean,3.75,0.9904,1.7691
U_mean,3.75,1.1204,1.782
U_mean,3.75,1.2484,1.8061
U_mean,3.75,1.3083,1.7954
U_mean,9.4,-1.2603,2.0899
U_mean,9.4,-1.0001,2.1582
U_mean,9.4,-0.7606,2.1582
U_mean,9.4,-0.5045,2.0329
U_mean,9.4,-0.2588,1.9075
U_mean,9.4,0.0014,1.8505
U_mean,9.4,0.2429,1.9189
U_mean,9.4,0.4906,2.0671
U_mean,9.4,0.7404,2.1469
U_mean,9.4,0.9882,2.1697
U_mean,9.4,1.238,2.1241
U_mean,9.4,1.3641,1.9417
U_rms,0.375,-1.2793,0.028
U_rms,0.375,-1.1533,0.0294
U_rms,0.375,-1.019,0.0173
U_rms,0.375,-0.8917,0.0319
U_rms,0.375,-0.756,0.0438
U_rms,0.375,-0.6661,0.0561
U_rms,0.375,-0.585,0.2388
U_rms,0.375,-0.541,0.3236
U_rms,0.375,-0.4605,0.2403
U_rms,0.375,-0.3857,0.2421
U_rms,0.375,-0.2913,0.2012
U_rms,0.375,-0.1807,0.2134
U_rms,0.375,-0.0825,0.2309
U_rms,0.375,0.0131,0.206
U_rms,0.375,0.1087,0.189
U_rms,0.375,0.2071,0.164
U_rms,0.375,0.3067,0.1709
U_rms,0.375,0.3939,0.1753
U_rms,0.375,0.4726,0.2437
U_rms,0.375,0.529,0.3521
U_rms,0.375,0.6475,0.0848
U_rms,0.375,0.7557,0.0597
U_rms,0.375,0.8788,0.0583
U_rms,0.375,1.0047,0.0704
U_rms,0.375,1.1211,0.0557
U_rms,0.375,1.2539,0.0757
U_rms,0.375,1.3798,0.1063
U_rms,0.95,-1.2691,0.0517
U_rms,0.95,-1.1475,0.0489
U_rms,0.95,-1.0232,0.0316
U_rms,0.95,-0.8988,0.0408
U_rms,0.95,-0.7675,0.0657
U_rms,0.95,-0.6719,0.1704
U_rms,0.95,-0.5941,0.3571
U_rms,0.95,-0.5526,0.3778
U_rms,0.95,-0.4697,0.3531
U_rms,0.95,-0.387,0.2807
U_rms,0.95,-0.2944,0.2638
U_rms,0.95,-0.1922,0.2442
U_rms,0.95,-0.0872,0.2165
U_rms,0.95,0.0081,0.2234
U_rms,0.95,0.1035,0.2249
U_rms,0.95,0.1975,0.2397
U_rms,0.95,0.2955,0.2544
U_rms,0.95,0.3952,0.2956
U_rms,0.95,0.466,0.4481
U_rms,0.95,0.5169,0.3365
U_rms,0.95,0.5666,0.3068
U_rms,0.95,0.6367,0.1342
U_rms,0.95,0.7456,0.059
U_rms,0.95,0.856,0.0445
U_rms,0.95,0.9887,0.0482
U_rms,0.95,1.1117,0.0468
U_rms,0.95,1.2402,0.048
U_rms,0.95,1.3674,0.0492
U_rms,1.53,-1.1445,0.0217
U_rms,1.53,-1.0207,0.0492
U_rms,1.53,-0.8963,0.0373
U_rms,1.53,-0.768,0.0969
U_rms,1.53,-0.6657,0.2124
U_rms,1.53,-0.5912,0.3652
U_rms,1.53,-0.5525,0.4231
U_rms,1.53,-0.4682,0.5493
U_rms,1.53,-0.3867,0.4187
U_rms,1.53,-0.2887,0.3461
U_rms,1.53,-0.1892,0.2841
U_rms,1.53,-0.0856,0.2168
U_rms,1.53,0.0027,0.2477
U_rms,1.53,0.1036,0.2598
U_rms,1.53,0.203,0.3065
U_rms,1.53,0.297,0.3531
U_rms,1.53,0.4033,0.5666
U_rms,1.53,0.4751,0.5074
U_rms,1.53,0.5207,0.4249
U_rms,1.53,0.5718,0.3608
U_rms,1.53,0.6367,0.1959
U_rms,1.53,0.7459,0.0861
U_rms,1.53,0.8701,0.0875
U_rms,1.53,0.993,0.057
U_rms,1.53,1.1201,0.0557
U_rms,1.53,1.2444,0.0862
U_rms,3.75,-1.2735,0.0486
U_rms,3.75,-1.1474,0.0657
U_rms,3.75,-1.0199,0.0668
U_rms,3.75,-0.8925,0.0786
U_rms,3.75,-0.7692,0.1932
U_rms,3.75,-0.6641,0.3186
U_rms,3.75,-0.5908,0.4022
U_rms,3.75,-0.552,0.4149
U_rms,3.75,-0.4634,0.4851
U_rms,3.75,-0.3982,0.5081
U_rms,3.75,-0.2943,0.4331
U_rms,3.75,-0.1889,0.3897
U_rms,3.75,-0.0877,0.3437
U_rms,3.75,0.0135,0.2977
U_rms,3.75,0.1105,0.3229
U_rms,3.75,0.2019,0.3746
U_rms,3.75,0.3043,0.4605
U_rms,3.75,0.4012,0.528
U_rms,3.75,0.472,0.4348
U_rms,3.75,0.526,0.4474
U_rms,3.75,0.5843,0.3887
U_rms,3.75,0.6482,0.2166
U_rms,3.75,0.7591,0.1546
U_rms,3.75,0.8867,0.1057
U_rms,3.75,1.0002,0.0991
U_rms,3.75,1.1305,0.0818
U_rms,3.75,1.2608,0.0619
U_rms,3.75,1.3204,0.0717
U_rms,9.4,-1.2538,0.062
U_rms,9.4,-0.9909,0.0667
U_rms,9.4,-0.753,0.1114
U_rms,9.4,-0.4971,0.1241
U_rms,9.4,-0.2481,0.1899
U_rms,9.4,0.0079,0.1841
U_rms,9.4,0.2458,0.2288
U_rms,9.4,0.4908,0.2073
U_rms,9.4,0.7456,0.1088
U_rms,9.4,0.992,0.0792
U_rms,9.4,1.2452,0.0734
U_rms,9.4,1.3599,0.1224
V_mean,0.375,-1.2792,-0.1208
V_mean,0.375,-1.1535,-0.1407
V_mean,0.375,-1.0182,-0.1954
V_mean,0.375,-0.8939,-0.2472
V_mean,0.375,-0.7614,-0.2939
V_mean,0.375,-0.6675,-0.3135
V_mean,0.375,-0.5911,-0.152
V_mean,0.375,-0.5371,-0.102
V_mean,0.375,-0.4627,-0.1827
V_mean,0.375,-0.3907,-0.1435
V_mean,0.375,-0.2981,-0.1445
V_mean,0.375,-0.1875,-0.1137
V_mean,0.375,-0.0892,-0.0244
V_mean,0.375,0.0076,-0.0201
V_mean,0.375,0.1099,0.0213
V_mean,0.375,0.2067,0.063
V_mean,0.375,0.3063,0.1098
V_mean,0.375,0.3961,0.1407
V_mean,0.375,0.4708,0.1665
V_mean,0.375,0.5272,0.033
V_mean,0.375,0.5745,0.1308
V_mean,0.375,0.6427,0.3563
V_mean,0.375,0.7518,0.3497
V_mean,0.375,0.8761,0.3112
V_mean,0.375,0.9976,0.2567
V_mean,0.375,1.1233,0.2021
V_mean,0.375,1.2462,0.1636
V_mean,0.375,1.376,0.0983
V_mean,0.95,-1.2724,-0.022
V_mean,0.95,-1.1449,-0.0251
V_mean,0.95,-1.0248,-0.0688
V_mean,0.95,-0.8977,-0.0886
V_mean,0.95,-0.7664,-0.0902
V_mean,0.95,-0.6681,0.0091
V_mean,0.95,-0.6653,0.0091
V_mean,0.95,-0.592,0.0346
V_mean,0.95,-0.5479,0.0209
V_mean,0.95,-0.4626,-0.1491
V_mean,0.95,-0.3894,-0.1791
V_mean,0.95,-0.2927,-0.1723
V_mean,0.95,-0.1917,-0.1337
V_mean,0.95,-0.0865,-0.0637
V_mean,0.95,0.0076,-0.0172
V_mean,0.95,0.0989,0.032
V_mean,0.95,0.2012,0.0784
V_mean,0.95,0.3023,0.1618
V_mean,0.95,0.3934,0.1291
V_mean,0.95,0.4706,0.0277
V_mean,0.95,0.5229,-0.0654
V_mean,0.95,0.5671,-0.05
V_mean,0.95,0.6379,0.0735
V_mean,0.95,0.7459,0.17
V_mean,0.95,0.8676,0.1633
V_mean,0.95,0.9931,0.1355
V_mean,0.95,1.1092,0.0839
V_mean,0.95,1.2432,0.04
V_mean,0.95,1.3689,0.0466
V_mean,1.53,-1.1445,0.0217
V_mean,1.53,-1.0193,-0.0144
V_mean,1.53,-0.8963,-0.0395
V_mean,1.53,-0.7707,-0.0196
V_mean,1.53,-0.6713,0.0641
V_mean,1.53,-0.5897,0.0844
V_mean,1.53,-0.5401,0.0706
V_mean,1.53,-0.4682,0.0116
V_mean,1.53,-0.384,-0.0555
V_mean,1.53,-0.2873,-0.1228
V_mean,1.53,-0.1837,-0.1132
V_mean,1.53,-0.0787,-0.08
V_mean,1.53,0.011,-0.0809
V_mean,1.53,0.1064,0.0134
V_mean,1.53,0.203,0.0257
V_mean,1.53,0.3025,-0.0204
V_mean,1.53,0.4061,-0.1089
V_mean,1.53,0.4738,-0.1308
V_mean,1.53,0.5262,-0.1367
V_mean,1.53,0.5691,-0.1026
V_mean,1.53,0.6395,-0.016
V_mean,1.53,0.7446,0.0756
V_mean,1.53,0.8715,0.053
V_mean,1.53,0.9972,0.102
V_mean,1.53,1.1203,0.0345
V_mean,1.53,1.2432,0.0252
V_mean,3.75,-1.2721,0.0304
V_mean,3.75,-1.1474,0.021
V_mean,3.75,-1.0199,0.0275
V_mean,3.75,-0.8897,0.0418
V_mean,3.75,-0.765,0.1248
V_mean,3.75,-0.6695,0.1685
V_mean,3.75,-0.5849,0.1623
V_mean,3.75,-0.5434,0.1513
V_mean,3.75,-0.4602,0.1741
V_mean,3.75,-0.3881,0.1416
V_mean,3.75,-0.2869,0.056
V_mean,3.75,-0.1913,0.0444
V_mean,3.75,-0.0832,0.0273
V_mean,3.75,0.0138,0.0262
V_mean,3.75,0.1122,0.0541
V_mean,3.75,0.2107,-0.0235
V_mean,3.75,0.3091,-0.1117
V_mean,3.75,0.3924,-0.2181
V_mean,3.75,0.4755,-0.1874
V_mean,3.75,0.5377,-0.1565
V_mean,3.75,0.5822,-0.1623
V_mean,3.75,0.6444,-0.1155
V_mean,3.75,0.7566,-0.0482
V_mean,3.75,0.8855,0.0163
V_mean,3.75,1.0019,0.0492
V_mean,3.75,1.1294,0.0425
V_mean,3.75,1.261,0.0383
V_mean,3.75,1.3137,0.043
V_mean,9.4,-1.2524,0.0594
V_mean,9.4,-0.9895,0.0508
V_mean,9.4,-0.7488,0.0823
V_mean,9.4,-0.4943,0.1242
V_mean,9.4,-0.2492,0.0576
V_mean,9.4,0.011,0.0226
V_mean,9.4,0.2519,-0.0096
V_mean,9.4,0.4941,-0.0205
V_mean,9.4,0.7445,-0.0051
V_mean,9.4,0.9921,0.0396
V_mean,9.4,1.2411,0.0445
V_mean,9.4,1.3643,0.0376
V_rms,0.375,-1.2738,0.0495
V_rms,0.375,-1.1492,0.0482
V_rms,0.375,-1.0177,0.0521
V_rms,0.375,-0.8917,0.0454
V_rms,0.375,-0.7547,0.044
V_rms,0.375,-0.662,0.0669
V_rms,0.375,-0.5904,0.1806
V_rms,0.375,-0.534,0.2811
V_rms,0.375,-0.4586,0.1366
V_rms,0.375,-0.3812,0.1517
V_rms,0.375,-0.2926,0.1561
V_rms,0.375,-0.1875,0.1736
V_rms,0.375,-0.0893,0.1885
V_rms,0.375,0.016,0.1714
V_rms,0.375,0.1129,0.1731
V_rms,0.375,0.2043,0.1588
V_rms,0.375,0.3067,0.1737
V_rms,0.375,0.3939,0.1754
V_rms,0.375,0.4757,0.1586
V_rms,0.375,0.5265,0.2804
V_rms,0.375,0.5752,0.2001
V_rms,0.375,0.6461,0.0982
V_rms,0.375,0.7584,0.0598
V_rms,0.375,0.8789,0.0558
V_rms,0.375,0.9992,0.0732
V_rms,0.375,1.1241,0.0452
V_rms,0.375,1.2445,0.0493
V_rms,0.375,1.3787,0.0665
V_rms,0.95,-1.2762,0.0175
V_rms,0.95,-1.1461,0.0331
V_rms,0.95,-1.026,0.0317
V_rms,0.95,-0.8974,0.0302
V_rms,0.95,-0.7715,0.0631
V_rms,0.95,-0.6719,0.1651
V_rms,0.95,-0.5984,0.262
V_rms,0.95,-0.5486,0.28
V_rms,0.95,-0.4685,0.2605
V_rms,0.95,-0.3898,0.2464
V_rms,0.95,-0.2932,0.2083
V_rms,0.95,-0.1937,0.2019
V_rms,0.95,-0.0874,0.1531
V_rms,0.95,0.0122,0.1916
V_rms,0.95,0.1048,0.1958
V_rms,0.95,0.1945,0.2001
V_rms,0.95,0.2955,0.2227
V_rms,0.95,0.3951,0.2454
V_rms,0.95,0.467,0.271
V_rms,0.95,0.5194,0.2545
V_rms,0.95,0.5678,0.2249
V_rms,0.95,0.6367,0.1474
V_rms,0.95,0.7443,0.0616
V_rms,0.95,0.8687,0.0549
V_rms,0.95,0.993,0.0482
V_rms,0.95,1.1091,0.0416
V_rms,0.95,1.2445,0.0295
V_rms,0.95,1.3689,0.0386
V_rms,1.53,-1.1445,0.0217
V_rms,1.53,-1.0166,0.0121
V_rms,1.53,-0.8923,0.0373
V_rms,1.53,-0.7692,0.0625
V_rms,1.53,-0.6644,0.1673
V_rms,1.53,-0.587,0.259
V_rms,1.53,-0.547,0.3355
V_rms,1.53,-0.4627,0.3691
V_rms,1.53,-0.3798,0.3656
V_rms,1.53,-0.2913,0.3064
V_rms,1.53,-0.1905,0.2787
V_rms,1.53,-0.0884,0.2539
V_rms,1.53,0.0083,0.2872
V_rms,1.53,0.1036,0.228
V_rms,1.53,0.2044,0.272
V_rms,1.53,0.3011,0.3081
V_rms,1.53,0.3978,0.3574
V_rms,1.53,0.471,0.3327
V_rms,1.53,0.518,0.2792
V_rms,1.53,0.5691,0.2046
V_rms,1.53,0.6395,0.1455
V_rms,1.53,0.7486,0.0808
V_rms,1.53,0.8689,0.0769
V_rms,1.53,0.9931,0.0517
V_rms,1.53,1.1161,0.0345
V_rms,1.53,1.2432,0.0252
V_rms,3.75,-1.2707,0.046
V_rms,3.75,-1.1502,0.0657
V_rms,3.75,-1.0213,0.0563
V_rms,3.75,-0.8869,0.0838
V_rms,3.75,-0.7692,0.1668
V_rms,3.75,-0.6625,0.2289
V_rms,3.75,-0.5892,0.2676
V_rms,3.75,-0.5434,0.3092
V_rms,3.75,-0.4604,0.34
V_rms,3.75,-0.394,0.4106
V_rms,3.75,-0.2928,0.4068
V_rms,3.75,-0.1834,0.4319
V_rms,3.75,-0.0905,0.4018
V_rms,3.75,0.012,0.4349
V_rms,3.75,0.1132,0.3809
V_rms,3.75,0.2018,0.4036
V_rms,3.75,0.3072,0.3998
V_rms,3.75,0.3986,0.3856
V_rms,3.75,0.4777,0.3029
V_rms,3.75,0.5304,0.2759
V_rms,3.75,0.5845,0.2252
V_rms,3.75,0.6482,0.1638
V_rms,3.75,0.7523,0.1099
V_rms,3.75,0.8827,0.0767
V_rms,3.75,1.0019,0.0675
V_rms,3.75,1.1294,0.0448
V_rms,3.75,1.2596,0.0433
V_rms,3.75,1.3164,0.0454
V_rms,9.4,-1.2551,0.0621
V_rms,9.4,-0.9909,0.0667
V_rms,9.4,-0.7489,0.1193
V_rms,9.4,-0.4957,0.1241
V_rms,9.4,-0.2468,0.2111
V_rms,9.4,0.0051,0.1788
V_rms,9.4,0.2514,0.2049
V_rms,9.4,0.4963,0.1834
V_rms,9.4,0.7429,0.0876
V_rms,9.4,0.992,0.0474
V_rms,9.4,1.2411,0.0577
V_rms,9.4,1.3642,0.1011
