# Source: Sjunnesson et al. LDA/CARS data as plotted in Wu et al. 2017 (arXiv:1707.05805) Fig. 13, digitized from the vector PDF
# value = mean temperature [K]
quantity,x_over_D,y_over_D,value
T_mean,3.75,-0.8728,540.3163
T_mean,3.75,-0.7627,969.226
T_mean,3.75,-0.6505,1265.3324
T_mean,3.75,-0.5633,1469.6764
T_mean,3.75,-0.4988,1520.4576
T_mean,3.75,-0.4566,1584.8387
T_mean,3.75,-0.3599,1649.5472
T_mean,3.75,-0.2583,1682.238
T_mean,3.75,-0.122,1747.1834
T_mean,3.75,-0.0009,1676.9289
T_mean,3.75,0.1253,1645.6382
T_mean,3.75,0.2488,1561.6574
T_mean,3.75,0.3405,1587.4207
T_mean,3.75,0.4444,1585.7659
T_mean,3.75,0.4963,1544.8574
T_mean,3.75,0.5425,1258.8778
T_mean,3.75,0.6535,1094.6792
T_mean,3.75,0.7446,921.1897
T_mean,3.75,0.8674,583.0067
T_mean,8.75,-1.402,338.8646
T_mean,8.75,-1.2447,401.9728
T_mean,8.75,-1.1221,550.0444
T_mean,8.75,-1.0001,813.206
T_mean,8.75,-0.8851,1011.8584
T_mean,8.75,-0.7528,1185.294
T_mean,8.75,-0.6277,1301.1475
T_mean,8.75,-0.5196,1368.5652
T_mean,8.75,-0.3868,1413.1101
T_mean,8.75,-0.2614,1466.8367
T_mean,8.75,-0.1409,1520.5093
T_mean,8.75,-0.0134,1654.7992
T_mean,8.75,-0.0128,1519.0006
T_mean,8.75,0.1122,1671.6717
T_mean,8.75,0.2355,1640.2177
T_mean,8.75,0.3587,1611.036
T_mean,8.75,0.4729,1404.583
T_mean,8.75,0.6084,1384.6926
T_mean,8.75,0.7321,1258.857
T_mean,8.75,0.866,1052.5134
T_mean,8.75,0.9971,876.0964
T_mean,8.75,1.1114,653.516
T_mean,8.75,1.2451,502.4264
T_mean,8.75,1.3738,348.9917
T_mean,13.75,-1.2486,642.7383
T_mean,13.75,-1.1213,928.2267
T_mean,13.75,-0.9969,1128.3162
T_mean,13.75,-0.8778,1283.4598
T_mean,13.75,-0.7511,1440.8403
T_mean,13.75,-0.6349,1515.0946
T_mean,13.75,-0.514,1539.9127
T_mean,13.75,-0.3806,1600.6757
T_mean,13.75,-0.255,1571.5674
T_mean,13.75,-0.1392,1569.4028
T_mean,13.75,-0.0083,1605.4573
T_mean,13.75,-0.0011,1567.2579
T_mean,13.75,0.1199,1621.2756
T_mean,13.75,0.1222,1589.8216
T_mean,13.75,0.2378,1533.7312
T_mean,13.75,0.3587,1554.0396
T_mean,13.75,0.494,1509.2037
T_mean,13.75,0.6267,1426.1499
T_mean,13.75,0.7519,1334.1144
T_mean,13.75,0.8744,1192.6431
T_mean,13.75,0.9943,1026.4441
T_mean,13.75,1.1165,837.7547
T_mean,13.75,1.2484,613.1382
T_mean,13.75,1.3657,440.1944
