# Source: Sjunnesson et al. LDA/CARS data as plotted in Wu et al. 2017 (arXiv:1707.05805) Fig. 14, digitized from the vector PDF
# U_mean = U/Ubulk; VRMS_over_URMS = anisotropy; fluct_sqrt_Urms2_plus_Vrms2 = sqrt(Urms^2+Vrms^2)/Ubulk
# Fig. 14 caption says 'non-reacting' (typo); this is the reacting case (Sec. 4.2)
quantity,x_over_D,value
U_mean,0.0946,0.0481
U_mean,0.1967,-0.0109
U_mean,0.2983,-0.1054
U_mean,0.3918,-0.2248
U_mean,0.514,-0.2465
U_mean,0.6432,-0.3536
U_mean,0.7569,-0.425
U_mean,0.8707,-0.4929
U_mean,0.9845,-0.5609
U_mean,1.1339,-0.6218
U_mean,1.2602,-0.6364
U_mean,1.3859,-0.7008
U_mean,1.5048,-0.655
U_mean,1.6382,-0.7408
U_mean,1.7727,-0.7234
U_mean,1.8911,-0.7309
U_mean,2.1289,-0.6536
U_mean,2.2714,-0.6221
U_mean,2.3829,-0.5407
U_mean,2.5095,-0.5091
U_mean,2.7632,-0.4318
U_mean,3.025,-0.3261
U_mean,3.2711,-0.2132
U_mean,3.5254,-0.0648
U_mean,3.8,0.1173
U_mean,5.2961,0.7893
U_mean,5.811,0.9155
U_mean,6.3052,0.976
U_mean,6.8048,1.1521
U_mean,7.2959,1.2766
U_mean,7.7907,1.3797
U_mean,8.2982,1.5611
U_mean,8.7858,1.7424
U_mean,9.2733,1.8918
U_mean,9.7891,2.1051
VRMS_over_URMS,0.1097,1.385
VRMS_over_URMS,0.2006,0.938
VRMS_over_URMS,0.3041,0.8654
VRMS_over_URMS,0.3989,0.7497
VRMS_over_URMS,0.5065,0.8005
VRMS_over_URMS,0.6314,0.8239
VRMS_over_URMS,0.7564,0.7452
VRMS_over_URMS,0.8769,0.8373
VRMS_over_URMS,1.019,0.8528
VRMS_over_URMS,1.1222,0.8977
VRMS_over_URMS,1.2514,0.9564
VRMS_over_URMS,1.3763,1.0111
VRMS_over_URMS,1.5054,0.9385
VRMS_over_URMS,1.6344,1.1127
VRMS_over_URMS,1.7681,1.1106
VRMS_over_URMS,1.8886,1.1418
VRMS_over_URMS,2.1341,1.0945
VRMS_over_URMS,2.2545,1.2629
VRMS_over_URMS,2.3752,1.2294
VRMS_over_URMS,2.5043,1.2548
VRMS_over_URMS,2.7497,1.2545
VRMS_over_URMS,2.9994,1.3051
VRMS_over_URMS,3.2364,1.2304
VRMS_over_URMS,3.4863,1.2321
VRMS_over_URMS,3.749,1.1886
VRMS_over_URMS,3.792,1.3042
VRMS_over_URMS,5.2692,1.13
VRMS_over_URMS,5.7731,1.1216
VRMS_over_URMS,6.2729,1.0524
VRMS_over_URMS,6.7853,1.0008
VRMS_over_URMS,7.2807,1.0081
VRMS_over_URMS,7.7759,0.9683
VRMS_over_URMS,8.2712,0.9383
VRMS_over_URMS,8.775,0.9201
VRMS_over_URMS,9.2745,1.043
VRMS_over_URMS,9.774,1.0796
fluct_sqrt_Urms2_plus_Vrms2,0.0658,0.2829
fluct_sqrt_Urms2_plus_Vrms2,0.1643,0.2829
fluct_sqrt_Urms2_plus_Vrms2,0.2755,0.2907
fluct_sqrt_Urms2_plus_Vrms2,0.3397,0.29
fluct_sqrt_Urms2_plus_Vrms2,0.3957,0.2808
fluct_sqrt_Urms2_plus_Vrms2,0.503,0.27
fluct_sqrt_Urms2_plus_Vrms2,0.6221,0.301
fluct_sqrt_Urms2_plus_Vrms2,0.7375,0.3065
fluct_sqrt_Urms2_plus_Vrms2,0.8705,0.3027
fluct_sqrt_Urms2_plus_Vrms2,0.9899,0.3221
fluct_sqrt_Urms2_plus_Vrms2,1.1309,0.3361
fluct_sqrt_Urms2_plus_Vrms2,1.2548,0.3439
fluct_sqrt_Urms2_plus_Vrms2,1.3701,0.3594
fluct_sqrt_Urms2_plus_Vrms2,1.4897,0.3711
fluct_sqrt_Urms2_plus_Vrms2,1.6216,0.3998
fluct_sqrt_Urms2_plus_Vrms2,1.7413,0.4122
fluct_sqrt_Urms2_plus_Vrms2,1.8574,0.3945
fluct_sqrt_Urms2_plus_Vrms2,2.1092,0.4287
fluct_sqrt_Urms2_plus_Vrms2,2.2461,0.4325
fluct_sqrt_Urms2_plus_Vrms2,2.3791,0.4264
fluct_sqrt_Urms2_plus_Vrms2,2.5025,0.4513
fluct_sqrt_Urms2_plus_Vrms2,2.7595,0.4468
fluct_sqrt_Urms2_plus_Vrms2,3.0074,0.4686
fluct_sqrt_Urms2_plus_Vrms2,3.2598,0.4827
fluct_sqrt_Urms2_plus_Vrms2,3.5203,0.5145
fluct_sqrt_Urms2_plus_Vrms2,3.769,0.5008
fluct_sqrt_Urms2_plus_Vrms2,3.8283,0.5225
fluct_sqrt_Urms2_plus_Vrms2,5.2749,0.3974
fluct_sqrt_Urms2_plus_Vrms2,5.7717,0.39
fluct_sqrt_Urms2_plus_Vrms2,6.2816,0.3779
fluct_sqrt_Urms2_plus_Vrms2,6.7703,0.3651
fluct_sqrt_Urms2_plus_Vrms2,7.28,0.3623
fluct_sqrt_Urms2_plus_Vrms2,7.7814,0.3495
fluct_sqrt_Urms2_plus_Vrms2,8.291,0.3498
fluct_sqrt_Urms2_plus_Vrms2,8.7877,0.3501
fluct_sqrt_Urms2_plus_Vrms2,9.2932,0.3473
fluct_sqrt_Urms2_plus_Vrms2,9.7816,0.3422
