# Cantera 3.2.0 FreeFlame, mechanisms/gri30.yaml, phi = 1.4, unity-Lewis-number; x relative to the max of dT/dx
x,u,T,hrr
-4.792996e-03,1.048301e-01,3.000048e+02,2.097800e-05
-4.720740e-03,1.048304e-01,3.000057e+02,2.967556e-05
-4.648483e-03,1.048307e-01,3.000066e+02,3.837313e-05
-4.576227e-03,1.048310e-01,3.000076e+02,4.707070e-05
-4.503971e-03,1.048314e-01,3.000085e+02,5.576827e-05
-4.431715e-03,1.048317e-01,3.000094e+02,6.446584e-05
-4.359459e-03,1.048320e-01,3.000103e+02,7.316341e-05
-4.287202e-03,1.048328e-01,3.000124e+02,1.464683e-04
-4.214946e-03,1.048340e-01,3.000160e+02,2.921191e-04
-4.142690e-03,1.048353e-01,3.000195e+02,4.377700e-04
-4.070434e-03,1.048365e-01,3.000230e+02,5.834208e-04
-3.998178e-03,1.048378e-01,3.000266e+02,7.290716e-04
-3.925921e-03,1.048390e-01,3.000301e+02,8.747225e-04
-3.853665e-03,1.048403e-01,3.000337e+02,1.020373e-03
-3.781409e-03,1.048415e-01,3.000372e+02,1.166024e-03
-3.709153e-03,1.048428e-01,3.000408e+02,1.311675e-03
-3.636896e-03,1.048470e-01,3.000527e+02,3.180296e-03
-3.564640e-03,1.048519e-01,3.000665e+02,5.422087e-03
-3.492384e-03,1.048567e-01,3.000803e+02,7.663878e-03
-3.420128e-03,1.048616e-01,3.000941e+02,9.905669e-03
-3.347872e-03,1.048665e-01,3.001079e+02,1.214746e-02
-3.275615e-03,1.048713e-01,3.001217e+02,1.438925e-02
-3.203359e-03,1.048762e-01,3.001355e+02,1.663104e-02
-3.131103e-03,1.048811e-01,3.001493e+02,1.887283e-02
-3.058847e-03,1.048878e-01,3.001682e+02,2.388171e-02
-2.986590e-03,1.049032e-01,3.002120e+02,4.219266e-02
-2.914334e-03,1.049187e-01,3.002558e+02,6.050362e-02
-2.842078e-03,1.049341e-01,3.002995e+02,7.881457e-02
-2.769822e-03,1.049495e-01,3.003433e+02,9.712552e-02
-2.697566e-03,1.049839e-01,3.004406e+02,1.859976e-01
-2.625309e-03,1.050217e-01,3.005476e+02,2.875850e-01
-2.553053e-03,1.050595e-01,3.006547e+02,3.891725e-01
-2.480797e-03,1.050973e-01,3.007617e+02,4.907599e-01
-2.408541e-03,1.051564e-01,3.009292e+02,7.428121e-01
-2.336284e-03,1.052351e-01,3.011521e+02,1.132412e+00
-2.264028e-03,1.053341e-01,3.014327e+02,1.773584e+00
-2.191772e-03,1.054694e-01,3.018160e+02,2.862034e+00
-2.119516e-03,1.056239e-01,3.022535e+02,4.346943e+00
-2.047260e-03,1.058562e-01,3.029114e+02,7.442408e+00
-1.975003e-03,1.060928e-01,3.035816e+02,1.067326e+01
-1.902747e-03,1.064493e-01,3.045912e+02,1.762651e+01
-1.830491e-03,1.069262e-01,3.059418e+02,2.977351e+01
-1.758235e-03,1.075571e-01,3.077283e+02,5.074748e+01
-1.685978e-03,1.083894e-01,3.100847e+02,8.693513e+01
-1.613722e-03,1.094628e-01,3.131230e+02,1.465256e+02
-1.541466e-03,1.109194e-01,3.172450e+02,2.537659e+02
-1.469210e-03,1.128505e-01,3.227084e+02,4.402719e+02
-1.396954e-03,1.154249e-01,3.299877e+02,7.715938e+02
-1.324697e-03,1.187957e-01,3.395136e+02,1.344552e+03
-1.252441e-03,1.232048e-01,3.519637e+02,2.339507e+03
-1.180185e-03,1.288963e-01,3.680186e+02,4.054754e+03
-1.107929e-03,1.361157e-01,3.883560e+02,6.984078e+03
-1.035672e-03,1.450838e-01,4.135774e+02,1.192964e+04
-9.634163e-04,1.560663e-01,4.443991e+02,2.038479e+04
-8.911600e-04,1.692270e-01,4.812377e+02,3.490396e+04
-8.189038e-04,1.846752e-01,5.243442e+02,6.009927e+04
-7.466476e-04,2.024659e-01,5.738048e+02,1.045098e+05
-6.743914e-04,2.226306e-01,6.296231e+02,1.849747e+05
-6.021352e-04,2.451422e-01,6.916316e+02,3.337055e+05
-5.298789e-04,2.699818e-01,7.596702e+02,6.101569e+05
-4.576227e-04,2.971061e-01,8.335044e+02,1.116443e+06
-3.853665e-04,3.264631e-01,9.128684e+02,2.058614e+06
-3.131103e-04,3.580085e-01,9.975068e+02,3.940551e+06
-2.408541e-04,3.916489e-01,1.087039e+03,7.942821e+06
-1.685978e-04,4.272685e-01,1.181013e+03,1.672574e+07
-9.634163e-05,4.646561e-01,1.278716e+03,3.569760e+07
-2.408541e-05,5.034486e-01,1.379027e+03,7.456659e+07
4.817081e-05,5.429661e-01,1.480034e+03,1.462561e+08
1.204270e-04,5.820430e-01,1.578700e+03,2.590325e+08
1.926833e-04,6.189251e-01,1.670774e+03,4.013245e+08
2.649395e-04,6.514849e-01,1.751404e+03,5.279093e+08
3.371957e-04,6.779092e-01,1.816635e+03,5.736802e+08
4.094519e-04,6.975317e-01,1.865160e+03,5.140112e+08
4.817081e-04,7.110682e-01,1.898808e+03,3.928952e+08
5.539644e-04,7.199925e-01,1.921140e+03,2.699108e+08
6.262206e-04,7.257916e-01,1.935751e+03,1.753109e+08
6.984768e-04,7.295982e-01,1.945404e+03,1.120027e+08
7.707330e-04,7.321616e-01,1.951943e+03,7.226482e+07
8.429892e-04,7.339496e-01,1.956530e+03,4.771750e+07
9.152455e-04,7.352378e-01,1.959852e+03,3.248425e+07
9.875017e-04,7.361952e-01,1.962333e+03,2.284974e+07
1.059758e-03,7.369300e-01,1.964247e+03,1.656791e+07
1.132014e-03,7.375091e-01,1.965761e+03,1.234735e+07
1.204270e-03,7.379748e-01,1.966985e+03,9.441447e+06
1.276527e-03,7.383546e-01,1.967987e+03,7.403535e+06
1.348783e-03,7.386732e-01,1.968831e+03,5.907900e+06
1.421039e-03,7.389431e-01,1.969548e+03,4.797485e+06
1.493295e-03,7.391732e-01,1.970162e+03,3.964779e+06
1.565551e-03,7.393728e-01,1.970696e+03,3.320426e+06
1.637808e-03,7.395477e-01,1.971166e+03,2.814075e+06
1.710064e-03,7.397021e-01,1.971582e+03,2.410626e+06
1.782320e-03,7.398388e-01,1.971951e+03,2.087132e+06
1.854576e-03,7.399616e-01,1.972284e+03,1.820950e+06
1.926833e-03,7.400720e-01,1.972583e+03,1.602053e+06
1.999089e-03,7.401715e-01,1.972854e+03,1.420888e+06
2.071345e-03,7.402623e-01,1.973102e+03,1.267816e+06
2.143601e-03,7.403454e-01,1.973329e+03,1.137515e+06
2.215857e-03,7.404217e-01,1.973539e+03,1.025822e+06
2.288114e-03,7.404921e-01,1.973732e+03,9.294606e+05
2.360370e-03,7.405571e-01,1.973911e+03,8.458226e+05
2.432626e-03,7.406175e-01,1.974078e+03,7.728204e+05
2.504882e-03,7.406737e-01,1.974233e+03,7.087680e+05
2.577139e-03,7.407260e-01,1.974378e+03,6.522942e+05
2.649395e-03,7.407749e-01,1.974514e+03,6.022748e+05
2.721651e-03,7.408204e-01,1.974640e+03,5.581715e+05
2.793907e-03,7.408621e-01,1.974756e+03,5.204895e+05
2.866163e-03,7.409037e-01,1.974872e+03,4.828075e+05
2.938420e-03,7.409404e-01,1.974975e+03,4.526680e+05
3.010676e-03,7.409771e-01,1.975077e+03,4.225334e+05
3.082932e-03,7.410104e-01,1.975171e+03,3.971467e+05
3.155188e-03,7.410430e-01,1.975262e+03,3.726853e+05
3.227444e-03,7.410733e-01,1.975347e+03,3.511502e+05
3.299701e-03,7.411024e-01,1.975429e+03,3.310277e+05
3.371957e-03,7.411301e-01,1.975507e+03,3.126319e+05
3.444213e-03,7.411563e-01,1.975581e+03,2.958818e+05
3.516469e-03,7.411817e-01,1.975652e+03,2.800614e+05
3.588726e-03,7.412054e-01,1.975719e+03,2.659710e+05
3.660982e-03,7.412287e-01,1.975785e+03,2.522783e+05
3.733238e-03,7.412502e-01,1.975846e+03,2.403132e+05
3.805494e-03,7.412717e-01,1.975907e+03,2.283906e+05
3.877750e-03,7.412913e-01,1.975963e+03,2.181443e+05
3.950007e-03,7.413110e-01,1.976019e+03,2.078981e+05
4.022263e-03,7.413291e-01,1.976070e+03,1.988638e+05
4.094519e-03,7.413471e-01,1.976121e+03,1.900231e+05
4.166775e-03,7.413640e-01,1.976170e+03,1.819951e+05
4.239032e-03,7.413805e-01,1.976217e+03,1.743157e+05
4.311288e-03,7.413963e-01,1.976262e+03,1.671568e+05
4.383544e-03,7.414114e-01,1.976305e+03,1.604460e+05
4.455800e-03,7.414259e-01,1.976346e+03,1.541803e+05
4.528056e-03,7.414393e-01,1.976385e+03,1.486568e+05
4.600313e-03,7.414527e-01,1.976423e+03,1.431333e+05
4.672569e-03,7.414661e-01,1.976461e+03,1.376097e+05
4.744825e-03,7.414793e-01,1.976499e+03,1.321427e+05
4.817081e-03,7.414909e-01,1.976532e+03,1.277496e+05
4.889338e-03,7.415025e-01,1.976566e+03,1.233565e+05
4.961594e-03,7.415141e-01,1.976599e+03,1.189634e+05
5.033850e-03,7.415257e-01,1.976632e+03,1.145703e+05
5.106106e-03,7.415362e-01,1.976662e+03,1.107861e+05
5.178362e-03,7.415463e-01,1.976692e+03,1.072327e+05
5.250619e-03,7.415564e-01,1.976721e+03,1.036793e+05
5.322875e-03,7.415665e-01,1.976750e+03,1.001259e+05
5.395131e-03,7.415762e-01,1.976777e+03,9.682756e+04
5.467387e-03,7.415850e-01,1.976803e+03,9.391133e+04
5.539644e-03,7.415939e-01,1.976829e+03,9.099509e+04
5.611900e-03,7.416028e-01,1.976854e+03,8.807886e+04
5.684156e-03,7.416116e-01,1.976880e+03,8.519974e+04
5.756412e-03,7.416195e-01,1.976902e+03,8.277608e+04
5.828668e-03,7.416273e-01,1.976925e+03,8.035242e+04
5.900925e-03,7.416352e-01,1.976948e+03,7.792876e+04
5.973181e-03,7.416430e-01,1.976970e+03,7.550510e+04
6.045437e-03,7.416502e-01,1.976991e+03,7.337197e+04
6.117693e-03,7.416572e-01,1.977011e+03,7.133543e+04
6.189950e-03,7.416641e-01,1.977032e+03,6.929890e+04
6.262206e-03,7.416711e-01,1.977052e+03,6.726236e+04
6.334462e-03,7.416778e-01,1.977071e+03,6.535721e+04
6.406718e-03,7.416840e-01,1.977089e+03,6.362938e+04
6.478974e-03,7.416902e-01,1.977107e+03,6.190155e+04
6.551231e-03,7.416964e-01,1.977125e+03,6.017372e+04
6.623487e-03,7.417026e-01,1.977143e+03,5.847101e+04
6.695743e-03,7.417082e-01,1.977159e+03,5.699257e+04
6.767999e-03,7.417137e-01,1.977175e+03,5.551413e+04
6.840255e-03,7.417193e-01,1.977191e+03,5.403570e+04
6.912512e-03,7.417249e-01,1.977207e+03,5.255726e+04
6.984768e-03,7.417300e-01,1.977222e+03,5.123696e+04
7.057024e-03,7.417350e-01,1.977237e+03,4.996235e+04
7.129280e-03,7.417400e-01,1.977251e+03,4.868774e+04
7.201537e-03,7.417450e-01,1.977266e+03,4.741313e+04
7.273793e-03,7.417498e-01,1.977280e+03,4.621443e+04
7.346049e-03,7.417543e-01,1.977293e+03,4.510817e+04
7.418305e-03,7.417589e-01,1.977306e+03,4.400190e+04
7.490561e-03,7.417634e-01,1.977319e+03,4.289563e+04
7.562818e-03,7.417678e-01,1.977332e+03,4.180706e+04
7.635074e-03,7.417719e-01,1.977344e+03,4.084116e+04
7.707330e-03,7.417760e-01,1.977356e+03,3.987526e+04
7.779586e-03,7.417801e-01,1.977368e+03,3.890935e+04
7.851843e-03,7.417841e-01,1.977380e+03,3.794345e+04
7.924099e-03,7.417879e-01,1.977391e+03,3.707213e+04
7.996355e-03,7.417916e-01,1.977401e+03,3.622429e+04
8.068611e-03,7.417953e-01,1.977412e+03,3.537644e+04
8.140867e-03,7.417990e-01,1.977423e+03,3.452860e+04
8.213124e-03,7.418025e-01,1.977433e+03,3.372842e+04
8.285380e-03,7.418059e-01,1.977443e+03,3.298068e+04
8.357636e-03,7.418093e-01,1.977453e+03,3.223294e+04
8.429892e-03,7.418126e-01,1.977462e+03,3.148519e+04
8.502149e-03,7.418159e-01,1.977472e+03,3.075039e+04
8.574405e-03,7.418190e-01,1.977481e+03,3.008817e+04
8.646661e-03,7.418220e-01,1.977490e+03,2.942594e+04
8.718917e-03,7.418251e-01,1.977499e+03,2.876372e+04
8.791173e-03,7.418281e-01,1.977508e+03,2.810150e+04
8.863430e-03,7.418310e-01,1.977516e+03,2.750010e+04
8.935686e-03,7.418337e-01,1.977524e+03,2.691149e+04
9.007942e-03,7.418365e-01,1.977532e+03,2.632287e+04
9.080198e-03,7.418393e-01,1.977540e+03,2.573425e+04
9.152455e-03,7.418420e-01,1.977548e+03,2.517764e+04
9.224711e-03,7.418445e-01,1.977555e+03,2.465284e+04
9.296967e-03,7.418470e-01,1.977563e+03,2.412803e+04
9.369223e-03,7.418496e-01,1.977570e+03,2.360323e+04
9.441479e-03,7.418521e-01,1.977577e+03,2.308829e+04
9.513736e-03,7.418544e-01,1.977584e+03,2.261925e+04
9.585992e-03,7.418567e-01,1.977591e+03,2.215022e+04
