# Cantera 3.2.0 FreeFlame, mechanisms/gri30.yaml, phi = 0.6, mixture-averaged; x relative to the max of dT/dx
x,u,T,hrr
-3.842653e-03,1.143611e-01,3.000012e+02,7.652553e-06
-3.784723e-03,1.143615e-01,3.000015e+02,8.198618e-06
-3.726794e-03,1.143619e-01,3.000018e+02,8.744683e-06
-3.668864e-03,1.143623e-01,3.000021e+02,9.290748e-06
-3.610935e-03,1.143626e-01,3.000024e+02,9.836813e-06
-3.553005e-03,1.143630e-01,3.000027e+02,1.038288e-05
-3.495076e-03,1.143636e-01,3.000034e+02,1.296841e-05
-3.437147e-03,1.143643e-01,3.000041e+02,1.600676e-05
-3.379217e-03,1.143650e-01,3.000049e+02,1.904510e-05
-3.321288e-03,1.143657e-01,3.000057e+02,2.208345e-05
-3.263358e-03,1.143664e-01,3.000065e+02,2.512179e-05
-3.205429e-03,1.143673e-01,3.000076e+02,3.214306e-05
-3.147499e-03,1.143684e-01,3.000093e+02,4.457905e-05
-3.089570e-03,1.143696e-01,3.000110e+02,5.701504e-05
-3.031640e-03,1.143712e-01,3.000137e+02,8.827282e-05
-2.973711e-03,1.143730e-01,3.000168e+02,1.266136e-04
-2.915782e-03,1.143749e-01,3.000199e+02,1.674486e-04
-2.857852e-03,1.143778e-01,3.000254e+02,2.908349e-04
-2.799923e-03,1.143806e-01,3.000308e+02,4.142212e-04
-2.741993e-03,1.143841e-01,3.000378e+02,6.320065e-04
-2.684064e-03,1.143889e-01,3.000476e+02,1.039659e-03
-2.626134e-03,1.143936e-01,3.000574e+02,1.447311e-03
-2.568205e-03,1.144004e-01,3.000722e+02,2.464324e-03
-2.510276e-03,1.144083e-01,3.000898e+02,3.831852e-03
-2.452346e-03,1.144163e-01,3.001075e+02,5.199381e-03
-2.394417e-03,1.144295e-01,3.001382e+02,9.620741e-03
-2.336487e-03,1.144431e-01,3.001698e+02,1.424539e-02
-2.278558e-03,1.144591e-01,3.002075e+02,2.152611e-02
-2.220628e-03,1.144827e-01,3.002642e+02,3.720211e-02
-2.162699e-03,1.145063e-01,3.003209e+02,5.287810e-02
-2.104769e-03,1.145370e-01,3.003959e+02,8.156016e-02
-2.046840e-03,1.145766e-01,3.004933e+02,1.286320e-01
-1.988911e-03,1.146275e-01,3.006195e+02,2.065536e-01
-1.930981e-03,1.146948e-01,3.007880e+02,3.492361e-01
-1.873052e-03,1.147785e-01,3.009988e+02,5.799838e-01
-1.815122e-03,1.148815e-01,3.012590e+02,9.335359e-01
-1.757193e-03,1.150165e-01,3.016018e+02,1.548870e+00
-1.699263e-03,1.151933e-01,3.020525e+02,2.656848e+00
-1.641334e-03,1.154132e-01,3.026146e+02,4.443098e+00
-1.583405e-03,1.156807e-01,3.032996e+02,7.078038e+00
-1.525475e-03,1.160434e-01,3.042312e+02,1.201551e+01
-1.467546e-03,1.165084e-01,3.054279e+02,2.029316e+01
-1.409616e-03,1.171207e-01,3.070060e+02,3.495038e+01
-1.351687e-03,1.179004e-01,3.090180e+02,5.928099e+01
-1.293757e-03,1.189271e-01,3.116706e+02,1.025920e+02
-1.235828e-03,1.202231e-01,3.150216e+02,1.733383e+02
-1.177899e-03,1.219252e-01,3.194252e+02,2.991292e+02
-1.119969e-03,1.240490e-01,3.249222e+02,5.003850e+02
-1.062040e-03,1.267806e-01,3.319949e+02,8.446930e+02
-1.004110e-03,1.302637e-01,3.410152e+02,1.429361e+03
-9.461808e-04,1.346637e-01,3.524106e+02,2.416586e+03
-8.882513e-04,1.401617e-01,3.666489e+02,4.085284e+03
-8.303219e-04,1.469465e-01,3.842165e+02,6.930246e+03
-7.723925e-04,1.551982e-01,4.055758e+02,1.186542e+04
-7.144630e-04,1.651259e-01,4.312638e+02,2.080546e+04
-6.565336e-04,1.768798e-01,4.616629e+02,3.763154e+04
-5.986042e-04,1.905734e-01,4.970607e+02,7.070832e+04
-5.406747e-04,2.062809e-01,5.376425e+02,1.386988e+05
-4.827453e-04,2.240387e-01,5.834968e+02,2.855223e+05
-4.248159e-04,2.438531e-01,6.346375e+02,6.186459e+05
-3.668864e-04,2.657166e-01,6.910448e+02,1.383034e+06
-3.089570e-04,2.895750e-01,7.525825e+02,3.037195e+06
-2.510276e-04,3.153517e-01,8.190607e+02,6.333195e+06
-1.930981e-04,3.429374e-01,8.902101e+02,1.260336e+07
-1.351687e-04,3.721717e-01,9.656352e+02,2.459539e+07
-7.723925e-05,4.028001e-01,1.044702e+03,4.806910e+07
-1.930981e-05,4.343939e-01,1.126337e+03,9.374742e+07
3.861962e-05,4.662172e-01,1.208683e+03,1.772590e+08
9.654906e-05,4.970488e-01,1.288656e+03,3.092378e+08
1.544785e-04,5.251235e-01,1.361794e+03,4.656663e+08
2.124079e-04,5.485165e-01,1.423207e+03,5.598831e+08
2.703374e-04,5.661351e-01,1.470069e+03,5.112466e+08
3.282668e-04,5.784907e-01,1.503603e+03,3.673527e+08
3.861962e-04,5.871441e-01,1.527685e+03,2.353351e+08
4.441257e-04,5.935742e-01,1.545987e+03,1.551997e+08
5.020551e-04,5.986994e-01,1.560782e+03,1.132901e+08
5.599845e-04,6.029811e-01,1.573218e+03,9.045430e+07
6.179140e-04,6.066484e-01,1.583882e+03,7.590541e+07
6.758434e-04,6.098248e-01,1.593106e+03,6.508589e+07
7.337728e-04,6.125911e-01,1.601120e+03,5.627301e+07
7.917023e-04,6.150081e-01,1.608104e+03,4.881281e+07
8.496317e-04,6.171248e-01,1.614205e+03,4.241692e+07
9.075612e-04,6.189812e-01,1.619543e+03,3.692019e+07
9.654906e-04,6.206153e-01,1.624231e+03,3.218747e+07
1.023420e-03,6.220568e-01,1.628360e+03,2.811487e+07
1.081349e-03,6.233315e-01,1.632005e+03,2.460932e+07
1.139279e-03,6.244612e-01,1.635232e+03,2.158962e+07
1.197208e-03,6.254647e-01,1.638095e+03,1.898543e+07
1.255138e-03,6.263582e-01,1.640642e+03,1.673633e+07
1.313067e-03,6.271554e-01,1.642914e+03,1.479091e+07
1.370997e-03,6.278660e-01,1.644938e+03,1.311025e+07
1.428926e-03,6.285049e-01,1.646757e+03,1.164478e+07
1.486856e-03,6.290800e-01,1.648394e+03,1.036760e+07
1.544785e-03,6.295986e-01,1.649870e+03,9.252449e+06
1.602714e-03,6.300668e-01,1.651202e+03,8.278156e+06
1.660644e-03,6.304914e-01,1.652411e+03,7.421937e+06
1.718573e-03,6.308758e-01,1.653505e+03,6.671992e+06
1.776503e-03,6.312263e-01,1.654503e+03,6.008789e+06
1.834432e-03,6.315445e-01,1.655410e+03,5.426407e+06
1.892362e-03,6.318361e-01,1.656240e+03,4.908279e+06
1.950291e-03,6.321015e-01,1.656997e+03,4.452143e+06
2.008220e-03,6.323458e-01,1.657693e+03,4.044087e+06
2.066150e-03,6.325687e-01,1.658329e+03,3.684308e+06
2.124079e-03,6.327709e-01,1.658906e+03,3.367629e+06
2.182009e-03,6.329608e-01,1.659447e+03,3.076900e+06
2.239938e-03,6.331375e-01,1.659952e+03,2.813820e+06
2.297868e-03,6.332970e-01,1.660407e+03,2.585730e+06
2.355797e-03,6.334460e-01,1.660833e+03,2.377888e+06
2.413726e-03,6.335857e-01,1.661232e+03,2.188211e+06
2.471656e-03,6.337160e-01,1.661605e+03,2.015859e+06
2.529585e-03,6.338347e-01,1.661944e+03,1.864740e+06
2.587515e-03,6.339464e-01,1.662264e+03,1.725837e+06
2.645444e-03,6.340514e-01,1.662565e+03,1.598335e+06
2.703374e-03,6.341496e-01,1.662846e+03,1.482384e+06
2.761303e-03,6.342400e-01,1.663104e+03,1.379201e+06
2.819233e-03,6.343253e-01,1.663349e+03,1.283889e+06
2.877162e-03,6.344059e-01,1.663580e+03,1.195956e+06
2.935091e-03,6.344813e-01,1.663796e+03,1.115961e+06
2.993021e-03,6.345513e-01,1.663997e+03,1.044010e+06
3.050950e-03,6.346162e-01,1.664183e+03,9.789796e+05
3.108880e-03,6.346771e-01,1.664358e+03,9.190542e+05
3.166809e-03,6.347381e-01,1.664533e+03,8.591288e+05
3.224739e-03,6.347919e-01,1.664687e+03,8.090919e+05
3.282668e-03,6.348443e-01,1.664838e+03,7.609849e+05
3.340597e-03,6.348957e-01,1.664986e+03,7.141399e+05
3.398527e-03,6.349410e-01,1.665116e+03,6.750822e+05
3.456456e-03,6.349864e-01,1.665246e+03,6.360245e+05
3.514386e-03,6.350291e-01,1.665369e+03,6.000906e+05
3.572315e-03,6.350685e-01,1.665482e+03,5.680972e+05
3.630245e-03,6.351080e-01,1.665596e+03,5.361038e+05
3.688174e-03,6.351437e-01,1.665699e+03,5.082616e+05
3.746103e-03,6.351783e-01,1.665798e+03,4.818407e+05
3.804033e-03,6.352126e-01,1.665897e+03,4.556313e+05
3.861962e-03,6.352430e-01,1.665984e+03,4.336452e+05
3.919892e-03,6.352733e-01,1.666072e+03,4.116591e+05
3.977821e-03,6.353025e-01,1.666156e+03,3.909203e+05
4.035751e-03,6.353293e-01,1.666233e+03,3.724930e+05
4.093680e-03,6.353562e-01,1.666310e+03,3.540657e+05
4.151610e-03,6.353810e-01,1.666382e+03,3.375184e+05
4.209539e-03,6.354049e-01,1.666451e+03,3.219693e+05
4.267468e-03,6.354287e-01,1.666519e+03,3.064202e+05
4.325398e-03,6.354501e-01,1.666581e+03,2.931128e+05
4.383327e-03,6.354714e-01,1.666642e+03,2.799088e+05
4.441257e-03,6.354920e-01,1.666702e+03,2.672026e+05
4.499186e-03,6.355110e-01,1.666757e+03,2.559227e+05
4.557116e-03,6.355301e-01,1.666812e+03,2.446429e+05
4.615045e-03,6.355480e-01,1.666863e+03,2.342555e+05
4.672974e-03,6.355651e-01,1.666913e+03,2.245651e+05
4.730904e-03,6.355822e-01,1.666962e+03,2.148748e+05
4.788833e-03,6.355978e-01,1.667007e+03,2.063264e+05
4.846763e-03,6.356132e-01,1.667051e+03,1.979574e+05
4.904692e-03,6.356283e-01,1.667095e+03,1.897730e+05
4.962622e-03,6.356422e-01,1.667135e+03,1.825093e+05
5.020551e-03,6.356561e-01,1.667175e+03,1.752455e+05
5.078481e-03,6.356694e-01,1.667213e+03,1.684185e+05
5.136410e-03,6.356820e-01,1.667250e+03,1.620846e+05
5.194339e-03,6.356946e-01,1.667286e+03,1.557507e+05
5.252269e-03,6.357063e-01,1.667320e+03,1.500245e+05
5.310198e-03,6.357177e-01,1.667353e+03,1.444773e+05
5.368128e-03,6.357291e-01,1.667386e+03,1.389804e+05
5.426057e-03,6.357395e-01,1.667416e+03,1.341024e+05
5.483987e-03,6.357499e-01,1.667446e+03,1.292244e+05
5.541916e-03,6.357599e-01,1.667475e+03,1.245628e+05
5.599845e-03,6.357694e-01,1.667502e+03,1.202571e+05
5.657775e-03,6.357789e-01,1.667530e+03,1.159514e+05
5.715704e-03,6.357878e-01,1.667555e+03,1.119808e+05
5.773634e-03,6.357965e-01,1.667580e+03,1.081672e+05
5.831563e-03,6.358051e-01,1.667605e+03,1.043536e+05
5.889493e-03,6.358130e-01,1.667628e+03,1.009588e+05
5.947422e-03,6.358209e-01,1.667651e+03,9.757106e+04
6.005351e-03,6.358287e-01,1.667673e+03,9.429041e+04
6.063281e-03,6.358359e-01,1.667694e+03,9.127689e+04
6.121210e-03,6.358431e-01,1.667715e+03,8.826338e+04
6.179140e-03,6.358498e-01,1.667735e+03,8.552337e+04
6.237069e-03,6.358561e-01,1.667753e+03,8.297423e+04
6.294999e-03,6.358624e-01,1.667771e+03,8.042508e+04
6.352928e-03,6.358688e-01,1.667789e+03,7.787594e+04
6.410858e-03,6.358751e-01,1.667808e+03,7.532679e+04
6.468787e-03,6.358812e-01,1.667825e+03,7.287033e+04
6.526716e-03,6.358866e-01,1.667841e+03,7.079769e+04
6.584646e-03,6.358919e-01,1.667856e+03,6.872505e+04
6.642575e-03,6.358973e-01,1.667872e+03,6.665241e+04
6.700505e-03,6.359027e-01,1.667887e+03,6.457977e+04
6.758434e-03,6.359081e-01,1.667903e+03,6.250713e+04
6.816364e-03,6.359128e-01,1.667917e+03,6.072970e+04
6.874293e-03,6.359174e-01,1.667930e+03,5.902606e+04
6.932222e-03,6.359221e-01,1.667943e+03,5.732242e+04
6.990152e-03,6.359267e-01,1.667957e+03,5.561878e+04
7.048081e-03,6.359313e-01,1.667970e+03,5.391514e+04
7.106011e-03,6.359356e-01,1.667983e+03,5.232961e+04
7.163940e-03,6.359396e-01,1.667994e+03,5.091722e+04
7.221870e-03,6.359435e-01,1.668006e+03,4.950484e+04
7.279799e-03,6.359475e-01,1.668017e+03,4.809245e+04
7.337728e-03,6.359515e-01,1.668029e+03,4.668006e+04
7.395658e-03,6.359554e-01,1.668040e+03,4.527023e+04
7.453587e-03,6.359588e-01,1.668050e+03,4.409046e+04
7.511517e-03,6.359622e-01,1.668060e+03,4.291068e+04
7.569446e-03,6.359657e-01,1.668070e+03,4.173090e+04
7.627376e-03,6.359691e-01,1.668080e+03,4.055113e+04
7.685305e-03,6.359725e-01,1.668089e+03,3.937135e+04
