# Cantera 3.2.0 FreeFlame, T_u = 300.0 K, p = 101325.0 Pa, air O2:N2 = 1:3.76
fuel,phi,transport,S_L,T_b,delta_T,points
h2,0.6,mix,0.80749838,1833.6581,3.59842965e-04,470
h2,0.8,mix,1.65670784,2166.4788,3.24920183e-04,481
h2,1.0,mix,2.33170497,2379.4293,3.29105307e-04,496
h2,1.2,mix,2.78060241,2357.6679,3.17341837e-04,534
h2,1.4,mix,3.03412639,2272.5087,3.06945953e-04,544
h2,0.6,unity,0.95748240,1843.5192,2.71033388e-04,457
h2,0.8,unity,1.37160326,2174.4827,2.76541737e-04,457
h2,1.0,unity,1.64309496,2385.0980,2.93902592e-04,452
h2,1.2,unity,1.80133821,2363.5924,2.94177521e-04,470
h2,1.4,unity,1.87125613,2279.9936,2.94575583e-04,475
ch4,0.6,mix,0.11435707,1668.4602,9.60663137e-04,532
ch4,0.8,mix,0.27105568,2002.6143,5.25178192e-04,566
ch4,1.0,mix,0.37575880,2230.4518,4.37274417e-04,593
ch4,1.2,mix,0.33253237,2136.2980,4.63152109e-04,584
ch4,1.4,mix,0.13882697,1978.8029,9.97517007e-04,559
ch4,0.6,unity,0.11768196,1668.6685,8.85121996e-04,451
ch4,0.8,unity,0.24598547,2002.4895,5.22369418e-04,505
ch4,1.0,unity,0.28649684,2229.9383,4.99552102e-04,540
ch4,1.2,unity,0.21324080,2135.4989,6.26659592e-04,517
ch4,1.4,unity,0.10482838,1977.9517,1.19824898e-03,490
