# Cantera 3.2.0 FreeFlame, mechanisms/h2o2.yaml, phi = 0.8, unity-Lewis-number; x relative to the max of dT/dx
x,u,T,hrr
-1.106167e-03,1.371603e+00,3.000001e+02,1.860502e-03
-1.089491e-03,1.371604e+00,3.000001e+02,1.930272e-03
-1.072815e-03,1.371604e+00,3.000001e+02,2.000042e-03
-1.056139e-03,1.371604e+00,3.000001e+02,2.069813e-03
-1.039463e-03,1.371604e+00,3.000001e+02,2.139583e-03
-1.022788e-03,1.371604e+00,3.000001e+02,2.209354e-03
-1.006112e-03,1.371604e+00,3.000001e+02,2.583753e-03
-9.894358e-04,1.371604e+00,3.000001e+02,3.559509e-03
-9.727599e-04,1.371604e+00,3.000001e+02,4.535265e-03
-9.560840e-04,1.371604e+00,3.000002e+02,5.511022e-03
-9.394081e-04,1.371604e+00,3.000002e+02,6.486778e-03
-9.227322e-04,1.371604e+00,3.000002e+02,7.462534e-03
-9.060563e-04,1.371604e+00,3.000002e+02,8.438290e-03
-8.893805e-04,1.371604e+00,3.000003e+02,9.414046e-03
-8.727046e-04,1.371605e+00,3.000003e+02,1.038980e-02
-8.560287e-04,1.371605e+00,3.000003e+02,1.136556e-02
-8.393528e-04,1.371605e+00,3.000003e+02,1.234131e-02
-8.226769e-04,1.371605e+00,3.000004e+02,1.331707e-02
-8.060010e-04,1.371605e+00,3.000004e+02,1.429283e-02
-7.893252e-04,1.371605e+00,3.000004e+02,1.526858e-02
-7.726493e-04,1.371605e+00,3.000004e+02,1.624434e-02
-7.559734e-04,1.371606e+00,3.000005e+02,1.986765e-02
-7.392975e-04,1.371606e+00,3.000007e+02,2.852794e-02
-7.226216e-04,1.371607e+00,3.000009e+02,3.718823e-02
-7.059457e-04,1.371608e+00,3.000011e+02,4.584851e-02
-6.892699e-04,1.371609e+00,3.000012e+02,5.450880e-02
-6.725940e-04,1.371610e+00,3.000014e+02,6.316908e-02
-6.559181e-04,1.371610e+00,3.000016e+02,7.182937e-02
-6.392422e-04,1.371611e+00,3.000018e+02,8.048965e-02
-6.225663e-04,1.371615e+00,3.000026e+02,1.444122e-01
-6.058904e-04,1.371619e+00,3.000035e+02,2.181883e-01
-5.892146e-04,1.371623e+00,3.000044e+02,2.919644e-01
-5.725387e-04,1.371627e+00,3.000053e+02,3.657406e-01
-5.558628e-04,1.371631e+00,3.000063e+02,4.395167e-01
-5.391869e-04,1.371635e+00,3.000072e+02,5.132928e-01
-5.225110e-04,1.371640e+00,3.000081e+02,5.870689e-01
-5.058351e-04,1.371648e+00,3.000100e+02,8.747187e-01
-4.891593e-04,1.371665e+00,3.000136e+02,1.554675e+00
-4.724834e-04,1.371681e+00,3.000173e+02,2.234632e+00
-4.558075e-04,1.371697e+00,3.000210e+02,2.914589e+00
-4.391316e-04,1.371734e+00,3.000291e+02,5.755948e+00
-4.224557e-04,1.371784e+00,3.000402e+02,1.000909e+01
-4.057798e-04,1.371833e+00,3.000513e+02,1.426224e+01
-3.891040e-04,1.371883e+00,3.000623e+02,1.851539e+01
-3.724281e-04,1.371997e+00,3.000877e+02,3.732830e+01
-3.557522e-04,1.372122e+00,3.001155e+02,5.857133e+01
-3.390763e-04,1.372369e+00,3.001707e+02,1.266909e+02
-3.224004e-04,1.372647e+00,3.002325e+02,2.131779e+02
-3.057245e-04,1.373148e+00,3.003441e+02,4.431217e+02
-2.890486e-04,1.373737e+00,3.004755e+02,7.633260e+02
-2.723728e-04,1.374747e+00,3.007004e+02,1.562383e+03
-2.556969e-04,1.376304e+00,3.010475e+02,3.259511e+03
-2.390210e-04,1.378703e+00,3.015821e+02,6.907688e+03
-2.223451e-04,1.382232e+00,3.023685e+02,1.412240e+04
-2.056692e-04,1.388152e+00,3.036879e+02,3.241652e+04
-1.889933e-04,1.397550e+00,3.057830e+02,7.568431e+04
-1.723175e-04,1.412867e+00,3.091988e+02,1.861288e+05
-1.556416e-04,1.437821e+00,3.147670e+02,4.798387e+05
-1.389657e-04,1.477974e+00,3.237348e+02,1.289438e+06
-1.222898e-04,1.542292e+00,3.381206e+02,3.711171e+06
-1.056139e-04,1.642487e+00,3.605835e+02,1.173710e+07
-8.893805e-05,1.793537e+00,3.945687e+02,4.418540e+07
-7.226216e-05,2.011568e+00,4.438851e+02,1.942503e+08
-5.558628e-05,2.308374e+00,5.115190e+02,7.808433e+08
-3.891040e-05,2.684175e+00,5.979925e+02,2.321744e+09
-2.223451e-05,3.121495e+00,6.998441e+02,4.822807e+09
-5.558628e-06,3.589927e+00,8.104908e+02,7.510838e+09
1.111726e-05,4.059922e+00,9.232300e+02,9.820809e+09
2.779314e-05,4.509142e+00,1.032693e+03,1.159145e+10
4.446902e-05,4.922007e+00,1.134858e+03,1.270953e+10
6.114491e-05,5.289011e+00,1.227035e+03,1.304881e+10
7.782079e-05,5.606549e+00,1.307932e+03,1.258810e+10
9.449667e-05,5.876015e+00,1.377519e+03,1.150273e+10
1.111726e-04,6.102476e+00,1.436750e+03,1.009699e+10
1.278484e-04,6.292764e+00,1.487102e+03,8.656910e+09
1.445243e-04,6.453792e+00,1.530156e+03,7.360224e+09
1.612002e-04,6.591641e+00,1.567346e+03,6.273108e+09
1.778761e-04,6.711212e+00,1.599851e+03,5.392023e+09
1.945520e-04,6.816049e+00,1.628539e+03,4.687022e+09
2.112279e-04,6.909159e+00,1.654158e+03,4.119102e+09
2.279037e-04,6.992515e+00,1.677205e+03,3.657761e+09
2.445796e-04,7.067796e+00,1.698107e+03,3.277112e+09
2.612555e-04,7.136200e+00,1.717170e+03,2.958952e+09
2.779314e-04,7.198810e+00,1.734678e+03,2.689530e+09
2.946073e-04,7.256375e+00,1.750825e+03,2.459040e+09
3.112832e-04,7.309591e+00,1.765794e+03,2.259538e+09
3.279590e-04,7.358968e+00,1.779719e+03,2.085445e+09
3.446349e-04,7.404937e+00,1.792715e+03,1.932436e+09
3.613108e-04,7.447857e+00,1.804876e+03,1.797109e+09
3.779867e-04,7.488033e+00,1.816283e+03,1.676750e+09
3.946626e-04,7.525712e+00,1.827003e+03,1.569235e+09
4.113385e-04,7.561039e+00,1.837073e+03,1.472826e+09
4.280143e-04,7.594406e+00,1.846600e+03,1.385785e+09
4.446902e-04,7.625983e+00,1.855631e+03,1.306798e+09
4.613661e-04,7.655919e+00,1.864206e+03,1.234831e+09
4.780420e-04,7.684346e+00,1.872361e+03,1.169033e+09
4.947179e-04,7.711382e+00,1.880127e+03,1.108688e+09
5.113938e-04,7.737131e+00,1.887533e+03,1.053184e+09
5.280696e-04,7.761686e+00,1.894605e+03,1.001998e+09
5.447455e-04,7.785130e+00,1.901366e+03,9.546769e+08
5.614214e-04,7.807540e+00,1.907835e+03,9.108302e+08
5.780973e-04,7.828982e+00,1.914031e+03,8.701168e+08
5.947732e-04,7.849516e+00,1.919972e+03,8.322400e+08
6.114491e-04,7.869197e+00,1.925671e+03,7.969408e+08
6.281250e-04,7.888072e+00,1.931143e+03,7.639950e+08
6.448008e-04,7.906168e+00,1.936393e+03,7.332567e+08
6.614767e-04,7.923229e+00,1.941349e+03,7.051406e+08
6.781526e-04,7.940128e+00,1.946259e+03,6.774680e+08
6.948285e-04,7.956054e+00,1.950893e+03,6.524703e+08
7.115044e-04,7.971707e+00,1.955448e+03,6.281671e+08
7.281803e-04,7.986612e+00,1.959791e+03,6.057589e+08
7.448561e-04,8.001153e+00,1.964029e+03,5.842264e+08
7.615320e-04,8.015135e+00,1.968108e+03,5.640392e+08
7.782079e-04,8.028681e+00,1.972062e+03,5.448540e+08
7.948838e-04,8.041825e+00,1.975901e+03,5.265926e+08
8.115597e-04,8.054474e+00,1.979599e+03,5.094177e+08
8.282356e-04,8.066854e+00,1.983219e+03,4.928374e+08
8.449114e-04,8.078694e+00,1.986684e+03,4.773965e+08
8.615873e-04,8.090375e+00,1.990103e+03,4.622915e+08
8.782632e-04,8.101479e+00,1.993357e+03,4.483559e+08
8.949391e-04,8.112503e+00,1.996587e+03,4.345808e+08
9.116150e-04,8.122950e+00,1.999652e+03,4.219316e+08
9.282909e-04,8.133315e+00,2.002692e+03,4.094372e+08
9.449667e-04,8.143215e+00,2.005598e+03,3.978167e+08
9.616426e-04,8.152974e+00,2.008464e+03,3.864511e+08
9.783185e-04,8.162364e+00,2.011223e+03,3.757525e+08
9.949944e-04,8.171561e+00,2.013926e+03,3.653888e+08
1.011670e-03,8.180474e+00,2.016547e+03,3.555223e+08
1.028346e-03,8.189148e+00,2.019099e+03,3.460600e+08
1.045022e-03,8.197610e+00,2.021589e+03,3.369580e+08
1.061698e-03,8.205650e+00,2.023956e+03,3.284823e+08
1.078374e-03,8.213467e+00,2.026259e+03,3.203371e+08
1.095050e-03,8.221285e+00,2.028561e+03,3.121918e+08
1.111726e-03,8.229102e+00,2.030864e+03,3.040465e+08
1.128401e-03,8.236313e+00,2.032991e+03,2.968934e+08
1.145077e-03,8.243462e+00,2.035099e+03,2.898425e+08
1.161753e-03,8.250611e+00,2.037208e+03,2.827915e+08
1.178429e-03,8.257667e+00,2.039289e+03,2.758794e+08
1.195105e-03,8.264229e+00,2.041227e+03,2.697032e+08
1.211781e-03,8.270791e+00,2.043164e+03,2.635270e+08
1.228457e-03,8.277353e+00,2.045102e+03,2.573507e+08
1.245133e-03,8.283702e+00,2.046978e+03,2.514751e+08
1.261809e-03,8.289746e+00,2.048764e+03,2.460305e+08
1.278484e-03,8.295790e+00,2.050550e+03,2.405859e+08
1.295160e-03,8.301833e+00,2.052337e+03,2.351414e+08
1.311836e-03,8.307572e+00,2.054034e+03,2.301070e+08
1.328512e-03,8.313155e+00,2.055686e+03,2.252812e+08
1.345188e-03,8.318738e+00,2.057337e+03,2.204554e+08
1.361864e-03,8.324321e+00,2.058989e+03,2.156296e+08
1.378540e-03,8.329528e+00,2.060531e+03,2.112863e+08
1.395216e-03,8.334701e+00,2.062062e+03,2.069878e+08
1.411891e-03,8.339873e+00,2.063594e+03,2.026893e+08
1.428567e-03,8.344983e+00,2.065107e+03,1.984664e+08
1.445243e-03,8.349787e+00,2.066530e+03,1.946203e+08
1.461919e-03,8.354591e+00,2.067954e+03,1.907743e+08
1.478595e-03,8.359394e+00,2.069377e+03,1.869282e+08
1.495271e-03,8.364059e+00,2.070760e+03,1.832459e+08
1.511947e-03,8.368530e+00,2.072086e+03,1.797906e+08
1.528623e-03,8.373002e+00,2.073412e+03,1.763352e+08
1.545299e-03,8.377474e+00,2.074738e+03,1.728799e+08
1.561974e-03,8.381744e+00,2.076004e+03,1.696523e+08
1.578650e-03,8.385915e+00,2.077242e+03,1.665364e+08
1.595326e-03,8.390086e+00,2.078480e+03,1.634205e+08
1.612002e-03,8.394257e+00,2.079717e+03,1.603046e+08
1.628678e-03,8.398176e+00,2.080881e+03,1.574627e+08
1.645354e-03,8.402074e+00,2.082038e+03,1.546436e+08
1.662030e-03,8.405972e+00,2.083195e+03,1.518245e+08
1.678706e-03,8.409827e+00,2.084340e+03,1.490512e+08
1.695382e-03,8.413474e+00,2.085423e+03,1.464935e+08
1.712057e-03,8.417122e+00,2.086507e+03,1.439358e+08
1.728733e-03,8.420770e+00,2.087590e+03,1.413780e+08
1.745409e-03,8.424319e+00,2.088645e+03,1.389196e+08
1.762085e-03,8.427735e+00,2.089660e+03,1.365943e+08
1.778761e-03,8.431152e+00,2.090675e+03,1.342690e+08
1.795437e-03,8.434568e+00,2.091691e+03,1.319436e+08
1.812113e-03,8.437836e+00,2.092662e+03,1.297620e+08
1.828789e-03,8.441035e+00,2.093613e+03,1.276482e+08
1.845464e-03,8.444234e+00,2.094564e+03,1.255343e+08
1.862140e-03,8.447432e+00,2.095515e+03,1.234205e+08
1.878816e-03,8.450336e+00,2.096379e+03,1.215578e+08
1.895492e-03,8.453218e+00,2.097236e+03,1.197136e+08
1.912168e-03,8.456100e+00,2.098094e+03,1.178694e+08
1.928844e-03,8.458982e+00,2.098951e+03,1.160251e+08
1.945520e-03,8.461864e+00,2.099808e+03,1.141809e+08
1.962196e-03,8.464746e+00,2.100666e+03,1.123367e+08
1.978872e-03,8.467628e+00,2.101523e+03,1.104925e+08
1.995547e-03,8.470377e+00,2.102341e+03,1.087721e+08
2.012223e-03,8.472955e+00,2.103109e+03,1.072121e+08
2.028899e-03,8.475532e+00,2.103876e+03,1.056520e+08
2.045575e-03,8.478110e+00,2.104643e+03,1.040920e+08
2.062251e-03,8.480687e+00,2.105410e+03,1.025319e+08
2.078927e-03,8.483265e+00,2.106178e+03,1.009719e+08
2.095603e-03,8.485842e+00,2.106945e+03,9.941181e+07
2.112279e-03,8.488420e+00,2.107712e+03,9.785176e+07
2.128954e-03,8.490751e+00,2.108407e+03,9.650028e+07
2.145630e-03,8.493067e+00,2.109096e+03,9.516215e+07
2.162306e-03,8.495383e+00,2.109786e+03,9.382401e+07
2.178982e-03,8.497699e+00,2.110476e+03,9.248587e+07
2.195658e-03,8.500015e+00,2.111166e+03,9.114774e+07
2.212334e-03,8.502330e+00,2.111856e+03,8.980960e+07
