# Cantera 3.2.0 FreeFlame, mechanisms/h2o2.yaml, phi = 1.0, mixture-averaged; x relative to the max of dT/dx
x,u,T,hrr
-1.316421e-03,2.331705e+00,3.000000e+02,2.674564e-06
-1.296576e-03,2.331705e+00,3.000000e+02,2.867914e-06
-1.276730e-03,2.331705e+00,3.000000e+02,3.061264e-06
-1.256885e-03,2.331705e+00,3.000000e+02,3.254613e-06
-1.237039e-03,2.331705e+00,3.000000e+02,3.447963e-06
-1.217193e-03,2.331705e+00,3.000000e+02,3.641312e-06
-1.197348e-03,2.331705e+00,3.000000e+02,3.834662e-06
-1.177502e-03,2.331705e+00,3.000000e+02,4.028011e-06
-1.157657e-03,2.331705e+00,3.000000e+02,4.221361e-06
-1.137811e-03,2.331705e+00,3.000000e+02,4.414710e-06
-1.117966e-03,2.331705e+00,3.000000e+02,4.608060e-06
-1.098120e-03,2.331705e+00,3.000000e+02,4.801410e-06
-1.078275e-03,2.331705e+00,3.000000e+02,4.994759e-06
-1.058429e-03,2.331705e+00,3.000000e+02,5.188109e-06
-1.038584e-03,2.331705e+00,3.000000e+02,5.381458e-06
-1.018738e-03,2.331705e+00,3.000000e+02,5.574808e-06
-9.988925e-04,2.331705e+00,3.000000e+02,5.768157e-06
-9.790469e-04,2.331705e+00,3.000000e+02,5.961507e-06
-9.592014e-04,2.331705e+00,3.000000e+02,1.059770e-05
-9.393559e-04,2.331705e+00,3.000000e+02,1.651345e-05
-9.195103e-04,2.331705e+00,3.000000e+02,2.242920e-05
-8.996648e-04,2.331704e+00,3.000000e+02,2.834495e-05
-8.798192e-04,2.331704e+00,3.000000e+02,3.426070e-05
-8.599737e-04,2.331704e+00,3.000000e+02,4.017645e-05
-8.401281e-04,2.331704e+00,3.000000e+02,4.609221e-05
-8.202826e-04,2.331704e+00,3.000000e+02,5.200796e-05
-8.004370e-04,2.331704e+00,3.000000e+02,5.792371e-05
-7.805915e-04,2.331704e+00,3.000000e+02,6.383946e-05
-7.607459e-04,2.331704e+00,3.000000e+02,6.975521e-05
-7.409004e-04,2.331704e+00,3.000000e+02,7.567096e-05
-7.210548e-04,2.331704e+00,3.000000e+02,1.091985e-04
-7.012093e-04,2.331703e+00,3.000000e+02,2.692755e-04
-6.813638e-04,2.331703e+00,3.000000e+02,4.293524e-04
-6.615182e-04,2.331702e+00,3.000000e+02,5.894294e-04
-6.416727e-04,2.331702e+00,3.000000e+02,7.495064e-04
-6.218271e-04,2.331701e+00,3.000000e+02,9.095833e-04
-6.019816e-04,2.331701e+00,3.000000e+02,1.069660e-03
-5.821360e-04,2.331699e+00,3.000000e+02,4.004909e-03
-5.622905e-04,2.331697e+00,3.000001e+02,7.316915e-03
-5.424449e-04,2.331695e+00,3.000001e+02,1.062892e-02
-5.225994e-04,2.331692e+00,3.000001e+02,1.394093e-02
-5.027538e-04,2.331690e+00,3.000001e+02,1.725294e-02
-4.829083e-04,2.331688e+00,3.000001e+02,2.056494e-02
-4.630627e-04,2.331683e+00,3.000002e+02,5.769515e-02
-4.432172e-04,2.331676e+00,3.000003e+02,1.191315e-01
-4.233717e-04,2.331668e+00,3.000005e+02,1.805679e-01
-4.035261e-04,2.331656e+00,3.000008e+02,4.612801e-01
-3.836806e-04,2.331637e+00,3.000013e+02,1.029708e+00
-3.638350e-04,2.331618e+00,3.000018e+02,1.598137e+00
-3.439895e-04,2.331594e+00,3.000026e+02,3.195573e+00
-3.241439e-04,2.331554e+00,3.000043e+02,7.397729e+00
-3.042984e-04,2.331496e+00,3.000078e+02,2.115897e+01
-2.844528e-04,2.331427e+00,3.000131e+02,4.651238e+01
-2.646073e-04,2.331328e+00,3.000242e+02,1.214270e+02
-2.447617e-04,2.331215e+00,3.000451e+02,3.324334e+02
-2.249162e-04,2.331090e+00,3.000737e+02,6.507163e+02
-2.050706e-04,2.331025e+00,3.001451e+02,2.052771e+03
-1.852251e-04,2.331196e+00,3.002923e+02,6.228134e+03
-1.653796e-04,2.332023e+00,3.005926e+02,1.889902e+04
-1.455340e-04,2.335028e+00,3.013045e+02,6.721402e+04
-1.256885e-04,2.344522e+00,3.030800e+02,2.920034e+05
-1.058429e-04,2.371251e+00,3.074607e+02,1.827274e+06
-8.599737e-05,2.444434e+00,3.185143e+02,2.212921e+07
-6.615182e-05,2.632930e+00,3.456805e+02,3.191285e+08
-4.630627e-05,3.049617e+00,4.044537e+02,2.633987e+09
-2.646073e-05,3.741507e+00,5.017543e+02,8.543088e+09
-6.615182e-06,4.589188e+00,6.220639e+02,1.361108e+10
1.323036e-05,5.456533e+00,7.470107e+02,1.588016e+10
3.307591e-05,6.285057e+00,8.681076e+02,1.660601e+10
5.292146e-05,7.060653e+00,9.825605e+02,1.677369e+10
7.276700e-05,7.779572e+00,1.088957e+03,1.668941e+10
9.261255e-05,8.436667e+00,1.185949e+03,1.629802e+10
1.124581e-04,9.025299e+00,1.272390e+03,1.547320e+10
1.323036e-04,9.541460e+00,1.347842e+03,1.420779e+10
1.521492e-04,9.985761e+00,1.412654e+03,1.264221e+10
1.719947e-04,1.036343e+01,1.467810e+03,1.098561e+10
1.918403e-04,1.068299e+01,1.514679e+03,9.417690e+09
2.116858e-04,1.095413e+01,1.554715e+03,8.044042e+09
2.315314e-04,1.118589e+01,1.589228e+03,6.900726e+09
2.513769e-04,1.138671e+01,1.619402e+03,5.974630e+09
2.712225e-04,1.156301e+01,1.646126e+03,5.234101e+09
2.910680e-04,1.171965e+01,1.670072e+03,4.642816e+09
3.109136e-04,1.186031e+01,1.691748e+03,4.167573e+09
3.307591e-04,1.198779e+01,1.711537e+03,3.780905e+09
3.506046e-04,1.210426e+01,1.729735e+03,3.461842e+09
3.704502e-04,1.221185e+01,1.746638e+03,3.192567e+09
3.902957e-04,1.231152e+01,1.762375e+03,2.963243e+09
4.101413e-04,1.240438e+01,1.777103e+03,2.764685e+09
4.299868e-04,1.249099e+01,1.790900e+03,2.591501e+09
4.498324e-04,1.257244e+01,1.803920e+03,2.438018e+09
4.696779e-04,1.264921e+01,1.816233e+03,2.301155e+09
4.895235e-04,1.272203e+01,1.827944e+03,2.177357e+09
5.093690e-04,1.279124e+01,1.839105e+03,2.064802e+09
5.292146e-04,1.285665e+01,1.849683e+03,1.963368e+09
5.490601e-04,1.291902e+01,1.859792e+03,1.870336e+09
5.689057e-04,1.297861e+01,1.869474e+03,1.784602e+09
5.887512e-04,1.303553e+01,1.878743e+03,1.705572e+09
6.085967e-04,1.308973e+01,1.887588e+03,1.633061e+09
6.284423e-04,1.314169e+01,1.896086e+03,1.565649e+09
6.482878e-04,1.319152e+01,1.904254e+03,1.502894e+09
6.681334e-04,1.323856e+01,1.911989e+03,1.445772e+09
6.879789e-04,1.328448e+01,1.919547e+03,1.390967e+09
7.078245e-04,1.332857e+01,1.926816e+03,1.339975e+09
7.276700e-04,1.337083e+01,1.933799e+03,1.292576e+09
7.475156e-04,1.341208e+01,1.940622e+03,1.247121e+09
7.673611e-04,1.345149e+01,1.947154e+03,1.205144e+09
7.872067e-04,1.348970e+01,1.953495e+03,1.165349e+09
8.070522e-04,1.352704e+01,1.959699e+03,1.127102e+09
8.268978e-04,1.356256e+01,1.965613e+03,1.092009e+09
8.467433e-04,1.359732e+01,1.971406e+03,1.058184e+09
8.665888e-04,1.363114e+01,1.977048e+03,1.025935e+09
8.864344e-04,1.366358e+01,1.982470e+03,9.958853e+08
9.062799e-04,1.369539e+01,1.987791e+03,9.668285e+08
9.261255e-04,1.372617e+01,1.992948e+03,9.393542e+08
9.459710e-04,1.375598e+01,1.997948e+03,9.133346e+08
9.658166e-04,1.378523e+01,2.002858e+03,8.881417e+08
9.856621e-04,1.381341e+01,2.007595e+03,8.644922e+08
1.005508e-03,1.384092e+01,2.012224e+03,8.417781e+08
1.025353e-03,1.386793e+01,2.016773e+03,8.197617e+08
1.045199e-03,1.389384e+01,2.021143e+03,7.992213e+08
1.065044e-03,1.391931e+01,2.025442e+03,7.792533e+08
1.084890e-03,1.394418e+01,2.029644e+03,7.600606e+08
1.104735e-03,1.396821e+01,2.033710e+03,7.419129e+08
1.124581e-03,1.399183e+01,2.037709e+03,7.242660e+08
1.144426e-03,1.401475e+01,2.041596e+03,7.074525e+08
1.164272e-03,1.403668e+01,2.045323e+03,6.917185e+08
1.184118e-03,1.405818e+01,2.048981e+03,6.764482e+08
1.203963e-03,1.407969e+01,2.052640e+03,6.611780e+08
1.223809e-03,1.410040e+01,2.056169e+03,6.468252e+08
1.243654e-03,1.412047e+01,2.059591e+03,6.332227e+08
1.263500e-03,1.414053e+01,2.063014e+03,6.196201e+08
1.283345e-03,1.416008e+01,2.066352e+03,6.065855e+08
1.303191e-03,1.417886e+01,2.069564e+03,5.944000e+08
1.323036e-03,1.419764e+01,2.072775e+03,5.822145e+08
1.342882e-03,1.421613e+01,2.075939e+03,5.703348e+08
1.362728e-03,1.423376e+01,2.078959e+03,5.593654e+08
1.382573e-03,1.425138e+01,2.081980e+03,5.483961e+08
1.402419e-03,1.426890e+01,2.084983e+03,5.375341e+08
1.422264e-03,1.428548e+01,2.087832e+03,5.276153e+08
1.442110e-03,1.430206e+01,2.090680e+03,5.176966e+08
1.461955e-03,1.431864e+01,2.093528e+03,5.077778e+08
1.481801e-03,1.433431e+01,2.096227e+03,4.987293e+08
1.501646e-03,1.434995e+01,2.098918e+03,4.897238e+08
1.521492e-03,1.436558e+01,2.101609e+03,4.807183e+08
1.541337e-03,1.438052e+01,2.104185e+03,4.723544e+08
1.561183e-03,1.439530e+01,2.106733e+03,4.641473e+08
1.581029e-03,1.441007e+01,2.109281e+03,4.559403e+08
1.600874e-03,1.442433e+01,2.111743e+03,4.481924e+08
1.620720e-03,1.443831e+01,2.114160e+03,4.406871e+08
1.640565e-03,1.445230e+01,2.116577e+03,4.331819e+08
1.660411e-03,1.446592e+01,2.118933e+03,4.259897e+08
1.680256e-03,1.447919e+01,2.121229e+03,4.191045e+08
1.700102e-03,1.449245e+01,2.123525e+03,4.122192e+08
1.719947e-03,1.450548e+01,2.125782e+03,4.055297e+08
1.739793e-03,1.451809e+01,2.127967e+03,3.991948e+08
1.759638e-03,1.453069e+01,2.130152e+03,3.928600e+08
1.779484e-03,1.454317e+01,2.132316e+03,3.866263e+08
1.799330e-03,1.455516e+01,2.134398e+03,3.807823e+08
1.819175e-03,1.456715e+01,2.136479e+03,3.749383e+08
1.839021e-03,1.457911e+01,2.138556e+03,3.691194e+08
1.858866e-03,1.459053e+01,2.140542e+03,3.637154e+08
1.878712e-03,1.460195e+01,2.142528e+03,3.583114e+08
1.898557e-03,1.461337e+01,2.144514e+03,3.529074e+08
1.918403e-03,1.462431e+01,2.146417e+03,3.478637e+08
1.938248e-03,1.463520e+01,2.148313e+03,3.428567e+08
1.958094e-03,1.464608e+01,2.150208e+03,3.378497e+08
1.977939e-03,1.465657e+01,2.152037e+03,3.331202e+08
1.997785e-03,1.466694e+01,2.153845e+03,3.284791e+08
2.017631e-03,1.467730e+01,2.155653e+03,3.238380e+08
2.037476e-03,1.468719e+01,2.157380e+03,3.195011e+08
2.057322e-03,1.469675e+01,2.159055e+03,3.153597e+08
2.077167e-03,1.470632e+01,2.160730e+03,3.112183e+08
2.097013e-03,1.471589e+01,2.162405e+03,3.070768e+08
2.116858e-03,1.472546e+01,2.164080e+03,3.029354e+08
2.136704e-03,1.473503e+01,2.165755e+03,2.987940e+08
2.156549e-03,1.474437e+01,2.167390e+03,2.948113e+08
2.176395e-03,1.475318e+01,2.168937e+03,2.911814e+08
2.196240e-03,1.476200e+01,2.170483e+03,2.875515e+08
2.216086e-03,1.477081e+01,2.172030e+03,2.839217e+08
2.235932e-03,1.477962e+01,2.173576e+03,2.802918e+08
2.255777e-03,1.478844e+01,2.175123e+03,2.766619e+08
2.275623e-03,1.479725e+01,2.176668e+03,2.730370e+08
2.295468e-03,1.480540e+01,2.178102e+03,2.698327e+08
2.315314e-03,1.481355e+01,2.179535e+03,2.666284e+08
2.335159e-03,1.482170e+01,2.180968e+03,2.634241e+08
2.355005e-03,1.482985e+01,2.182401e+03,2.602198e+08
2.374850e-03,1.483800e+01,2.183834e+03,2.570155e+08
2.394696e-03,1.484615e+01,2.185267e+03,2.538112e+08
2.414541e-03,1.485388e+01,2.186629e+03,2.508628e+08
2.434387e-03,1.486144e+01,2.187961e+03,2.480173e+08
2.454233e-03,1.486900e+01,2.189293e+03,2.451719e+08
2.474078e-03,1.487656e+01,2.190626e+03,2.423265e+08
2.493924e-03,1.488412e+01,2.191958e+03,2.394810e+08
2.513769e-03,1.489168e+01,2.193290e+03,2.366356e+08
2.533615e-03,1.489903e+01,2.194585e+03,2.339166e+08
2.553460e-03,1.490606e+01,2.195827e+03,2.313764e+08
2.573306e-03,1.491310e+01,2.197069e+03,2.288362e+08
2.593151e-03,1.492014e+01,2.198311e+03,2.262960e+08
2.612997e-03,1.492717e+01,2.199553e+03,2.237558e+08
2.632842e-03,1.493421e+01,2.200796e+03,2.212156e+08
