# Cantera 3.2.0 FreeFlame, mechanisms/h2o2.yaml, phi = 0.4, mixture-averaged with the Soret effect; x relative to the max of dT/dx
x,u,T,hrr,Y_H2,Y_O2,Y_H2O,Y_H,Y_O,Y_OH,Y_HO2
-3.141399e-03,1.549952e-01,3.000029e+02,4.656850e-05,1.151500e-02,2.303145e-01,2.802166e-08,3.164701e-20,5.212188e-14,7.650049e-17,8.989954e-12
-3.094041e-03,1.549842e-01,3.000033e+02,5.014238e-05,1.150873e-02,2.303159e-01,3.267877e-08,3.406698e-20,5.613087e-14,8.238747e-17,1.056275e-11
-3.046683e-03,1.549718e-01,3.000038e+02,5.494613e-05,1.150162e-02,2.303173e-01,3.933878e-08,3.731174e-20,6.151244e-14,9.029283e-17,1.287455e-11
-2.999325e-03,1.549569e-01,3.000045e+02,6.179763e-05,1.149310e-02,2.303191e-01,4.933365e-08,4.192980e-20,6.917937e-14,1.015588e-16,1.641679e-11
-2.951968e-03,1.549421e-01,3.000053e+02,6.864912e-05,1.148458e-02,2.303209e-01,5.932851e-08,4.654786e-20,7.684630e-14,1.128248e-16,1.995903e-11
-2.904610e-03,1.549272e-01,3.000060e+02,7.550062e-05,1.147606e-02,2.303227e-01,6.932338e-08,5.116592e-20,8.451324e-14,1.240908e-16,2.350127e-11
-2.857252e-03,1.549102e-01,3.000070e+02,8.492994e-05,1.146627e-02,2.303247e-01,8.408253e-08,5.747974e-20,9.501623e-14,1.395367e-16,2.888914e-11
-2.809894e-03,1.548902e-01,3.000084e+02,9.797802e-05,1.145470e-02,2.303271e-01,1.055298e-07,6.617409e-20,1.095005e-13,1.608502e-16,3.686793e-11
-2.762536e-03,1.548702e-01,3.000097e+02,1.110261e-04,1.144313e-02,2.303295e-01,1.269771e-07,7.486844e-20,1.239848e-13,1.821638e-16,4.484671e-11
-2.715179e-03,1.548503e-01,3.000111e+02,1.240742e-04,1.143156e-02,2.303319e-01,1.484244e-07,8.356279e-20,1.384691e-13,2.034774e-16,5.282549e-11
-2.667821e-03,1.548272e-01,3.000130e+02,1.426270e-04,1.141810e-02,2.303347e-01,1.810926e-07,9.570718e-20,1.587575e-13,2.333855e-16,6.536860e-11
-2.620463e-03,1.548004e-01,3.000156e+02,1.677263e-04,1.140240e-02,2.303380e-01,2.271052e-07,1.119544e-19,1.859485e-13,2.735146e-16,8.333971e-11
-2.573105e-03,1.547737e-01,3.000181e+02,1.928255e-04,1.138670e-02,2.303413e-01,2.731178e-07,1.282017e-19,2.131394e-13,3.136437e-16,1.013108e-10
-2.525748e-03,1.547469e-01,3.000207e+02,2.179248e-04,1.137099e-02,2.303446e-01,3.191303e-07,1.444490e-19,2.403304e-13,3.537728e-16,1.192819e-10
-2.478390e-03,1.547168e-01,3.000241e+02,2.520844e-04,1.135320e-02,2.303483e-01,3.848099e-07,1.659390e-19,2.763621e-13,4.070943e-16,1.456537e-10
-2.431032e-03,1.546834e-01,3.000283e+02,2.953933e-04,1.133330e-02,2.303524e-01,4.703493e-07,1.927233e-19,3.213213e-13,4.737377e-16,1.805085e-10
-2.383674e-03,1.546472e-01,3.000335e+02,3.503748e-04,1.131156e-02,2.303569e-01,5.812510e-07,2.254247e-19,3.762724e-13,5.554503e-16,2.266679e-10
-2.336317e-03,1.546084e-01,3.000396e+02,4.162201e-04,1.128812e-02,2.303618e-01,7.157573e-07,2.636332e-19,4.405228e-13,6.511877e-16,2.833485e-10
-2.288959e-03,1.545664e-01,3.000471e+02,5.028715e-04,1.126244e-02,2.303671e-01,8.916952e-07,3.106143e-19,5.195658e-13,7.696154e-16,3.591294e-10
-2.241601e-03,1.545215e-01,3.000558e+02,6.073657e-04,1.123484e-02,2.303728e-01,1.103164e-06,3.651186e-19,6.112945e-13,9.075018e-16,4.512905e-10
-2.194243e-03,1.544729e-01,3.000667e+02,7.522462e-04,1.120451e-02,2.303791e-01,1.382212e-06,4.326549e-19,7.248917e-13,1.079729e-15,5.756766e-10
-2.146885e-03,1.544212e-01,3.000792e+02,9.290236e-04,1.117203e-02,2.303858e-01,1.714633e-06,5.104836e-19,8.557605e-13,1.279077e-15,7.255138e-10
-2.099528e-03,1.543664e-01,3.000941e+02,1.165006e-03,1.113705e-02,2.303931e-01,2.129640e-06,6.029526e-19,1.010855e-12,1.517824e-15,9.160876e-10
-2.052170e-03,1.543068e-01,3.001129e+02,1.513944e-03,1.109836e-02,2.304011e-01,2.684685e-06,7.192357e-19,1.205101e-12,1.821375e-15,1.176858e-09
-2.004812e-03,1.542433e-01,3.001358e+02,2.023264e-03,1.105623e-02,2.304098e-01,3.400119e-06,8.612016e-19,1.440891e-12,2.196412e-15,1.520111e-09
-1.957454e-03,1.541757e-01,3.001639e+02,2.789167e-03,1.101037e-02,2.304193e-01,4.322208e-06,1.034961e-18,1.727058e-12,2.662077e-15,1.971908e-09
-1.910097e-03,1.541041e-01,3.001982e+02,3.973313e-03,1.096047e-02,2.304296e-01,5.510522e-06,1.248353e-18,2.074314e-12,3.243948e-15,2.566526e-09
-1.862739e-03,1.540286e-01,3.002401e+02,5.849401e-03,1.090617e-02,2.304407e-01,7.041751e-06,1.511580e-18,2.495657e-12,3.976798e-15,3.349051e-09
-1.815381e-03,1.539493e-01,3.002914e+02,8.883313e-03,1.084711e-02,2.304529e-01,9.014595e-06,1.838141e-18,3.006857e-12,4.908756e-15,4.378779e-09
-1.768023e-03,1.538667e-01,3.003542e+02,1.387108e-02,1.078289e-02,2.304660e-01,1.155605e-05,2.246203e-18,3.627064e-12,6.107649e-15,5.733676e-09
-1.720666e-03,1.537813e-01,3.004310e+02,2.217628e-02,1.071309e-02,2.304802e-01,1.482944e-05,2.760623e-18,4.379547e-12,7.670509e-15,7.516250e-09
-1.673308e-03,1.536941e-01,3.005238e+02,3.560744e-02,1.063770e-02,2.304955e-01,1.898397e-05,3.407074e-18,5.281568e-12,9.706288e-15,9.825835e-09
-1.625950e-03,1.536062e-01,3.006404e+02,5.957082e-02,1.055517e-02,2.305122e-01,2.451452e-05,4.267012e-18,6.401563e-12,1.254209e-14,1.297948e-08
-1.578592e-03,1.535197e-01,3.007848e+02,1.014429e-01,1.046545e-02,2.305301e-01,3.174810e-05,5.411093e-18,7.773295e-12,1.649787e-14,1.720605e-08
-1.531234e-03,1.534368e-01,3.009637e+02,1.750667e-01,1.036798e-02,2.305493e-01,4.120594e-05,6.963520e-18,9.454079e-12,2.213770e-14,2.286980e-08
-1.483877e-03,1.533609e-01,3.011854e+02,3.050763e-01,1.026217e-02,2.305698e-01,5.356708e-05,9.115812e-18,1.151495e-11,3.035315e-14,3.045843e-08
-1.436519e-03,1.532959e-01,3.014605e+02,5.352889e-01,1.014740e-02,2.305914e-01,6.971521e-05,1.216781e-17,1.404436e-11,4.256552e-14,4.062489e-08
-1.389161e-03,1.532477e-01,3.018025e+02,9.453830e-01,1.002300e-02,2.306142e-01,9.086544e-05,1.661630e-17,1.715890e-11,6.115426e-14,5.429526e-08
-1.341803e-03,1.532234e-01,3.022279e+02,1.675745e+00,9.888347e-03,2.306377e-01,1.185240e-04,2.322409e-17,2.099889e-11,8.979181e-14,7.265502e-08
-1.294446e-03,1.532316e-01,3.027566e+02,2.972801e+00,9.742788e-03,2.306616e-01,1.545831e-04,3.324306e-17,2.574054e-11,1.344888e-13,9.724702e-08
-1.247088e-03,1.532839e-01,3.034140e+02,5.273198e+00,9.585677e-03,2.306851e-01,2.015494e-04,4.873306e-17,3.161708e-11,2.050142e-13,1.301895e-07
-1.199730e-03,1.533950e-01,3.042319e+02,9.345168e+00,9.416382e-03,2.307075e-01,2.626515e-04,7.311403e-17,3.893588e-11,3.172412e-13,1.743270e-07
-1.152372e-03,1.535812e-01,3.052443e+02,1.641117e+01,9.234640e-03,2.307273e-01,3.415052e-04,1.116336e-16,4.805579e-11,4.947486e-13,2.330432e-07
-1.105015e-03,1.538736e-01,3.065182e+02,2.912905e+01,9.039170e-03,2.307420e-01,4.451751e-04,1.756565e-16,5.970494e-11,7.869129e-13,3.130566e-07
-1.057657e-03,1.543020e-01,3.081147e+02,5.175125e+01,8.829890e-03,2.307487e-01,5.805145e-04,2.828538e-16,7.467181e-11,1.265098e-12,4.216059e-07
-1.010299e-03,1.549062e-01,3.101160e+02,9.186225e+01,8.606521e-03,2.307430e-01,7.567328e-04,4.658868e-16,9.416862e-11,2.051741e-12,5.690482e-07
-9.629413e-04,1.557359e-01,3.126243e+02,1.626602e+02,8.368964e-03,2.307190e-01,9.854427e-04,7.853196e-16,1.200084e-10,3.352528e-12,7.696649e-07
-9.155835e-04,1.568533e-01,3.157666e+02,2.868943e+02,8.117343e-03,2.306685e-01,1.281128e-03,1.357136e-15,1.549837e-10,5.516488e-12,1.043269e-06
-8.682257e-04,1.583350e-01,3.196992e+02,5.033470e+02,7.852060e-03,2.305809e-01,1.661609e-03,2.411975e-15,2.035274e-10,9.144143e-12,1.417540e-06
-8.208680e-04,1.602744e-01,3.246135e+02,8.773046e+02,7.573823e-03,2.304417e-01,2.148447e-03,4.428694e-15,2.728945e-10,1.528777e-11,1.931427e-06
-7.735102e-04,1.627848e-01,3.307403e+02,1.517117e+03,7.283688e-03,2.302327e-01,2.767194e-03,8.451018e-15,3.753423e-10,2.583410e-11,2.640120e-06
-7.261524e-04,1.660006e-01,3.383545e+02,2.599794e+03,6.983057e-03,2.299306e-01,3.547383e-03,1.687994e-14,5.322759e-10,4.426156e-11,3.622270e-06
-6.787947e-04,1.700784e-01,3.477773e+02,4.409697e+03,6.673655e-03,2.295070e-01,4.522113e-03,3.557569e-14,7.824130e-10,7.719630e-11,4.990366e-06
-6.314369e-04,1.751970e-01,3.593754e+02,7.396110e+03,6.357465e-03,2.289279e-01,5.727146e-03,7.979577e-14,1.198453e-09,1.377483e-10,6.905384e-06
-5.840791e-04,1.815540e-01,3.735556e+02,1.225927e+04,6.036611e-03,2.281540e-01,7.199455e-03,1.921634e-13,1.922433e-09,2.530248e-10,9.596989e-06
-5.367214e-04,1.893610e-01,3.907543e+02,2.008550e+04,5.713208e-03,2.271422e-01,8.975334e-03,5.013845e-13,3.243762e-09,4.821010e-10,1.339061e-05
-4.893636e-04,1.988358e-01,4.114208e+02,3.258831e+04,5.389189e-03,2.258464e-01,1.108829e-02,1.431603e-12,5.778682e-09,9.625018e-10,1.874261e-05
-4.420058e-04,2.101987e-01,4.360092e+02,5.270453e+04,5.066230e-03,2.242184e-01,1.356858e-02,4.563598e-12,1.091844e-08,2.049540e-09,2.629820e-05
-3.946481e-04,2.236798e-01,4.649924e+02,8.638949e+04,4.745631e-03,2.222068e-01,1.644424e-02,1.701252e-11,2.196062e-08,4.788365e-09,3.696844e-05
-3.472903e-04,2.394495e-01,4.987186e+02,1.498723e+05,4.428017e-03,2.197708e-01,1.972991e-02,8.016284e-11,4.699984e-08,1.280127e-08,5.192669e-05
-2.999325e-04,2.576508e-01,5.374768e+02,3.098142e+05,4.113514e-03,2.168733e-01,2.343495e-02,4.896643e-10,1.071398e-07,4.108731e-08,7.269209e-05
-2.525748e-04,2.783874e-01,5.814690e+02,8.742866e+05,3.801829e-03,2.134839e-01,2.756291e-02,3.249005e-09,2.599976e-07,1.560921e-07,1.009193e-04
-2.052170e-04,3.017194e-01,6.308016e+02,3.062991e+06,3.492380e-03,2.095796e-01,3.211289e-02,1.901778e-08,6.688139e-07,6.290997e-07,1.372252e-04
-1.578592e-04,3.276507e-01,6.854561e+02,1.050995e+07,3.184437e-03,2.051471e-01,3.707981e-02,8.919404e-08,1.795557e-06,2.351473e-06,1.780911e-04
-1.105015e-04,3.560484e-01,7.451248e+02,3.070314e+07,2.877170e-03,2.001964e-01,4.244571e-02,3.302710e-07,4.868062e-06,7.457276e-06,2.129279e-04
-6.314369e-05,3.865552e-01,8.090295e+02,7.270815e+07,2.569979e-03,1.947652e-01,4.816978e-02,9.822747e-07,1.276127e-05,1.947215e-05,2.286969e-04
-1.578592e-05,4.184944e-01,8.757311e+02,1.394000e+08,2.263104e-03,1.889240e-01,5.417238e-02,2.398586e-06,3.094566e-05,4.252244e-05,2.216066e-04
3.157184e-05,4.508851e-01,9.431672e+02,2.225441e+08,1.958536e-03,1.827837e-01,6.032584e-02,4.906669e-06,6.713404e-05,8.094249e-05,2.001324e-04
7.892961e-05,4.825919e-01,1.008972e+03,3.068235e+08,1.660814e-03,1.765059e-01,6.645699e-02,8.569085e-06,1.281401e-04,1.396191e-04,1.749922e-04
1.262874e-04,5.125265e-01,1.070903e+03,3.761224e+08,1.377148e-03,1.703064e-01,7.235987e-02,1.300648e-05,2.147348e-04,2.223055e-04,1.518285e-04
1.736451e-04,5.398220e-01,1.127207e+03,4.184767e+08,1.116306e-03,1.644355e-01,7.782288e-02,1.745216e-05,3.184194e-04,3.278441e-04,1.320923e-04
2.210029e-04,5.639343e-01,1.176829e+03,4.295389e+08,8.863328e-04,1.591304e-01,8.266949e-02,2.104877e-05,4.235378e-04,4.482025e-04,1.156467e-04
2.683607e-04,5.846625e-01,1.219423e+03,4.128227e+08,6.922141e-04,1.545594e-01,8.679590e-02,2.319567e-05,5.135450e-04,5.705743e-04,1.019869e-04
3.157184e-04,6.020892e-01,1.255220e+03,3.766502e+08,5.347874e-04,1.507917e-01,9.018333e-02,2.372589e-05,5.768686e-04,6.818153e-04,9.057435e-05
3.630762e-04,6.164915e-01,1.284826e+03,3.303024e+08,4.112342e-04,1.478015e-01,9.288444e-02,2.285683e-05,6.093962e-04,7.723539e-04,8.091811e-05
4.104340e-04,6.282503e-01,1.309038e+03,2.813483e+08,3.165549e-04,1.454982e-01,9.499453e-02,2.100847e-05,6.133578e-04,8.376371e-04,7.261202e-05
4.577918e-04,6.377809e-01,1.328707e+03,2.347667e+08,2.450376e-04,1.437606e-01,9.662404e-02,1.862705e-05,5.947073e-04,8.776195e-04,6.534614e-05
5.051495e-04,6.454752e-01,1.344630e+03,1.931839e+08,1.913449e-04,1.424680e-01,9.787687e-02,1.607679e-05,5.604733e-04,8.951429e-04,5.890131e-05
5.525073e-04,6.516772e-01,1.357504e+03,1.575559e+08,1.510253e-04,1.415143e-01,9.884082e-02,1.360506e-05,5.170757e-04,8.943722e-04,5.312656e-05
5.998651e-04,6.566784e-01,1.367917e+03,1.278379e+08,1.205927e-04,1.408138e-01,9.958598e-02,1.135343e-05,4.696038e-04,8.797137e-04,4.791813e-05
6.472228e-04,6.607150e-01,1.376347e+03,1.034995e+08,9.745568e-05,1.403003e-01,1.001656e-01,9.385865e-06,4.216851e-04,8.551439e-04,4.320625e-05
6.945806e-04,6.639917e-01,1.383211e+03,8.374887e+07,7.963559e-05,1.399221e-01,1.006217e-01,7.711234e-06,3.756479e-04,8.240933e-04,3.893362e-05
7.419384e-04,6.666602e-01,1.388816e+03,6.784625e+07,6.576722e-05,1.396428e-01,1.009840e-01,6.313740e-06,3.328523e-04,7.891534e-04,3.506264e-05
7.892961e-04,6.688432e-01,1.393413e+03,5.509008e+07,5.484803e-05,1.394360e-01,1.012744e-01,5.162474e-06,2.939539e-04,7.522866e-04,3.156144e-05
8.366539e-04,6.706374e-01,1.397202e+03,4.487371e+07,4.615277e-05,1.392821e-01,1.015096e-01,4.222099e-06,2.591468e-04,7.149099e-04,2.840194e-05
8.840117e-04,6.721195e-01,1.400338e+03,3.669105e+07,3.915355e-05,1.391674e-01,1.017017e-01,3.458045e-06,2.283397e-04,6.780097e-04,2.555799e-05
9.313694e-04,6.733500e-01,1.402948e+03,3.012960e+07,3.346279e-05,1.390815e-01,1.018600e-01,2.839027e-06,2.012802e-04,6.422462e-04,2.300470e-05
9.787272e-04,6.743708e-01,1.405119e+03,2.488947e+07,2.882255e-05,1.390177e-01,1.019908e-01,2.341435e-06,1.777388e-04,6.080894e-04,2.072698e-05
1.026085e-03,6.752334e-01,1.406956e+03,2.063318e+07,2.495717e-05,1.389692e-01,1.021011e-01,1.935712e-06,1.571325e-04,5.756611e-04,1.868316e-05
1.073443e-03,6.759623e-01,1.408511e+03,1.718872e+07,2.173175e-05,1.389327e-01,1.021942e-01,1.606643e-06,1.392006e-04,5.451167e-04,1.685779e-05
1.120800e-03,6.765813e-01,1.409835e+03,1.439062e+07,1.902125e-05,1.389052e-01,1.022734e-01,1.339181e-06,1.236070e-04,5.164826e-04,1.522942e-05
1.168158e-03,6.771097e-01,1.410966e+03,1.210836e+07,1.672868e-05,1.388846e-01,1.023412e-01,1.121201e-06,1.100451e-04,4.897299e-04,1.377790e-05
1.215516e-03,6.775631e-01,1.411939e+03,1.023898e+07,1.477802e-05,1.388692e-01,1.023996e-01,9.429817e-07,9.824120e-05,4.647935e-04,1.248453e-05
1.262874e-03,6.779538e-01,1.412778e+03,8.701127e+06,1.310916e-05,1.388578e-01,1.024501e-01,7.967576e-07,8.795473e-05,4.415871e-04,1.133212e-05
1.310232e-03,6.782922e-01,1.413506e+03,7.430476e+06,1.167416e-05,1.388495e-01,1.024940e-01,6.763295e-07,7.897620e-05,4.200124e-04,1.030500e-05
1.357589e-03,6.785864e-01,1.414140e+03,6.376108e+06,1.043442e-05,1.388437e-01,1.025324e-01,5.767448e-07,7.112475e-05,3.999668e-04,9.389075e-06
1.404947e-03,6.788405e-01,1.414689e+03,5.509513e+06,9.371141e-06,1.388398e-01,1.025658e-01,4.952711e-07,6.432040e-05,3.814657e-04,8.580001e-06
1.452305e-03,6.790657e-01,1.415175e+03,4.772399e+06,8.435014e-06,1.388372e-01,1.025954e-01,4.263917e-07,5.828421e-05,3.641758e-04,7.851421e-06
1.499663e-03,6.792644e-01,1.415605e+03,4.151929e+06,7.615646e-06,1.388357e-01,1.026218e-01,3.686651e-07,5.296288e-05,3.480888e-04,7.199052e-06
1.547020e-03,6.794404e-01,1.415986e+03,3.627314e+06,6.895871e-06,1.388351e-01,1.026452e-01,3.200913e-07,4.826046e-05,3.331101e-04,6.614121e-06
1.594378e-03,6.795969e-01,1.416326e+03,3.181849e+06,6.261415e-06,1.388351e-01,1.026662e-01,2.790547e-07,4.409464e-05,3.191520e-04,6.088900e-06
1.641736e-03,6.797366e-01,1.416629e+03,2.802026e+06,5.700350e-06,1.388355e-01,1.026849e-01,2.442474e-07,4.039489e-05,3.061336e-04,5.616567e-06
1.689094e-03,6.798617e-01,1.416901e+03,2.476873e+06,5.202658e-06,1.388364e-01,1.027018e-01,2.146076e-07,3.710076e-05,2.939804e-04,5.191112e-06
1.736451e-03,6.799741e-01,1.417146e+03,2.197438e+06,4.759889e-06,1.388376e-01,1.027171e-01,1.892706e-07,3.416041e-05,2.826237e-04,4.807242e-06
1.783809e-03,6.800753e-01,1.417366e+03,1.956388e+06,4.364882e-06,1.388390e-01,1.027309e-01,1.675301e-07,3.152931e-05,2.720008e-04,4.460299e-06
1.831167e-03,6.801668e-01,1.417565e+03,1.747697e+06,4.011548e-06,1.388405e-01,1.027434e-01,1.488067e-07,2.916920e-05,2.620543e-04,4.146185e-06
1.878525e-03,6.802496e-01,1.417746e+03,1.566394e+06,3.694685e-06,1.388422e-01,1.027548e-01,1.326234e-07,2.704708e-05,2.527321e-04,3.861292e-06
1.925883e-03,6.803249e-01,1.417911e+03,1.408372e+06,3.409840e-06,1.388439e-01,1.027652e-01,1.185856e-07,2.513448e-05,2.439867e-04,3.602449e-06
1.973240e-03,6.803934e-01,1.418061e+03,1.270245e+06,3.153183e-06,1.388457e-01,1.027747e-01,1.063638e-07,2.340674e-05,2.357753e-04,3.366893e-06
2.020598e-03,6.804546e-01,1.418194e+03,1.152350e+06,2.926904e-06,1.388475e-01,1.027832e-01,9.600847e-08,2.187866e-05,2.281725e-04,3.157015e-06
2.067956e-03,6.805113e-01,1.418319e+03,1.046081e+06,2.718742e-06,1.388494e-01,1.027912e-01,8.674293e-08,2.046974e-05,2.209412e-04,2.962631e-06
2.115314e-03,6.805638e-01,1.418434e+03,9.511269e+05,2.528427e-06,1.388512e-01,1.027985e-01,7.849319e-08,1.917760e-05,2.140986e-04,2.783445e-06
2.162671e-03,6.806120e-01,1.418540e+03,8.676441e+05,2.356203e-06,1.388530e-01,1.028053e-01,7.127325e-08,1.800385e-05,2.076500e-04,2.619666e-06
2.210029e-03,6.806565e-01,1.418638e+03,7.930280e+05,2.198798e-06,1.388548e-01,1.028116e-01,6.484625e-08,1.692766e-05,2.015502e-04,2.468808e-06
2.257387e-03,6.806977e-01,1.418728e+03,7.266968e+05,2.055239e-06,1.388566e-01,1.028174e-01,5.916015e-08,1.594265e-05,1.957763e-04,2.330023e-06
2.304745e-03,6.807358e-01,1.418812e+03,6.674014e+05,1.924068e-06,1.388583e-01,1.028228e-01,5.409843e-08,1.503960e-05,1.903168e-04,2.202256e-06
2.352102e-03,6.807713e-01,1.418890e+03,6.141637e+05,1.803563e-06,1.388600e-01,1.028279e-01,4.957430e-08,1.420711e-05,1.851280e-04,2.083976e-06
2.399460e-03,6.808041e-01,1.418962e+03,5.665715e+05,1.693480e-06,1.388617e-01,1.028326e-01,4.554609e-08,1.344387e-05,1.802239e-04,1.975120e-06
2.446818e-03,6.808348e-01,1.419030e+03,5.234561e+05,1.591662e-06,1.388633e-01,1.028370e-01,4.191113e-08,1.273553e-05,1.755456e-04,1.873737e-06
2.494176e-03,6.808633e-01,1.419093e+03,4.849354e+05,1.498663e-06,1.388648e-01,1.028410e-01,3.867214e-08,1.208598e-05,1.711266e-04,1.780445e-06
2.541534e-03,6.808901e-01,1.419152e+03,4.497677e+05,1.412100e-06,1.388664e-01,1.028449e-01,3.572211e-08,1.147931e-05,1.668968e-04,1.693057e-06
2.588891e-03,6.809139e-01,1.419205e+03,4.198719e+05,1.336797e-06,1.388678e-01,1.028483e-01,3.323925e-08,1.094753e-05,1.630256e-04,1.616293e-06
2.636249e-03,6.809356e-01,1.419253e+03,3.935127e+05,1.269047e-06,1.388692e-01,1.028515e-01,3.106976e-08,1.046597e-05,1.593949e-04,1.546655e-06
2.683607e-03,6.809574e-01,1.419301e+03,3.671535e+05,1.201297e-06,1.388706e-01,1.028546e-01,2.890028e-08,9.984415e-06,1.557642e-04,1.477017e-06
2.730965e-03,6.809792e-01,1.419349e+03,3.407942e+05,1.133547e-06,1.388720e-01,1.028578e-01,2.673080e-08,9.502859e-06,1.521335e-04,1.407379e-06
2.778322e-03,6.809981e-01,1.419391e+03,3.194283e+05,1.076604e-06,1.388733e-01,1.028605e-01,2.498321e-08,9.093650e-06,1.488766e-04,1.347924e-06
2.825680e-03,6.810154e-01,1.419429e+03,3.008798e+05,1.025758e-06,1.388745e-01,1.028631e-01,2.347368e-08,8.725261e-06,1.458307e-04,1.294215e-06
2.873038e-03,6.810326e-01,1.419468e+03,2.823313e+05,9.749122e-07,1.388757e-01,1.028656e-01,2.196414e-08,8.356871e-06,1.427847e-04,1.240505e-06
2.920396e-03,6.810499e-01,1.419506e+03,2.637828e+05,9.240666e-07,1.388770e-01,1.028681e-01,2.045461e-08,7.988482e-06,1.397387e-04,1.186796e-06
2.967753e-03,6.810649e-01,1.419539e+03,2.487534e+05,8.813467e-07,1.388781e-01,1.028703e-01,1.923818e-08,7.675488e-06,1.370092e-04,1.140989e-06
3.015111e-03,6.810789e-01,1.419570e+03,2.353796e+05,8.424495e-07,1.388792e-01,1.028724e-01,1.815964e-08,7.388553e-06,1.344287e-04,1.098899e-06
3.062469e-03,6.810928e-01,1.419601e+03,2.220058e+05,8.035523e-07,1.388803e-01,1.028744e-01,1.708110e-08,7.101619e-06,1.318481e-04,1.056810e-06
3.109827e-03,6.811068e-01,1.419632e+03,2.086319e+05,7.646550e-07,1.388813e-01,1.028765e-01,1.600256e-08,6.814685e-06,1.292676e-04,1.014721e-06
3.157184e-03,6.811179e-01,1.419657e+03,1.987665e+05,7.350504e-07,1.388823e-01,1.028781e-01,1.521929e-08,6.590833e-06,1.271012e-04,9.819356e-07
3.204542e-03,6.811280e-01,1.419680e+03,1.902597e+05,7.090445e-07,1.388832e-01,1.028796e-01,1.455036e-08,6.391411e-06,1.250952e-04,9.527538e-07
3.251900e-03,6.811382e-01,1.419702e+03,1.817529e+05,6.830385e-07,1.388841e-01,1.028811e-01,1.388143e-08,6.191989e-06,1.230891e-04,9.235721e-07
3.299258e-03,6.811483e-01,1.419725e+03,1.732462e+05,6.570326e-07,1.388849e-01,1.028826e-01,1.321250e-08,5.992567e-06,1.210831e-04,8.943903e-07
3.346616e-03,6.811584e-01,1.419747e+03,1.647394e+05,6.310266e-07,1.388858e-01,1.028842e-01,1.254357e-08,5.793144e-06,1.190771e-04,8.652085e-07
3.393973e-03,6.811685e-01,1.419770e+03,1.562326e+05,6.050207e-07,1.388867e-01,1.028857e-01,1.187464e-08,5.593722e-06,1.170710e-04,8.360268e-07
3.441331e-03,6.811786e-01,1.419792e+03,1.477258e+05,5.790147e-07,1.388876e-01,1.028872e-01,1.120571e-08,5.394300e-06,1.150650e-04,8.068450e-07
3.488689e-03,6.811887e-01,1.419815e+03,1.392190e+05,5.530088e-07,1.388885e-01,1.028887e-01,1.053678e-08,5.194878e-06,1.130590e-04,7.776632e-07
3.536047e-03,6.811966e-01,1.419832e+03,1.334485e+05,5.343847e-07,1.388892e-01,1.028898e-01,1.008819e-08,5.047377e-06,1.114260e-04,7.560609e-07
3.583404e-03,6.812039e-01,1.419849e+03,1.283518e+05,5.175785e-07,1.388899e-01,1.028909e-01,9.693869e-09,4.912663e-06,1.098848e-04,7.363251e-07
3.630762e-03,6.812112e-01,1.419865e+03,1.232550e+05,5.007722e-07,1.388907e-01,1.028920e-01,9.299546e-09,4.777948e-06,1.083437e-04,7.165893e-07
3.678120e-03,6.812185e-01,1.419881e+03,1.181583e+05,4.839660e-07,1.388914e-01,1.028931e-01,8.905224e-09,4.643234e-06,1.068026e-04,6.968534e-07
3.725478e-03,6.812258e-01,1.419898e+03,1.130616e+05,4.671598e-07,1.388921e-01,1.028942e-01,8.510901e-09,4.508520e-06,1.052614e-04,6.771176e-07
3.772835e-03,6.812332e-01,1.419914e+03,1.079649e+05,4.503536e-07,1.388928e-01,1.028953e-01,8.116578e-09,4.373806e-06,1.037203e-04,6.573818e-07
3.820193e-03,6.812405e-01,1.419930e+03,1.028681e+05,4.335474e-07,1.388935e-01,1.028964e-01,7.722256e-09,4.239091e-06,1.021792e-04,6.376460e-07
3.867551e-03,6.812478e-01,1.419947e+03,9.777141e+04,4.167412e-07,1.388942e-01,1.028975e-01,7.327933e-09,4.104377e-06,1.006380e-04,6.179102e-07
3.914909e-03,6.812535e-01,1.419960e+03,9.431714e+04,4.047630e-07,1.388948e-01,1.028984e-01,7.064286e-09,4.004901e-06,9.938571e-05,6.033893e-07
3.962267e-03,6.812590e-01,1.419972e+03,9.107850e+04,3.934187e-07,1.388953e-01,1.028992e-01,6.817795e-09,3.910052e-06,9.817131e-05,5.895531e-07
4.009624e-03,6.812645e-01,1.419984e+03,8.783986e+04,3.820745e-07,1.388959e-01,1.029000e-01,6.571304e-09,3.815203e-06,9.695691e-05,5.757169e-07
4.056982e-03,6.812700e-01,1.419996e+03,8.460122e+04,3.707302e-07,1.388965e-01,1.029009e-01,6.324813e-09,3.720353e-06,9.574252e-05,5.618807e-07
4.104340e-03,6.812755e-01,1.420009e+03,8.136258e+04,3.593859e-07,1.388971e-01,1.029017e-01,6.078322e-09,3.625504e-06,9.452812e-05,5.480445e-07
4.151698e-03,6.812810e-01,1.420021e+03,7.812394e+04,3.480416e-07,1.388976e-01,1.029025e-01,5.831831e-09,3.530655e-06,9.331372e-05,5.342083e-07
4.199055e-03,6.812865e-01,1.420033e+03,7.488531e+04,3.366973e-07,1.388982e-01,1.029034e-01,5.585340e-09,3.435806e-06,9.209933e-05,5.203721e-07
4.246413e-03,6.812920e-01,1.420046e+03,7.164667e+04,3.253530e-07,1.388988e-01,1.029042e-01,5.338849e-09,3.340956e-06,9.088493e-05,5.065359e-07
4.293771e-03,6.812963e-01,1.420055e+03,6.945330e+04,3.172838e-07,1.388992e-01,1.029049e-01,5.174056e-09,3.270916e-06,8.989969e-05,4.963873e-07
4.341129e-03,6.813005e-01,1.420065e+03,6.729729e+04,3.093317e-07,1.388997e-01,1.029055e-01,5.012182e-09,3.201762e-06,8.892264e-05,4.863705e-07
4.388486e-03,6.813048e-01,1.420074e+03,6.514127e+04,3.013795e-07,1.389002e-01,1.029062e-01,4.850308e-09,3.132608e-06,8.794559e-05,4.763537e-07
4.435844e-03,6.813090e-01,1.420084e+03,6.298526e+04,2.934274e-07,1.389006e-01,1.029068e-01,4.688435e-09,3.063455e-06,8.696854e-05,4.663368e-07
4.483202e-03,6.813133e-01,1.420093e+03,6.082924e+04,2.854752e-07,1.389011e-01,1.029074e-01,4.526561e-09,2.994301e-06,8.599149e-05,4.563200e-07
4.530560e-03,6.813175e-01,1.420103e+03,5.867323e+04,2.775231e-07,1.389016e-01,1.029081e-01,4.364687e-09,2.925147e-06,8.501444e-05,4.463032e-07
4.577918e-03,6.813218e-01,1.420113e+03,5.651722e+04,2.695709e-07,1.389020e-01,1.029087e-01,4.202813e-09,2.855993e-06,8.403739e-05,4.362863e-07
4.625275e-03,6.813260e-01,1.420122e+03,5.439257e+04,2.617216e-07,1.389025e-01,1.029094e-01,4.043343e-09,2.787652e-06,8.306871e-05,4.263900e-07
4.672633e-03,6.813294e-01,1.420130e+03,5.290327e+04,2.559547e-07,1.389029e-01,1.029099e-01,3.932559e-09,2.735769e-06,8.226953e-05,4.189346e-07
4.719991e-03,6.813327e-01,1.420137e+03,5.141396e+04,2.501877e-07,1.389033e-01,1.029104e-01,3.821775e-09,2.683885e-06,8.147036e-05,4.114793e-07
4.767349e-03,6.813361e-01,1.420145e+03,4.992465e+04,2.444208e-07,1.389037e-01,1.029109e-01,3.710991e-09,2.632001e-06,8.067118e-05,4.040239e-07
4.814706e-03,6.813395e-01,1.420152e+03,4.843535e+04,2.386539e-07,1.389041e-01,1.029114e-01,3.600207e-09,2.580118e-06,7.987200e-05,3.965685e-07
4.862064e-03,6.813428e-01,1.420160e+03,4.694604e+04,2.328869e-07,1.389044e-01,1.029120e-01,3.489423e-09,2.528234e-06,7.907282e-05,3.891131e-07
4.909422e-03,6.813462e-01,1.420167e+03,4.545674e+04,2.271200e-07,1.389048e-01,1.029125e-01,3.378639e-09,2.476351e-06,7.827364e-05,3.816577e-07
4.956780e-03,6.813496e-01,1.420175e+03,4.396743e+04,2.213531e-07,1.389052e-01,1.029130e-01,3.267855e-09,2.424467e-06,7.747446e-05,3.742023e-07
5.004137e-03,6.813528e-01,1.420182e+03,4.255417e+04,2.158649e-07,1.389056e-01,1.029135e-01,3.162884e-09,2.374828e-06,7.670216e-05,3.670824e-07
5.051495e-03,6.813552e-01,1.420187e+03,4.165615e+04,2.122652e-07,1.389059e-01,1.029139e-01,3.097300e-09,2.340401e-06,7.611194e-05,3.622355e-07
5.098853e-03,6.813576e-01,1.420193e+03,4.075813e+04,2.086656e-07,1.389062e-01,1.029142e-01,3.031716e-09,2.305973e-06,7.552172e-05,3.573887e-07
5.146211e-03,6.813599e-01,1.420198e+03,3.986011e+04,2.050660e-07,1.389065e-01,1.029146e-01,2.966132e-09,2.271545e-06,7.493150e-05,3.525419e-07
5.193568e-03,6.813623e-01,1.420203e+03,3.896209e+04,2.014664e-07,1.389068e-01,1.029150e-01,2.900548e-09,2.237118e-06,7.434128e-05,3.476951e-07
5.240926e-03,6.813647e-01,1.420209e+03,3.806407e+04,1.978667e-07,1.389070e-01,1.029153e-01,2.834964e-09,2.202690e-06,7.375106e-05,3.428482e-07
5.288284e-03,6.813671e-01,1.420214e+03,3.716605e+04,1.942671e-07,1.389073e-01,1.029157e-01,2.769380e-09,2.168262e-06,7.316083e-05,3.380014e-07
5.335642e-03,6.813694e-01,1.420220e+03,3.626803e+04,1.906675e-07,1.389076e-01,1.029161e-01,2.703796e-09,2.133835e-06,7.257061e-05,3.331546e-07
5.383000e-03,6.813718e-01,1.420225e+03,3.537002e+04,1.870679e-07,1.389079e-01,1.029164e-01,2.638212e-09,2.099407e-06,7.198039e-05,3.283078e-07
5.430357e-03,6.813742e-01,1.420230e+03,3.447200e+04,1.834683e-07,1.389082e-01,1.029168e-01,2.572628e-09,2.064980e-06,7.139017e-05,3.234609e-07
5.477715e-03,6.813766e-01,1.420236e+03,3.357398e+04,1.798686e-07,1.389085e-01,1.029172e-01,2.507044e-09,2.030552e-06,7.079995e-05,3.186141e-07
5.525073e-03,6.813789e-01,1.420241e+03,3.267596e+04,1.762690e-07,1.389088e-01,1.029175e-01,2.441460e-09,1.996124e-06,7.020973e-05,3.137673e-07
5.572431e-03,6.813813e-01,1.420246e+03,3.177794e+04,1.726694e-07,1.389091e-01,1.029179e-01,2.375876e-09,1.961697e-06,6.961951e-05,3.089204e-07
5.619788e-03,6.813837e-01,1.420252e+03,3.087992e+04,1.690698e-07,1.389094e-01,1.029183e-01,2.310292e-09,1.927269e-06,6.902929e-05,3.040736e-07
5.667146e-03,6.813861e-01,1.420257e+03,2.998190e+04,1.654701e-07,1.389096e-01,1.029186e-01,2.244707e-09,1.892841e-06,6.843907e-05,2.992268e-07
5.714504e-03,6.813884e-01,1.420262e+03,2.908388e+04,1.618705e-07,1.389099e-01,1.029190e-01,2.179123e-09,1.858414e-06,6.784885e-05,2.943800e-07
5.761862e-03,6.813906e-01,1.420267e+03,2.829486e+04,1.586671e-07,1.389102e-01,1.029193e-01,2.121618e-09,1.827418e-06,6.730285e-05,2.900369e-07
5.809219e-03,6.813923e-01,1.420271e+03,2.777049e+04,1.564255e-07,1.389104e-01,1.029196e-01,2.083727e-09,1.804755e-06,6.686422e-05,2.869171e-07
5.856577e-03,6.813940e-01,1.420275e+03,2.724611e+04,1.541839e-07,1.389106e-01,1.029199e-01,2.045837e-09,1.782092e-06,6.642558e-05,2.837973e-07
5.903935e-03,6.813957e-01,1.420279e+03,2.672174e+04,1.519424e-07,1.389108e-01,1.029201e-01,2.007946e-09,1.759429e-06,6.598695e-05,2.806774e-07
5.951293e-03,6.813974e-01,1.420283e+03,2.619736e+04,1.497008e-07,1.389111e-01,1.029204e-01,1.970055e-09,1.736767e-06,6.554831e-05,2.775576e-07
5.998651e-03,6.813991e-01,1.420286e+03,2.567299e+04,1.474592e-07,1.389113e-01,1.029207e-01,1.932165e-09,1.714104e-06,6.510968e-05,2.744378e-07
6.046008e-03,6.814009e-01,1.420290e+03,2.514862e+04,1.452177e-07,1.389115e-01,1.029209e-01,1.894274e-09,1.691441e-06,6.467104e-05,2.713179e-07
6.093366e-03,6.814026e-01,1.420294e+03,2.462424e+04,1.429761e-07,1.389117e-01,1.029212e-01,1.856383e-09,1.668778e-06,6.423241e-05,2.681981e-07
6.140724e-03,6.814043e-01,1.420298e+03,2.409987e+04,1.407345e-07,1.389119e-01,1.029215e-01,1.818493e-09,1.646115e-06,6.379378e-05,2.650783e-07
6.188082e-03,6.814060e-01,1.420302e+03,2.357549e+04,1.384930e-07,1.389121e-01,1.029217e-01,1.780602e-09,1.623453e-06,6.335514e-05,2.619584e-07
6.235439e-03,6.814077e-01,1.420306e+03,2.305112e+04,1.362514e-07,1.389124e-01,1.029220e-01,1.742711e-09,1.600790e-06,6.291651e-05,2.588386e-07
6.282797e-03,6.814094e-01,1.420309e+03,2.252675e+04,1.340098e-07,1.389126e-01,1.029223e-01,1.704821e-09,1.578127e-06,6.247787e-05,2.557188e-07
