# Cantera 3.2.0 FreeFlame, T_u = 300.0 K, p = 101325.0 Pa, air O2:N2 = 1:3.76, 3 cm domain
fuel,phi,transport,S_L,T_b,delta_T,points
h2,0.4,mix,0.16012550,1419.7415,7.72488629e-04,468
h2,0.4,mix_soret,0.15515938,1420.5983,7.85349642e-04,491
h2,0.4,multi,0.16520445,1420.3597,7.55006291e-04,483
h2,0.4,multi_soret,0.16094811,1421.4395,7.65239059e-04,492
h2,0.5,mix,0.42968966,1636.0975,4.48607598e-04,447
h2,0.5,mix_soret,0.39968902,1635.0675,4.59757007e-04,476
h2,0.5,multi,0.43639478,1636.6249,4.38608607e-04,452
h2,0.5,multi_soret,0.40929105,1635.6127,4.48736566e-04,472
h2,0.6,mix,0.80829461,1834.1272,3.59858015e-04,459
h2,0.6,mix_soret,0.73526502,1833.8089,3.65654299e-04,498
h2,0.6,multi,0.80862178,1834.5630,3.52103889e-04,468
h2,0.6,multi_soret,0.74458483,1834.5016,3.57408355e-04,496
h2,1.0,mix,2.33237442,2384.2817,3.30139762e-04,485
h2,1.0,mix_soret,2.13545681,2383.0567,3.23055328e-04,523
h2,1.0,multi,2.28956453,2384.4052,3.26147108e-04,486
h2,1.0,multi_soret,2.11316953,2383.0255,3.19341464e-04,517
