y,n_cells,MEAN_RHO,MEAN_U_X,MEAN_U_Y,MEAN_U_Z,MEAN_P,MEAN_T,COV_U_X_U_X,COV_U_Y_U_Y,COV_U_Z_U_Z,COV_U_X_U_Y
0.0024466067237059715,24576,1.0044857947392467,0.025949119031660813,4.0682486153972543e-09,8.8218619740734156e-05,17.941946391853953,1.0002620260552555,8.7805617916197854e-05,2.3757911447235575e-08,2.2776650963459355e-05,-3.6293921213813481e-07
0.0075065618155353642,24576,1.0039798119887609,0.079334960916235805,-2.0177847671119164e-08,0.00027056979062291806,17.941945811444246,1.0007661491187918,0.00082010728248792242,3.9240712417061007e-07,0.00016498128400942278,-5.0455613376386919e-06
0.012910396821859996,24576,1.0034824078389293,0.13589091282234442,-1.0825055652014627e-07,0.00046449929624674518,17.9419435196248,1.0012621728682367,0.0024023411319367451,2.6874417492865432e-06,0.00040055596009814408,-2.6076575051028302e-05
0.018679412837823661,24576,1.0030005729684788,0.19540531289385366,-4.2986390381517809e-07,0.00066937568490890026,17.941937161922922,1.0017429374760831,0.004919660541048379,8.5307798844486835e-06,0.0006909482597822435,-7.4625325507449443e-05
0.024835930570731954,24576,1.0025424666549008,0.25735125006825227,-8.6679796263643221e-07,0.00088430464643045477,17.941924720478838,1.002200100819352,0.0083353602636162955,2.1001748009756668e-05,0.0010121549834074244,-0.00016684581525802026
0.03140329456721766,24576,1.0021161602667727,0.32085709998643303,-1.6447305559614915e-06,0.0011082671468520011,17.941903213468592,1.0026253350264116,0.012438452923585863,4.1783220223521293e-05,0.0013434940311150164,-0.00030838749920868158
0.038405869570243646,24576,1.0017286649097787,0.38477192306566083,-2.3431917561777279e-06,0.0013395281002298786,17.94187092344389,1.0030114264746153,0.016862059161942,7.3961756231440199e-05,0.0016764103581951299,-0.00050217064418690079
0.045869027697290871,24576,1.001384631727223,0.44780250954664785,-3.3356860148844586e-06,0.0015743536977802244,17.941825310342484,1.0033534799284889,0.021170780638392506,0.00011883295596740362,0.0020029159700956146,-0.00073780585082498025
0.053819125019952431,24576,1.0010860511130217,0.5086889546573844,-3.9789544225641066e-06,0.0018055788466611849,17.941764940924688,1.0036493340647032,0.024966692521321832,0.00017874636060989131,0.0023202053369588351,-0.0010023171380022511
0.06228346601714943,24576,1.000832117549751,0.56635443602889324,-4.7912588539555471e-06,0.0020217919360217269,17.941688546057883,1.0038996554292416,0.027967247656492111,0.00025446791298264291,0.0026225642601688994,-0.0012770441037530649
0.071290254274135309,24576,1.0006198278503784,0.62000795018961641,-5.1492637809759313e-06,0.0022081045318897425,17.941595102316953,1.0041073436978549,0.030032747857078879,0.00034719121484468149,0.0029049472152574119,-0.0015462540901112866
0.080868527716233957,24576,1.0004447099048519,0.66917852794279387,-5.5721707681749348e-06,0.0023492107061862159,17.941484876270355,1.0042768606135373,0.031153719173433181,0.0004567544754306345,0.0031604046043505326,-0.0017958330333063385
0.091048076597833386,24576,1.0003015862541256,0.71369852633080844,-5.6080269623932678e-06,0.0024335788824432453,17.941358005346569,1.0044133810231799,0.031415767755045287,0.00058279328295750298,0.0033837633467565923,-0.0020171567320032267
0.10185934242719526,24576,1.0001852858379998,0.75364367714220382,-5.6623642775413118e-06,0.002456368894880546,17.941216356581229,1.0045221803361288,0.030961914023445058,0.00072376134752335348,0.00357165443674705,-0.0022052605036234829
0.11333329600084345,24576,1.0000910212493843,0.78925824119180743,-5.4571947994249254e-06,0.0024187118227185027,17.941061768407344,1.0046081541215104,0.029959121324359295,0.00087752627630071842,0.0037240940727517775,-0.0023593598464799704
0.12550129275646685,24576,1.000014671940783,0.82088322356874976,-5.2541498600475451e-06,0.002323443343741332,17.94089767473324,1.0046756227045448,0.028572101069120004,0.0010409574901679749,0.0038439647407120482,-0.0024806631253555134
0.13839490373770069,24576,0.99995276878077499,0.84890789847935944,-4.8969805131063016e-06,0.0021701229641723253,17.940727592484574,1.0047282602171415,0.026944581597778461,0.0012103130095156545,0.0039361497232207471,-0.0025717843135585569
0.1520457206128582,24576,0.99990250116141011,0.87373928939756684,-4.5338524711523897e-06,0.001952993938316921,17.940556070788283,1.004769139567983,0.025191769003740649,0.0013812497572014016,0.0040053541210929447,-0.0026356283156963103
0.1664851334108815,24576,0.99986160135221358,0.89578565834075907,-4.0854444656362485e-06,0.0016623461552602238,17.940387500472973,1.0048007811141939,0.023398806704098885,0.001549221389345549,0.0040545774719221933,-0.002675270163467552
0.18174407992802344,24576,0.99982831593428878,0.91544186595953514,-3.6302815707768783e-06,0.0012877883450333517,17.940226473653393,1.0048252009541871,0.021626621349535524,0.0017097451301249405,0.004085000249244475,-0.0026937523773594607
0.1978527661628941,24576,0.99980130761551633,0.93307299158579082,-3.1397207638968878e-06,0.00082447849450691731,17.940076883918739,1.0048439587366258,0.019918183243512688,0.0018588338017445358,0.0040973226655607363,-0.0026940557186365542
0.21484035761689857,24576,0.99977958751968843,0.94900373947587902,-2.6561290976067384e-06,0.00028299514991897309,17.939942066594856,1.0048582333190221,0.018302587184003238,0.0019932005974331287,0.0040938790909161651,-0.0026788634895007521
0.23273464189810758,24576,0.99976241739613192,0.96351322659272221,-2.1668850365417401e-06,-0.00030848330537151054,17.939824567734551,1.004868907976501,0.016797238006350024,0.002110257419232845,0.0040779587791459852,-0.0026505250312187775
0.25156166376182082,24576,0.99974923927326365,0.97684159042489016,-1.690216073023421e-06,-0.00091327711561797688,17.939726433594775,1.0048766572081793,0.015411423435186977,0.0022079809680170086,0.0040521821416657968,-0.002610788109601993
0.27134533455049059,24576,0.99973960437223364,0.98920892526340731,-1.2197423353745189e-06,-0.0014910689121796308,17.939649118520883,1.0048820128780402,0.014149826843372737,0.0022849209817349765,0.004016683541305857,-0.0025610105245409322
0.29210701888578744,24576,0.99973313511840478,1.0008079267426395,-7.8365548755199094e-07,-0.0019991803533311128,17.939593241637617,1.0048853886746538,0.013012411802912904,0.0023404844082169089,0.0039677192393000812,-0.0025026755863062234
0.3138651024924704,24576,0.99972950194445931,1.0117796533915662,-3.8535241589569305e-07,-0.0024117890501125028,17.93955836170592,1.0048870907727463,0.011996874055244744,0.0023751004144708081,0.0039000133387478617,-0.0024372439253039458
0.33663454609907495,24576,0.99972840344170832,1.0222236350956606,-3.6153410804828073e-08,-0.0027258288524522646,17.939543208367102,1.004887350700667,0.011093422964241206,0.0023900638620204672,0.0038124072562556936,-0.0023654475636470688
0.36042643148734005,24576,0.99972955721800161,1.0322346570144585,2.6544437100471893e-07,-0.0029469061803744875,17.939545952588723,1.0048863496709635,0.010284736939763395,0.0023872268524272838,0.0037075057582935185,-0.0022875129853051142
0.38524750690119169,24576,0.99973270893651789,1.0419084590958523,5.2388292105262262e-07,-0.003088593528612888,17.939564636379238,1.0048842335378061,0.0095557696470964792,0.0023685362155855304,0.0035881113578161046,-0.0022037929457939974
0.41109974012220207,24576,0.9997376266879392,1.0513224989695418,7.4731160658951163e-07,-0.0031731321217705133,17.939597422309969,1.0048811324220652,0.0088931266895233563,0.0023358248196641744,0.0034575882695535346,-0.002114705532173702
0.4379798885643823,24576,0.99974408661375869,1.060531650509978,9.344870714033732e-07,-0.0032094979318152781,17.939642545793347,1.0048771724696575,0.008285467441327965,0.0022908558345209966,0.0033193373696050132,-0.0020206237873802439
0.46587909659614873,24576,0.99975186224030999,1.0695541697811675,1.0780002326385657e-06,-0.0031965642353298414,17.939698075573961,1.0048724730805458,0.0077241701113301975,0.0022355366238706511,0.0031724808603878448,-0.001922179211872992
0.49478253101637942,24576,0.99976070190134481,1.0783478231104231,1.1780721995352802e-06,-0.0031252066911171619,17.9397619297538,1.0048671705206123,0.0072018988965576458,0.0021719533116354136,0.0030172157701396133,-0.0018197765307688635
0.5246690660216905,24576,0.9997703555382601,1.0868640197825128,1.2476957108278784e-06,-0.0029808182558820071,17.939832146733416,1.0048614062280883,0.0067123024105577578,0.0021020713489428517,0.0028603518306123824,-0.0017132111537540725
0.55551102911023731,24576,0.99978060783532618,1.0950693795133699,1.2895664049400012e-06,-0.0027585009685952427,17.939906864441944,1.0048552923433367,0.0062477367377851145,0.0020277527963098018,0.0027072557047209205,-0.0016024553154889924
0.58727401909169508,24576,0.9997912705880464,1.1029622888071824,1.2916292354382965e-06,-0.002466189857884524,17.939984004400436,1.0048489015760762,0.0058001780308365447,0.0019510462174601559,0.0025571086855209939,-0.0014871786825936604
0.61991680668793125,24576,0.99980220679049658,1.1105729627799465,1.280290438429521e-06,-0.002137214132521117,17.940061595258449,1.0048422611297796,0.0053716745181535686,0.0018738947755018139,0.0024098534237910365,-0.0013677671047209738
0.65339132704918979,24576,0.99981323728661009,1.1178900569707897,1.2447448878471418e-06,-0.001806555483213563,17.940137837334174,1.0048354502174177,0.0049655284674523514,0.0017981199677917798,0.0022658550513610419,-0.0012451153738528471
0.68764277191194634,24576,0.99982411150196604,1.1248487808542047,1.1674264216503024e-06,-0.0014966485341187472,17.940210695074114,1.0048286065877916,0.0045793264532887346,0.001725733623882126,0.0021232288947380493,-0.0011199182692323887
0.72260978707504397,24576,0.99983457163128797,1.1313500197380451,1.0775671513935726e-06,-0.001213190078133251,17.940278558609048,1.0048218989940334,0.0042092620888765087,0.0016583081781840717,0.0019836943179103159,-0.0009927502319104207
0.75822477841278801,24576,0.99984439836882988,1.1372747571196369,9.9295270969394819e-07,-0.00095161101247409998,17.940340773819106,1.004815511047078,0.0038585337380419027,0.0015965151769389014,0.0018539071951884224,-0.00086410061910893613
0.79441432684818047,24576,0.99985334706007212,1.1424701223031037,8.925295009171245e-07,-0.00070217383685299787,17.940396877784504,1.0048096627104053,0.0035395690441479832,0.0015407982352698862,0.0017406602871548598,-0.00073452000572602014
0.83109970967855706,24576,0.99986117377167383,1.1468061633207169,7.7518264775397553e-07,-0.00046618499592586182,17.940446067522323,1.0048045542548718,0.003264991940066464,0.0014919205856287478,0.0016491530205351695,-0.00060368664408625003
0.86819752249181215,24576,0.99986772129167889,1.1502301336764587,6.5293446081634176e-07,-0.00025121710750101246,17.940487396189472,1.0048002906814735,0.003040302232009795,0.0014508227207496991,0.0015843762902531724,-0.00047148155093969035
0.905620392751735,24576,0.99987286838855094,1.1527219034568985,5.1667057786480048e-07,-3.7495232268461937e-05,17.940519651912538,1.0047969259209975,0.0028642059073105131,0.0014187384592301514,0.0015489184810087307,-0.00033817465222287034
0.94327777312741024,24576,0.99987645843123518,1.1542457495522342,3.6269367977995935e-07,0.00021656967027163792,17.940541317834935,1.0047945323863803,0.0027398609030910848,0.0013971807654072342,0.0015404115780687331,-0.00020443653401738918
0.98107679996835351,24576,0.99987829254726079,1.1547657050209446,1.9053576976224896e-07,0.00053371956733272636,17.940551031555017,1.0047932335639096,0.0026726590887160562,0.0013875060983813082,0.0015542168050906833,-7.044410993837922e-05
1.0189232000313488,24576,0.99987824672215486,1.1543001072434478,1.8719084219165319e-08,0.00089844831918363443,17.940548219839016,1.0047931218619106,0.0026660255411272704,0.0013902957033602177,0.001585105140036984,6.3748868128288535e-05
1.0567222268738592,24576,0.99987635311458589,1.1528792086009794,-1.5452544744882552e-07,0.0012831562573463139,17.940533216053904,1.0047941836064882,0.0027217270118242709,0.0014052300967956567,0.0016279946366209068,0.00019761504473586979
1.0943796072494276,24576,0.99987278859482176,1.150518119408281,-3.2047535685735702e-07,0.0016586881532824642,17.940507021824036,1.004796297208677,0.0028406169348274002,0.0014312894932664974,0.0016806842157016915,0.0003309492012479715
1.1318024775081759,24576,0.99986776934826682,1.1472626751686954,-4.6270805302844815e-07,0.0019870725257184144,17.940471209249775,1.0047993335493324,0.0030165084100000072,0.0014669239531068087,0.0017444251692553233,0.00046367143752715315
1.1689002903223251,24576,0.99986146827117017,1.1431782317463548,-5.9564700860539236e-07,0.0022330140679646076,17.940427318950444,1.0048032052395492,0.0032390463460669761,0.0015105879535309993,0.0018222983547957819,0.00059547173915161175
1.2055856731523431,24576,0.99985401025949161,1.1383175508290411,-7.1632547186348846e-07,0.0023845733924380756,17.940376472634689,1.0048078496075037,0.0034988972019496245,0.001561149001475132,0.0019159311525686761,0.00072590576245703945
1.2417752215868683,24576,0.99984551761925056,1.1327261010731304,-8.1971766306506926e-07,0.0024542067396097853,17.940319543138116,1.004813192652547,0.0037934633328451373,0.0016177361236379886,0.0020240016433606153,0.00085495426306340667
1.2773902129247618,24576,0.99983621058549854,1.1265019599558048,-9.1193291792019148e-07,0.0024603750236563762,17.940257145192295,1.0048190475188652,0.0041189083294193019,0.001679744537403329,0.0021451135049956843,0.00098294981982942884
1.3123572280889308,24576,0.99982630592597754,1.1197873367421285,-9.9320276957804224e-07,0.002420066397501561,17.940189715106175,1.0048252208341681,0.0044706760497286169,0.0017467591692244991,0.0022768563618698824,0.0011097589000955426
1.3466086729504421,24576,0.99981598541917027,1.1127024484264072,-1.0516778561464378e-06,0.0023592079825239306,17.940117882132288,1.0048315652290978,0.0048458877623767105,0.0018181574765557672,0.0024123705592861309,0.0012349255984255689
1.3800831933109567,24576,0.99980546409644677,1.1053442547797374,-1.0813648425975151e-06,0.0023107353610263598,17.940042611049495,1.0048379186767022,0.0052392430468546358,0.0018929985715723538,0.0025462625155591497,0.00135782166414664
1.4127259809095114,24576,0.99979491548571298,1.0977595375231026,-1.1080607493956913e-06,0.0022979772347370316,17.939964805442518,1.0048441574097113,0.0056438618265739482,0.001970417329248058,0.0026769638032644351,0.0014772651324248581
1.4444889708899975,24576,0.99978445424578277,1.0899115346463426,-1.1254880129642621e-06,0.00232532510120232,17.939885512856861,1.0048502248993072,0.0060591133085377002,0.0020493362199530329,0.0028054032025016306,0.0015923600831202107
1.4753309339782625,24576,0.9997742486809722,1.08176550240575,-1.0972653581986946e-06,0.0023731099358602807,17.939806816378532,1.0048560686960877,0.0064927636252285481,0.0021276819372910683,0.002938108756834935,0.0017032223975276849
1.5052174689851536,24576,0.99976455492073413,1.0733448182980689,-1.0333029832770021e-06,0.002408276977843884,17.939731533221721,1.0048615891909456,0.0069530761107128303,0.0022026730985674598,0.0030792817715609225,0.0018101891992807399
1.5341209034044727,24576,0.99975569584267032,1.0646949825581744,-9.3512173026026517e-07,0.0023998667638280451,17.939662456577171,1.0048666183816646,0.0074559205258108996,0.0022714803522366771,0.003227566660489227,0.001913390620655653
1.5620201114357912,24576,0.99974796385177933,1.0558593142524899,-7.8359086390615426e-07,0.0023252648812301436,17.939602374203393,1.0048710186118752,0.0080151141151083571,0.002331313624705024,0.0033772862176047777,0.0020126232214566567
1.5889002598777473,24576,0.99974157686376142,1.0468392429256757,-5.9765938011201317e-07,0.0021651479960537938,17.939553730403325,1.0048747078018707,0.008636537910184261,0.0023797410775384109,0.0035218860173126042,0.0021072505687881379
1.6147524930994679,24576,0.99973671377713325,1.0375968302771308,-3.7136054291317369e-07,0.0019037538041447183,17.939518458906043,1.0048776144329352,0.009325348372513087,0.0024148609577960447,0.0036536045010707595,0.0021969231923447434
1.6395735685128736,24576,0.99973356448348116,1.0280937681326774,-1.1643001043204193e-07,0.0015553731206023431,17.93949818831949,1.0048796388852153,0.010082548442087669,0.0024350599544422412,0.0037684666696955736,0.002281492201291382
1.6633654539011604,24576,0.99973236982314995,1.0182814409530248,1.7860481847178862e-07,0.0011579515713076949,17.939494525064305,1.0048806291851593,0.010914478126227367,0.0024387479670314504,0.0038690286971665615,0.0023603898668602343
1.686134897508264,24576,0.99973342730387615,1.0080820269128088,5.1456657117411682e-07,0.00075766855797855428,17.939509308886588,1.0048803895632983,0.011839009784338606,0.0024240923487732578,0.0039574776941325718,0.0024329619358875753
1.7078929811139265,24576,0.99973705554843673,0.99739889997284914,9.0310195361932135e-07,0.00038357059653426417,17.939544510515727,1.0048787104311485,0.012871844304241598,0.0023890929200786073,0.0040336672550932142,0.0024985930970213765
1.7286546654493604,24576,0.99974358423826692,0.98610826764603099,1.333863025652722e-06,3.4658941993372194e-05,17.939601775651234,1.0048753528851966,0.014023231924771284,0.0023321007749105083,0.0040999910088068275,0.002556234723275205
1.7484383362365152,24576,0.99975338427963034,0.97403856612131456,1.7887912179584647e-06,-0.00030053051414593695,17.939681769477922,1.0048699817261455,0.015303061480978597,0.0022524566422342544,0.004158333607194707,0.0026046509068437308
1.7672653581008417,24576,0.99976689773057159,0.96099093621496667,2.2559253821497976e-06,-0.00062394652454026865,17.939783995759775,1.0048621253492622,0.016720265420060332,0.0021506110557981961,0.0042081932210052296,0.0026429235516019214
1.7851596423812288,24576,0.99978458741701781,0.94676311755116305,2.7382214835541899e-06,-0.00092169334994265733,17.939907000915774,1.00485123786178,0.018270393290996001,0.0020280443117618491,0.0042457249038649969,0.0026699815758416479
1.8021472338368758,24576,0.9998069467879751,0.93112270187408641,3.2140393893843701e-06,-0.0011757075656789425,17.940048351434164,1.0048366879521302,0.019929278376139892,0.0018871693341642602,0.0042669216234160505,0.0026839620861862359
1.8182559200715078,24576,0.99983462883879104,0.91378758963527962,3.6970563403764881e-06,-0.001375224726038936,17.940204869002212,1.0048176425465907,0.021665549151788754,0.0017312056310408422,0.0042693413561746517,0.0026825908261420067
1.8335148665877514,24576,0.99986853553049504,0.89443452702516812,4.1427531826588503e-06,-0.0015188295823071233,17.94037254986598,1.0047929725754599,0.023442203795631444,0.0015640971460290419,0.0042510896019609997,0.0026633335106232506
1.8479542793870416,24576,0.99990990615316799,0.87269618088652501,4.5844141870822126e-06,-0.0016114701991861882,17.940546998059389,1.0047611886341838,0.025210174927535411,0.0013903184486154609,0.0042102449444664314,0.0026230151494604304
1.8616050962627466,24576,0.99996040506150774,0.84815608105877127,4.9429388783733793e-06,-0.0016571837759434603,17.940723368773998,1.0047203499020265,0.026904565436576933,0.0012145938359332563,0.0041435671104906053,0.0025580992742320506
1.8744987072431973,24576,1.0000222631599955,0.82036883922167325,5.2972534681125455e-06,-0.0016561451319983946,17.940897203976238,1.0046679691595084,0.028441301959534093,0.0010415216448740265,0.0040461432839056571,0.002465300980762585
1.8866667039984022,24576,1.0000983291615027,0.78889904256337851,5.4984674116554506e-06,-0.0016072545210286426,17.941064015907706,1.004600938522846,0.029713683672362046,0.00087539276240486972,0.0039125099379683477,0.002342082183862536
1.8981406575740496,24576,1.0001921589313598,0.75335284294897498,5.6993179874181437e-06,-0.0015133802580003864,17.9412203852179,1.0045155020956151,0.030591234921003352,0.00071985551571838329,0.0037388982472817589,0.0021864168367694494
1.9089519234012693,24576,1.000307981652506,0.71340650837327202,5.6400931784749771e-06,-0.0013839826655912891,17.941363002073189,1.0044072373512485,0.03092566408931785,0.0005779284401370953,0.0035253872866328447,0.0019976196154819809
1.9191314722842525,24576,1.000450683027545,0.6688451999937588,5.593651418572469e-06,-0.0012325967411500641,17.941490142603985,1.0042711564840034,0.03056605319244593,0.00045162348671970947,0.0032756535812591518,0.0017766741723911697
1.9287097457265112,24576,1.0006254992471106,0.61962050440059968,5.1614772961345582e-06,-0.0010728904865561571,17.941600088389844,1.0041019271654374,0.029381549349169755,0.00034235072071937085,0.0029961749920368918,0.0015283174985270143
1.9377165339816302,24576,1.0008376318191998,0.56591592426254866,4.7885008823194538e-06,-0.00091601017487916462,17.941692855112333,1.0038943592295875,0.027293235433645646,0.00025030454708172434,0.0026937729019660315,0.0012607499903146524
1.9461808749794107,24576,1.0010915422258055,0.50820811798776966,3.9696244565187194e-06,-0.00076971949642227198,17.94176838911233,1.0036440138694145,0.024311219457759548,0.00017545294240311679,0.0023755660983562311,0.00098780660805830524
1.9541309723029332,24576,1.0013901826477254,0.44729166320578473,3.3131316759601143e-06,-0.00063843686940141559,17.941827860767663,1.0033480512373243,0.02057106702762071,0.00011643362534175535,0.0020457799523736029,0.00072526075028291363
1.9615941304306899,24576,1.0017342715652513,0.38425064204913806,2.3233223139433616e-06,-0.00052333173995603647,17.941872685855021,1.0030059007130467,0.016348596763497647,7.2351738590634005e-05,0.0017089563043949066,0.00049193785120300014
1.9685967054328872,24576,1.0021217011918864,0.32035454938887836,1.6194037533886662e-06,-0.00042272904564329155,17.941904338339249,1.0026198437525666,0.012033031457173896,4.0808336011069987e-05,0.0013670068915544818,0.00030085643320816645
1.9751640694312058,24576,1.0025477021262283,0.25690178209350972,8.5309955166006492e-07,-0.00033319792826826475,17.941925376210651,1.0021948947679806,0.0080474347273230273,2.0477164558625841e-05,0.0010276286162862946,0.00016204496452400043
1.9813205871634232,24576,1.0030051814809804,0.1950393868023011,4.1930132474799387e-07,-0.00025117566920756558,17.941937528527912,1.0017383487961269,0.0047425265656149199,8.3023739115065658e-06,0.00069973590736104117,7.2159229700222166e-05
1.987089603177761,24576,1.0034860452370533,0.13562735928597031,1.0693063735146074e-07,-0.00017428195217296507,17.941943718602374,1.0012585513990524,0.0023139110833238601,2.6102586614213172e-06,0.00040444324576762656,2.5113366493409576e-05
1.9924934381848303,24576,1.003982178965384,0.079179518332246318,2.0152120956018419e-08,-0.00010161303176643833,17.941945948967756,1.0007637968292755,0.00078976432727917434,3.8024490442284782e-07,0.00016605739987315287,4.8413029850849767e-06
1.9975533932753615,24576,1.0044866630617812,0.02589841811481073,-3.2356551483043704e-09,-3.3148721255753271e-05,17.941946510287604,1.0002611684724574,8.4579945317135542e-05,2.2994632973812488e-08,2.2824334085481227e-05,3.4726641492478758e-07
