hardware,benchmark,cells_per_s
NVIDIA A100-SXM4-80GB,teno5_2d,5.42e+07
NVIDIA A100-SXM4-80GB,muscl_2d,2.65e+08
NVIDIA A100-SXM4-80GB,teno5_3d,2.64e+06
NVIDIA A100-SXM4-80GB,h2o2@dt=1e-08,6.524e+06
NVIDIA A100-SXM4-80GB,h2o2@dt=1e-06,2.644e+06
NVIDIA A100-SXM4-80GB,gri30@dt=1e-08,5.238e+05
NVIDIA A100-SXM4-80GB,gri30@dt=1e-06,5.294e+05
AMD Instinct MI355X,teno5_2d,1.76e+08
AMD Instinct MI355X,muscl_2d,6.49e+08
AMD Instinct MI355X,teno5_3d,5.35e+06
AMD Instinct MI355X,h2o2@dt=1e-08,1.268e+07
AMD Instinct MI355X,h2o2@dt=1e-06,3.587e+06
AMD Instinct MI355X,gri30@dt=1e-08,7.856e+05
AMD Instinct MI355X,gri30@dt=1e-06,7.496e+05
