# Cantera 3.2.0 CounterflowDiffusionFlame as strain.csv; U_o = 0.98875855 m/s, U_f = 1.1449917 m/s, K_ox = 344.372 1/s, K_f = 384.69 1/s, T_max = 1488.52 K, V_T = 385.803 1/s
z,u,V,T,rho,Y_H2,Y_H,Y_O,Y_O2,Y_OH,Y_H2O,Y_HO2,Y_H2O2,Y_AR,Y_N2
0.00000000e+00,1.14499173e+00,2.53426231e-18,3.00000000e+02,8.73961759e-01,2.34260615e-02,6.78909529e-14,6.90907659e-15,4.20279521e-15,-2.09928424e-15,1.32716773e-16,2.26830508e-18,-1.01759436e-14,-5.50193668e-19,9.76573939e-01
2.50000000e-04,1.14138119e+00,1.44421855e+01,3.00000000e+02,8.73961759e-01,2.34260615e-02,2.10523002e-13,6.83016437e-15,4.20279336e-15,-2.42928559e-16,-1.81687721e-15,2.26851960e-18,-1.01759525e-14,-5.50193668e-19,9.76573939e-01
3.75000000e-04,1.13686800e+00,2.16632782e+01,3.00000000e+02,8.73961759e-01,2.34260615e-02,3.93385048e-13,6.79076761e-15,4.20279237e-15,-4.65582301e-17,-1.99124361e-15,2.26871196e-18,-1.01759535e-14,-5.50193668e-19,9.76573939e-01
5.00000000e-04,1.13054955e+00,2.88843709e+01,3.00000000e+02,8.73961759e-01,2.34260615e-02,7.66026016e-13,6.75136293e-15,4.20279120e-15,-2.67975141e-18,-1.99577045e-15,2.26907042e-18,-1.01759539e-14,-5.50193668e-19,9.76573939e-01
6.25000000e-04,1.12242582e+00,3.61054636e+01,3.00000000e+02,8.73961759e-01,2.34260615e-02,1.52323287e-12,6.71188675e-15,4.20278970e-15,7.05876135e-18,-1.96219011e-15,2.26976970e-18,-1.01759541e-14,-5.50193668e-19,9.76573939e-01
7.50000000e-04,1.11249681e+00,4.33265564e+01,3.00000000e+02,8.73961759e-01,2.34260615e-02,3.05626226e-12,6.67227393e-15,4.20278751e-15,9.17584695e-18,-1.91996911e-15,2.27116699e-18,-1.01759541e-14,-5.50193668e-19,9.76573939e-01
8.75000000e-04,1.10076254e+00,5.05476491e+01,3.00000000e+02,8.73961759e-01,2.34260615e-02,6.14611947e-12,6.63245707e-15,4.20278390e-15,9.59792184e-18,-1.87563553e-15,2.27399006e-18,-1.01759541e-14,-5.50193668e-19,9.76573939e-01
1.00000000e-03,1.08722299e+00,5.77687418e+01,3.00000000e+02,8.73961759e-01,2.34260615e-02,1.23407086e-11,6.59236564e-15,4.20277742e-15,9.64461722e-18,-1.83058076e-15,2.27971497e-18,-1.01759539e-14,-5.50193668e-19,9.76573939e-01
1.12500000e-03,1.07187817e+00,6.49898345e+01,3.00000000e+02,8.73961759e-01,2.34260615e-02,2.46831537e-11,6.55192516e-15,4.20276511e-15,9.60837123e-18,-1.78504262e-15,2.29131720e-18,-1.01759533e-14,-5.50193668e-19,9.76573939e-01
1.25000000e-03,1.05472807e+00,7.22109273e+01,3.00000000e+02,8.73961759e-01,2.34260614e-02,4.91020586e-11,6.51105642e-15,4.20274109e-15,9.55359303e-18,-1.73897394e-15,2.31473907e-18,-1.01759520e-14,-5.50193668e-19,9.76573939e-01
1.37500000e-03,1.03577271e+00,7.94320200e+01,3.00000000e+02,8.73961758e-01,2.34260614e-02,9.70313827e-11,6.46967612e-15,4.20269379e-15,9.49438049e-18,-1.69212142e-15,2.36164446e-18,-1.01759491e-14,-5.50193668e-19,9.76573939e-01
1.50000000e-03,1.01501206e+00,8.66531127e+01,3.00000000e+02,8.73961758e-01,2.34260612e-02,1.90277658e-10,6.42770398e-15,4.20260136e-15,9.43388820e-18,-1.64340948e-15,2.45401940e-18,-1.01759432e-14,-5.50193668e-19,9.76573939e-01
1.62500000e-03,9.92446149e-01,9.38742054e+01,3.00000000e+02,8.73961759e-01,2.34260608e-02,3.69921203e-10,6.38509874e-15,4.20242716e-15,9.37311313e-18,-1.58733767e-15,2.62862131e-18,-1.01759320e-14,-5.50193668e-19,9.76573939e-01
1.68750000e-03,9.80486213e-01,9.74847518e+01,3.00000000e+02,8.73961760e-01,2.34260604e-02,5.20774178e-10,6.36361628e-15,4.20229618e-15,9.34300422e-18,-1.54554277e-15,2.75982884e-18,-1.01759234e-14,-5.50193669e-19,9.76573939e-01
1.75000000e-03,9.68074957e-01,1.01095298e+02,3.00000000e+02,8.73961762e-01,2.34260597e-02,7.39137340e-10,6.34203295e-15,4.20210706e-15,9.31343099e-18,-1.46478429e-15,2.94900214e-18,-1.01759111e-14,-5.50193670e-19,9.76573940e-01
1.81250000e-03,9.55212381e-01,1.04705845e+02,3.00000000e+02,8.73961766e-01,2.34260585e-02,1.05398709e-09,6.32051422e-15,4.20183284e-15,9.28497084e-18,-1.26113573e-15,3.22252034e-18,-1.01758931e-14,-5.50193672e-19,9.76573940e-01
1.87500000e-03,9.41898481e-01,1.08316391e+02,3.00000000e+02,8.73961775e-01,2.34260565e-02,1.50611097e-09,6.29950110e-15,4.20143436e-15,9.25879966e-18,-6.72480700e-16,3.61810984e-18,-1.01758669e-14,-5.50193675e-19,9.76573942e-01
1.93750000e-03,9.28133254e-01,1.11926937e+02,3.00000000e+02,8.73961793e-01,2.34260530e-02,2.15261728e-09,6.28011661e-15,4.20085474e-15,9.23742081e-18,1.11169417e-15,4.18939791e-18,-1.01758286e-14,-5.50193682e-19,9.76573945e-01
2.00000000e-03,9.13916693e-01,1.15537483e+02,3.00000000e+02,8.73961826e-01,2.34260473e-02,3.07302442e-09,6.26515144e-15,4.20001067e-15,9.22636565e-18,6.57150594e-15,5.01245316e-18,-1.01757727e-14,-5.50193693e-19,9.76573950e-01
2.06250000e-03,8.99248786e-01,1.19148030e+02,3.00000001e+02,8.73961886e-01,2.34260375e-02,4.37742021e-09,6.26142816e-15,4.19877755e-15,9.23819074e-18,2.32131125e-14,6.19630977e-18,-1.01756903e-14,-5.50193713e-19,9.76573958e-01
2.12500000e-03,8.84129514e-01,1.22758576e+02,3.00000002e+02,8.73961994e-01,2.34260209e-02,6.21730733e-09,6.28540778e-15,4.19695960e-15,9.30199472e-18,7.34951676e-14,7.90385009e-18,-1.01755675e-14,-5.50193749e-19,9.76573973e-01
2.25000000e-03,8.52536777e-01,1.29979666e+02,3.00000006e+02,8.73962453e-01,2.34259540e-02,1.21251930e-08,6.53419699e-15,4.19055910e-15,9.79256415e-18,4.74173191e-13,1.36971461e-17,-1.01751237e-14,-5.50193898e-19,9.76574034e-01
2.31250000e-03,8.36063200e-01,1.33590211e+02,3.00000013e+02,8.73962928e-01,2.34258872e-02,1.68046884e-08,6.96374731e-15,4.18603401e-15,1.05555198e-17,1.25124289e-12,1.77070571e-17,-1.01747923e-14,-5.50194050e-19,9.76574096e-01
2.37500000e-03,8.19138005e-01,1.37200753e+02,3.00000026e+02,8.73963731e-01,2.34257767e-02,2.32716735e-08,8.00162807e-15,4.18020558e-15,1.23291493e-17,3.49098581e-12,2.29213738e-17,-1.01743217e-14,-5.50194306e-19,9.76574200e-01
2.43750000e-03,8.01761015e-01,1.40811293e+02,3.00000052e+02,8.73965065e-01,2.34255951e-02,3.21599534e-08,1.04344719e-14,4.17357370e-15,1.64049316e-17,9.86133469e-12,2.95172336e-17,-1.01736530e-14,-5.50194733e-19,9.76574373e-01
2.50000000e-03,7.83931959e-01,1.44421827e+02,3.00000107e+02,8.73967254e-01,2.34252986e-02,4.43074432e-08,1.60256130e-14,4.16872714e-15,2.57197598e-17,2.77309519e-11,3.76049365e-17,-1.01727004e-14,-5.50195438e-19,9.76574657e-01
2.56250000e-03,7.65650436e-01,1.48032353e+02,3.00000218e+02,8.73970791e-01,2.34248183e-02,6.08139099e-08,2.86745000e-14,4.17457500e-15,4.69390559e-17,7.71402014e-11,4.72515664e-17,-1.01713340e-14,-5.50196589e-19,9.76575121e-01
2.62500000e-03,7.46915863e-01,1.51642864e+02,3.00000441e+02,8.73976421e-01,2.34240464e-02,8.31123510e-08,5.68837914e-14,4.21822974e-15,9.51776916e-17,2.11722359e-10,5.87087928e-17,-1.01693431e-14,-5.50198453e-19,9.76575870e-01
2.68750000e-03,7.27727416e-01,1.55253350e+02,3.00000887e+02,8.73985231e-01,2.34228165e-02,1.13056581e-07,1.18924284e-13,4.37769623e-15,2.04714152e-16,5.72623219e-10,7.32102626e-17,-1.01663503e-14,-5.50201439e-19,9.76577070e-01
2.75000000e-03,7.08083978e-01,1.58863799e+02,3.00001766e+02,8.73998761e-01,2.34208745e-02,1.53028129e-07,2.53465969e-13,4.87017508e-15,4.53340079e-16,1.52483382e-09,9.52320761e-17,-1.01616016e-14,-5.50206177e-19,9.76578971e-01
2.81250000e-03,6.87984104e-01,1.62474189e+02,3.00003481e+02,8.74019104e-01,2.34178369e-02,2.06066433e-07,5.41077033e-13,6.28659038e-15,1.01769474e-15,3.99504092e-09,1.38442385e-16,-1.01534359e-14,-5.50213613e-19,9.76581953e-01
2.87500000e-03,6.67426054e-01,1.66084496e+02,3.00006789e+02,8.74048933e-01,2.34131327e-02,2.76027774e-07,1.14690967e-12,1.02046682e-14,2.29847116e-15,1.02913358e-08,2.40977108e-16,-1.01379506e-14,-5.50225158e-19,9.76586581e-01
2.93750000e-03,6.46407965e-01,1.69694696e+02,3.00013085e+02,8.74091358e-01,2.34059225e-02,3.67780945e-07,2.40385118e-12,2.07684644e-14,5.19921979e-15,2.60481198e-08,5.04332981e-16,-1.01056735e-14,-5.50242876e-19,9.76593684e-01
2.96875000e-03,6.35725785e-01,1.71499759e+02,3.00018308e+02,8.74118426e-01,2.34009214e-02,4.24127924e-07,3.52380419e-12,3.25661106e-14,8.00553335e-15,4.25250359e-08,7.95040562e-16,-1.00745415e-14,-5.50255166e-19,9.76598612e-01
3.00000000e-03,6.24928114e-01,1.73304793e+02,3.00025820e+02,8.74149668e-01,2.33946503e-02,4.88930126e-07,5.21695515e-12,5.38356965e-14,1.25249288e-14,7.07918813e-08,1.31765322e-15,-1.00222606e-14,-5.50270563e-19,9.76604790e-01
3.06250000e-03,6.02987259e-01,1.76914768e+02,3.00050601e+02,8.74223883e-01,2.33774112e-02,6.47367302e-07,1.11600284e-11,1.46855092e-13,2.99467284e-14,1.86963197e-07,3.60053576e-15,-9.80793697e-15,-5.50312795e-19,9.76621754e-01
3.12500000e-03,5.80589491e-01,1.80524808e+02,3.00095962e+02,8.74309249e-01,2.33518668e-02,8.51994558e-07,2.29076593e-11,3.85536054e-13,6.95568956e-14,4.60756739e-07,9.45261954e-15,-9.29388960e-15,-5.50375055e-19,9.76646820e-01
3.15625000e-03,5.69223261e-01,1.82330047e+02,3.00132265e+02,8.74350332e-01,2.33346520e-02,9.76318427e-07,3.29422030e-11,6.43073091e-13,1.07869690e-13,7.31755590e-07,1.57594146e-14,-8.76948180e-15,-5.50416713e-19,9.76663640e-01
3.18750000e-03,5.57750159e-01,1.84135622e+02,3.00182984e+02,8.74382993e-01,2.33135259e-02,1.11823951e-06,4.76126875e-11,1.09391743e-12,1.69272620e-13,1.17620526e-06,2.67920343e-14,-7.88294036e-15,-5.50467433e-19,9.76684180e-01
3.25000000e-03,5.34498972e-01,1.87748447e+02,3.00343787e+02,8.74396493e-01,2.32571810e-02,1.46188091e-06,9.68993292e-11,2.99980342e-12,4.04937187e-13,2.90055976e-06,7.33602307e-14,-4.29918631e-15,-5.50600742e-19,9.76738456e-01
3.31250000e-03,5.10881037e-01,1.91365701e+02,3.00624128e+02,8.74268222e-01,2.31768758e-02,1.90207863e-06,1.89439951e-10,7.79116086e-12,9.43381873e-13,6.69253529e-06,1.89934873e-13,3.98824367e-15,-5.50785858e-19,9.76814529e-01
3.37500000e-03,4.86977315e-01,1.94992092e+02,3.01103612e+02,8.73841494e-01,2.30640661e-02,2.46610613e-06,3.60235934e-10,1.98946732e-11,2.17398463e-12,1.48184861e-05,4.82356712e-13,2.27159464e-14,-5.51035756e-19,9.76918649e-01
3.43750000e-03,4.62915100e-01,1.98635897e+02,3.01907270e+02,8.72849620e-01,2.29080338e-02,3.19036145e-06,6.70029954e-10,5.07570831e-11,5.00178381e-12,3.17563285e-05,1.21983536e-12,6.39731271e-14,-5.51361117e-19,9.77057019e-01
3.46875000e-03,4.50898303e-01,2.00469823e+02,3.02502053e+02,8.71980410e-01,2.28088906e-02,3.63144280e-06,9.16022810e-10,8.46092582e-11,7.81610997e-12,4.67385930e-05,2.01908398e-12,1.02325891e-13,-5.51553234e-19,9.77140738e-01
3.50000000e-03,4.38951569e-01,2.02317257e+02,3.03283382e+02,8.70726388e-01,2.26924896e-02,4.13588391e-06,1.25528394e-09,1.43677396e-10,1.23982359e-11,6.91604471e-05,3.39822529e-12,1.61980433e-13,-5.51762513e-19,9.77234213e-01
3.53125000e-03,4.27125319e-01,2.04183604e+02,3.04302682e+02,8.68965072e-01,2.25565805e-02,4.71360214e-06,1.72017478e-09,2.46880982e-10,1.99423170e-11,1.02345874e-04,5.77268361e-12,2.53799914e-13,-5.51983800e-19,9.77336358e-01
3.56250000e-03,4.15478782e-01,2.06076068e+02,3.05622849e+02,8.66546992e-01,2.23988196e-02,5.37632102e-06,2.35311656e-09,4.27766422e-10,3.24958157e-11,1.50892823e-04,9.85685606e-12,3.93609468e-13,-5.52208458e-19,9.77444908e-01
3.59375000e-03,4.04080019e-01,2.08004100e+02,3.07319793e+02,8.63294134e-01,2.22168273e-02,6.13790732e-06,3.20924554e-09,7.46205044e-10,5.36103898e-11,2.21045180e-04,1.68782620e-11,6.04139627e-13,-5.52423335e-19,9.77555986e-01
3.62500000e-03,3.93005323e-01,2.09979885e+02,3.09483791e+02,8.59000420e-01,2.20082647e-02,7.01474308e-06,4.35955347e-09,1.30970871e-09,8.95002075e-11,3.21110893e-04,2.89413825e-11,9.17566908e-13,-5.52609664e-19,9.77663604e-01
3.65625000e-03,3.82337820e-01,2.12018828e+02,3.12220446e+02,8.53435259e-01,2.17709282e-02,8.02611612e-06,5.89447517e-09,2.31235491e-09,1.51097499e-10,4.61896904e-04,4.96384139e-11,1.37876535e-12,-5.52741997e-19,9.77759140e-01
3.68750000e-03,3.72165098e-01,2.14139996e+02,3.15651021e+02,8.46351232e-01,2.15028624e-02,9.19459972e-06,7.92777570e-09,4.10582243e-09,2.57663942e-10,6.57110299e-04,8.50572307e-11,2.04938546e-12,-5.52787332e-19,9.77830820e-01
3.71875000e-03,3.62575745e-01,2.16366419e+02,3.19911871e+02,8.37496781e-01,2.12024837e-02,1.05463759e-05,1.06004037e-08,7.32847338e-09,4.43019161e-10,9.23651990e-04,1.45406703e-10,3.01288000e-12,-5.52704631e-19,9.77863299e-01
3.75000000e-03,3.53654811e-01,2.18725165e+02,3.25152719e+02,8.26634163e-01,2.08687073e-02,1.21114392e-05,1.40836846e-08,1.31378755e-08,7.65971896e-10,1.28171003e-03,2.47558097e-10,4.38059032e-12,-5.52444917e-19,9.77837443e-01
3.78125000e-03,3.45478342e-01,2.21247072e+02,3.31533570e+02,8.13561932e-01,2.05010635e-02,1.39236026e-05,1.85808055e-08,2.36238327e-08,1.32704052e-09,1.75455315e-03,4.18864073e-10,6.29893272e-12,-5.51952159e-19,9.77730416e-01
3.81250000e-03,3.38107343e-01,2.23966044e+02,3.39220193e+02,7.98139871e-01,2.00997887e-02,1.60202215e-05,2.43250091e-08,4.25274887e-08,2.29360091e-09,2.36794144e-03,7.02615318e-10,8.95738475e-12,-5.51165014e-19,9.77516180e-01
3.84375000e-03,3.31581707e-01,2.26917846e+02,3.48378274e+02,7.80312884e-01,1.96658756e-02,1.84415623e-05,3.15723567e-08,7.64602629e-08,3.93435677e-09,3.14911669e-03,1.16535869e-09,1.25959049e-11,-5.50019384e-19,9.77166453e-01
3.87500000e-03,3.25914775e-01,2.30138416e+02,3.59166563e+02,7.60129450e-01,1.92010699e-02,2.12297708e-05,4.05865970e-08,1.36901136e-07,6.66037178e-09,4.12540873e-03,1.90596188e-09,1.75078777e-11,-5.48451566e-19,9.76652105e-01
3.90625000e-03,3.21089234e-01,2.33661781e+02,3.71729558e+02,7.37750361e-01,1.87078079e-02,2.44274561e-05,5.16140315e-08,2.43336915e-07,1.10633373e-08,5.32258135e-03,3.06575665e-09,2.40301596e-11,-5.46401612e-19,9.75944874e-01
3.93750000e-03,3.17054942e-01,2.37517751e+02,3.86190400e+02,7.13444808e-01,1.81890992e-02,2.80759679e-05,6.48479646e-08,4.27965400e-07,1.79342160e-08,6.76311709e-03,4.83843673e-09,3.25067789e-11,-5.43816459e-19,9.75019192e-01
3.96875000e-03,3.13729035e-01,2.41729653e+02,4.02644697e+02,6.87573413e-01,1.76483680e-02,3.22135202e-05,8.03860037e-08,7.42358874e-07,2.82427217e-08,8.46467651e-03,7.47788530e-09,4.32131690e-11,-5.40652424e-19,9.73853883e-01
4.00000000e-03,3.10998354e-01,2.46312352e+02,4.21155887e+02,6.60560637e-01,1.70892716e-02,3.68733601e-05,9.81893495e-08,1.26633852e-06,4.30677578e-08,1.04389479e-02,1.13020776e-08,5.62430370e-11,-5.36876797e-19,9.72433488e-01
4.03125000e-03,3.08723923e-01,2.51270797e+02,4.41752569e+02,6.32861232e-01,1.65155200e-02,4.20821947e-05,1.18060391e-07,2.11902109e-06,6.34925615e-08,1.26910302e-02,1.66918364e-08,7.13938095e-11,-5.32468476e-19,9.70749050e-01
4.06250000e-03,3.06746941e-01,2.56599227e+02,4.64427930e+02,6.04926334e-01,1.59307157e-02,4.78590582e-05,1.39661050e-07,3.47160443e-06,9.05047744e-08,1.52193888e-02,2.40843891e-08,8.81224102e-11,-5.27417770e-19,9.68798311e-01
4.09375000e-03,3.04895629e-01,2.62281099e+02,4.89141177e+02,5.77174167e-01,1.53382273e-02,5.42147380e-05,1.62596080e-07,5.56105650e-06,1.24953076e-07,1.80163235e-02,3.39629582e-08,1.05646126e-10,-5.21725574e-19,9.66585352e-01
4.12500000e-03,3.02992252e-01,2.68289679e+02,5.15820617e+02,5.49968622e-01,1.47411026e-02,6.11517917e-05,1.86580776e-07,8.70358981e-06,1.67602589e-07,2.10688182e-02,4.68444948e-08,1.23214397e-10,-5.15402206e-19,9.64119823e-01
4.15625000e-03,3.00859741e-01,2.74589168e+02,5.44367950e+02,5.23606915e-01,1.41420216e-02,6.86651011e-05,2.11703232e-07,1.33067483e-05,2.19319432e-07,2.43596081e-02,6.32678531e-08,1.40506680e-10,-5.08466076e-19,9.61415904e-01
4.18750000e-03,2.98327476e-01,2.81136203e+02,5.74663245e+02,4.98315686e-01,1.35432813e-02,7.67428458e-05,2.38785384e-07,1.98791483e-05,2.81431526e-07,2.78683150e-02,8.37842963e-08,1.58081575e-10,-5.00942378e-19,9.58491178e-01
4.21875000e-03,2.95235972e-01,2.87881560e+02,6.06570122e+02,4.74253783e-01,1.29468068e-02,8.53677407e-05,2.69856002e-07,2.90373872e-05,3.56378906e-07,3.15725274e-02,1.08951608e-07,1.77852005e-10,-4.92861847e-19,9.55365525e-01
4.25000000e-03,2.91440366e-01,2.94771911e+02,6.39940735e+02,4.51519542e-01,1.23541790e-02,9.45183774e-05,3.08780455e-07,4.15103201e-05,4.48883267e-07,3.54487488e-02,1.39332713e-07,2.03679685e-10,-4.84259630e-19,9.52060146e-01
4.28125000e-03,2.86812736e-01,3.01751510e+02,6.74620235e+02,4.30160445e-01,1.17666714e-02,1.04170523e-04,3.62144374e-07,5.81418209e-05,5.68021124e-07,3.94731741e-02,1.75499930e-07,2.42341420e-10,-4.75174278e-19,9.48596736e-01
4.31250000e-03,2.81243366e-01,3.08763724e+02,7.10450514e+02,4.10183505e-01,1.11852918e-02,1.14298253e-04,4.40550526e-07,7.98943428e-05,7.30761394e-07,4.36222846e-02,2.18046831e-07,3.05326161e-10,-4.65646836e-19,9.44996841e-01
4.34375000e-03,2.74641132e-01,3.15752376e+02,7.47273130e+02,3.91565191e-01,1.06108236e-02,1.24874826e-04,5.60552711e-07,1.07857196e-04,9.67710448e-07,4.78732712e-02,2.67611143e-07,4.12238532e-10,-4.55720036e-19,9.41281377e-01
4.37500000e-03,2.66933198e-01,3.22662851e+02,7.84931387e+02,3.74260247e-01,1.00438650e-02,1.35873203e-04,7.47527369e-07,1.43265565e-04,1.33198582e-06,5.22043025e-02,3.24913888e-07,5.97126828e-10,-4.45437569e-19,9.37470289e-01
4.40625000e-03,2.58064217e-01,3.29442993e+02,8.23271590e+02,3.58209068e-01,9.48486604e-03,1.47266116e-04,1.03990726e-06,1.87538917e-04,1.91231870e-06,5.65946566e-02,3.90821730e-07,9.19973204e-10,-4.34843447e-19,9.33582328e-01
4.43750000e-03,2.47995200e-01,3.36043791e+02,8.62143563e+02,3.43343618e-01,8.93416258e-03,1.59025588e-04,1.49542542e-06,2.42350548e-04,2.85169637e-06,6.10247310e-02,4.66441179e-07,1.48706433e-09,-4.23981428e-19,9.29634915e-01
4.46875000e-03,2.36702210e-01,3.42419871e+02,9.01400483e+02,3.29591989e-01,8.39200813e-03,1.71121721e-04,2.20040378e-06,3.09743509e-04,4.37315839e-06,6.54759364e-02,5.53254734e-07,2.48621441e-09,-4.12894525e-19,9.25644061e-01
4.50000000e-03,2.24174993e-01,3.48529831e+02,9.40898114e+02,3.16881808e-01,7.85860594e-03,1.83520566e-04,3.28373094e-06,3.92312096e-04,6.81483712e-06,6.99304742e-02,6.53310601e-07,4.24604957e-09,-4.01624568e-19,9.21624331e-01
4.53125000e-03,2.10415625e-01,3.54336437e+02,9.80493472e+02,3.05142698e-01,7.33414254e-03,1.96180755e-04,4.93805854e-06,4.93472802e-04,1.06770629e-05,7.43709841e-02,7.69479652e-07,7.33283743e-09,-3.90211836e-19,9.17588828e-01
4.56250000e-03,1.95437267e-01,3.59806694e+02,1.02004294e+03,2.94308019e-01,6.81882572e-03,2.09048516e-04,7.45191205e-06,6.17854756e-04,1.66853870e-05,7.87800389e-02,9.05796263e-07,1.27030707e-08,-3.78694739e-19,9.13549176e-01
4.59375000e-03,1.79263205e-01,3.64911835e+02,1.05940058e+03,2.84315864e-01,6.31293033e-03,2.22050493e-04,1.12577295e-05,7.71847755e-04,2.58747341e-05,8.31394468e-02,1.06790156e-06,2.19327193e-08,-3.67109551e-19,9.09515502e-01
4.62500000e-03,1.61926447e-01,3.69627218e+02,1.09841864e+03,2.75109073e-01,5.81685616e-03,2.35083706e-04,1.70017858e-05,9.64355961e-04,3.97006425e-05,8.74293087e-02,1.26360639e-06,3.75377083e-08,-3.55490205e-19,9.05496392e-01
4.65625000e-03,1.43468522e-01,3.73932171e+02,1.13694234e+03,2.66636484e-01,5.33120177e-03,2.48001919e-04,2.56412121e-05,1.20781528e-03,6.01805618e-05,9.16267762e-02,1.50360943e-06,6.33692270e-08,-3.43868114e-19,9.01498816e-01
4.68750000e-03,1.23938832e-01,3.77809789e+02,1.17480457e+03,2.58853683e-01,4.85685688e-03,2.60598026e-04,3.85682183e-05,1.51953472e-03,9.00593285e-05,9.57044773e-02,1.80236780e-06,1.04985725e-07,-3.32272017e-19,8.97527998e-01
4.71875000e-03,1.03394482e-01,3.81246716e+02,1.21181988e+03,2.51723570e-01,4.39511285e-03,2.72583092e-04,5.77475351e-05,1.92339878e-03,1.32967649e-04,9.96286329e-02,2.17908040e-06,1.69744257e-07,-3.20727825e-19,8.93587208e-01
4.75000000e-03,8.19006385e-02,3.84232890e+02,1.24777762e+03,2.45216851e-01,3.94778119e-03,2.83565142e-04,8.58245800e-05,2.45188830e-03,1.93488894e-04,1.03357052e-01,2.65865131e-06,2.66142459e-07,-3.09258472e-19,8.89677475e-01
4.78125000e-03,5.95315401e-02,3.86761284e+02,1.28243563e+03,2.39312330e-01,3.51729097e-03,2.93035398e-04,1.26117513e-04,3.14819891e-03,2.76951556e-04,1.06837524e-01,3.27244064e-06,4.01887426e-07,-2.97883769e-19,8.85797207e-01
4.79687500e-03,4.80445986e-02,3.87851249e+02,1.29916776e+03,2.36586005e-01,3.30952411e-03,2.96967610e-04,1.52284663e-04,3.58081263e-03,3.29319852e-04,1.08461611e-01,3.64555382e-06,4.86120960e-07,-2.92234347e-19,8.83865349e-01
4.81250000e-03,3.63719007e-02,3.88825220e+02,1.31546549e+03,2.34006123e-01,3.10718561e-03,3.00278891e-04,1.82943596e-04,4.07762689e-03,3.89452583e-04,1.09999058e-01,4.06682755e-06,5.80838256e-07,-2.86614548e-19,8.81938807e-01
4.82812500e-03,2.45261289e-02,3.89683099e+02,1.33128802e+03,2.31572265e-01,2.91074983e-03,3.02878851e-04,2.18551914e-04,4.64760718e-03,4.57901315e-04,1.11440592e-01,4.54140735e-06,6.85108032e-07,-2.81025931e-19,8.80016492e-01
4.84375000e-03,1.25209169e-02,3.90424921e+02,1.34659281e+03,2.29284365e-01,2.72070509e-03,3.04677966e-04,2.59493896e-04,5.30037322e-03,5.35019811e-04,1.12776751e-01,5.07447252e-06,7.97374743e-07,-2.75469863e-19,8.78097108e-01
4.85937500e-03,3.70896741e-04,3.91050842e+02,1.36133608e+03,2.27142654e-01,2.53753897e-03,3.05591210e-04,3.06043480e-04,6.04603787e-03,6.20908451e-04,1.13998125e-01,5.67092990e-06,9.15507794e-07,-2.69947523e-19,8.76179169e-01
4.87500000e-03,-1.19082718e-02,3.91561132e+02,1.37547324e+03,2.25147590e-01,2.36172032e-03,3.05542279e-04,3.58326306e-04,6.89498403e-03,7.15358371e-04,1.15095663e-01,6.33513927e-06,1.03694795e-06,-2.64459923e-19,8.74261034e-01
4.89062500e-03,-2.42998703e-02,3.91956256e+02,1.38895732e+03,2.23300145e-01,2.19367795e-03,3.04468133e-04,4.16282867e-04,7.85751373e-03,8.17804515e-04,1.16061062e-01,7.07059640e-06,1.15892885e-06,-2.59007906e-19,8.72340961e-01
4.90625000e-03,-3.67861738e-02,3.92236771e+02,1.40174440e+03,2.21600946e-01,2.03378167e-03,3.02323069e-04,4.79644689e-04,8.94357782e-03,9.27310671e-04,1.16887047e-01,7.87975576e-06,1.27873000e-06,-2.53592191e-19,8.70417156e-01
4.91406250e-03,-4.30587988e-02,3.92334188e+02,1.40785993e+03,2.20807687e-01,1.95699893e-03,3.00838707e-04,5.13179173e-04,9.53670589e-03,9.84241498e-04,1.17245501e-01,8.31286684e-06,1.33691530e-06,-2.50897275e-19,8.69452885e-01
4.92187500e-03,-4.93480185e-02,3.92403179e+02,1.41378550e+03,2.20051698e-01,1.88235403e-03,2.99079539e-04,5.47858156e-04,1.01641298e-02,1.04241228e-03,1.17566993e-01,8.76470306e-06,1.39367856e-06,-2.48211673e-19,8.68487015e-01
4.92968750e-03,-5.56513691e-02,3.92443832e+02,1.41951606e+03,2.19333053e-01,1.80986865e-03,2.97046241e-04,5.83583318e-04,1.08268485e-02,1.10160288e-03,1.17851032e-01,9.23510682e-06,1.44878762e-06,-2.45535456e-19,8.67519334e-01
4.93750000e-03,-6.19663401e-02,3.92456237e+02,1.42504673e+03,2.18651824e-01,1.73955798e-03,2.94741020e-04,6.20243376e-04,1.15257763e-02,1.16157661e-03,1.18097235e-01,9.72385763e-06,1.50204780e-06,-2.42868690e-19,8.66549644e-01
4.94531250e-03,-6.82903777e-02,3.92440489e+02,1.43037275e+03,2.18008075e-01,1.67143057e-03,2.92167615e-04,6.57714979e-04,1.22617346e-02,1.22208264e-03,1.18305329e-01,1.02306494e-05,1.55330373e-06,-2.40211440e-19,8.65577757e-01
4.95312500e-03,-7.46208895e-02,3.92396686e+02,1.43548957e+03,2.17401868e-01,1.60548823e-03,2.89331279e-04,6.95863833e-04,1.30354444e-02,1.28285876e-03,1.18475156e-01,1.07550862e-05,1.60243973e-06,-2.37563774e-19,8.64603500e-01
4.96093750e-03,-8.09552481e-02,3.92324929e+02,1.44039279e+03,2.16833255e-01,1.54172600e-03,2.86238725e-04,7.34546039e-04,1.38475206e-02,1.34363439e-03,1.18606671e-01,1.12966849e-05,1.64937894e-06,-2.34925756e-19,8.63626717e-01
4.96875000e-03,-8.72907953e-02,3.92225322e+02,1.44507820e+03,2.16302288e-01,1.48013236e-03,2.82898057e-04,7.73609594e-04,1.46984674e-02,1.40413375e-03,1.18699940e-01,1.18548814e-05,1.69408157e-06,-2.32297453e-19,8.62647270e-01
4.97656250e-03,-9.36248467e-02,3.92097970e+02,1.44954179e+03,2.15809011e-01,1.42068933e-03,2.79318679e-04,8.12896020e-04,1.55886755e-02,1.46407910e-03,1.18755136e-01,1.24290389e-05,1.73654233e-06,-2.29678933e-19,8.61665040e-01
4.98437500e-03,-9.99546954e-02,3.91942983e+02,1.45377973e+03,2.15353464e-01,1.36337283e-03,2.75511188e-04,8.52242076e-04,1.65184208e-02,1.52319390e-03,1.18772535e-01,1.30184577e-05,1.77678741e-06,-2.27070266e-19,8.60679929e-01
4.99218750e-03,-1.06277617e-01,3.91760472e+02,1.45778838e+03,2.14935685e-01,1.30815306e-03,2.71487250e-04,8.91481507e-04,1.74878639e-02,1.58120584e-03,1.18752512e-01,1.36223863e-05,1.81487117e-06,-2.24471521e-19,8.59691859e-01
5.00000000e-03,-1.12590871e-01,3.91550549e+02,1.46156429e+03,2.14555709e-01,1.25499487e-03,2.67259465e-04,9.30446789e-04,1.84970527e-02,1.63784962e-03,1.18695530e-01,1.42400328e-05,1.85087277e-06,-2.21882774e-19,8.58700776e-01
5.00781250e-03,-1.18891708e-01,3.91313330e+02,1.46510423e+03,2.14213571e-01,1.20385832e-03,2.62841230e-04,9.68970813e-04,1.95459245e-02,1.69286952e-03,1.18602134e-01,1.48705766e-05,1.88489297e-06,-2.19304100e-19,8.57706646e-01
5.01562500e-03,-1.25177374e-01,3.91048930e+02,1.46840512e+03,2.13909307e-01,1.15469915e-03,2.58246593e-04,1.00688849e-03,2.06343109e-02,1.74602150e-03,1.18472945e-01,1.55131783e-05,1.91705148e-06,-2.16735575e-19,8.56709458e-01
5.02343750e-03,-1.31445107e-01,3.90757469e+02,1.47146410e+03,2.13642952e-01,1.10746936e-03,2.53490106e-04,1.04403819e-03,2.17619428e-02,1.79707504e-03,1.18308647e-01,1.61669840e-05,1.94748538e-06,-2.14177281e-19,8.55709223e-01
5.03125000e-03,-1.37692150e-01,3.90439066e+02,1.47427849e+03,2.13414548e-01,1.06211776e-03,2.48586688e-04,1.08026309e-03,2.29284575e-02,1.84581438e-03,1.18109981e-01,1.68311136e-05,1.97634960e-06,-2.11629298e-19,8.54705972e-01
5.04687500e-03,-1.50113818e-01,3.89721968e+02,1.47916664e+03,2.13071286e-01,9.76883116e-04,2.38385030e-04,1.14948038e-03,2.53757919e-02,1.93574982e-03,1.17612246e-01,1.81869705e-05,2.02989505e-06,-2.06566008e-19,8.52691247e-01
5.06250000e-03,-1.62419816e-01,3.88898804e+02,1.48304864e+03,2.12880422e-01,8.98493404e-04,2.27776206e-04,1.21333292e-03,2.79719300e-02,2.01434846e-03,1.16987070e-01,1.95747723e-05,2.07904217e-06,-2.01544898e-19,8.50665396e-01
5.07812500e-03,-1.74588385e-01,3.87970590e+02,1.48590913e+03,2.12842546e-01,8.26483263e-04,2.16877621e-04,1.27089603e-03,3.07111875e-02,2.08060563e-03,1.16241483e-01,2.09892392e-05,2.12511729e-06,-1.96566674e-19,8.48629353e-01
5.09375000e-03,-1.86598026e-01,3.86938359e+02,1.48773532e+03,2.12958440e-01,7.60385811e-04,2.05800997e-04,1.32140609e-03,3.35870821e-02,2.13381232e-03,1.15382636e-01,2.24259951e-05,2.16947914e-06,-1.91632050e-19,8.46584281e-01
5.10937500e-03,-1.98427562e-01,3.85803155e+02,1.48851685e+03,2.13229122e-01,6.99744692e-04,1.94649957e-04,1.36426794e-03,3.65925583e-02,2.17354548e-03,1.14417612e-01,2.38817844e-05,2.21347161e-06,-1.86741740e-19,8.44531527e-01
5.12500000e-03,-2.10056187e-01,3.84566037e+02,1.48824565e+03,2.13655893e-01,6.44123170e-04,1.83518404e-04,1.39905346e-03,3.97201870e-02,2.19964738e-03,1.13353273e-01,2.53545544e-05,2.25840974e-06,-1.81896446e-19,8.42472584e-01
5.14062500e-03,-2.21463519e-01,3.83228078e+02,1.48691587e+03,2.14240366e-01,5.93110422e-04,1.72489608e-04,1.42549347e-03,4.29623332e-02,2.21219893e-03,1.12196166e-01,2.68434726e-05,2.30558184e-06,-1.77096857e-19,8.40409059e-01
5.15625000e-03,-2.32629633e-01,3.81790364e+02,1.48452370e+03,2.14984512e-01,5.46325340e-04,1.61635888e-04,1.44346522e-03,4.63112891e-02,2.21149064e-03,1.10952452e-01,2.83488957e-05,2.35626197e-06,-1.72343644e-19,8.38342637e-01
5.17187500e-03,-2.43535097e-01,3.80253993e+02,1.48106737e+03,2.15890691e-01,5.03418256e-04,1.51018756e-04,1.45297731e-03,4.97593736e-02,2.19799354e-03,1.09627876e-01,2.98723042e-05,2.41173029e-06,-1.67637452e-19,8.36275059e-01
5.18750000e-03,-2.54161002e-01,3.78620082e+02,1.47654699e+03,2.16961689e-01,4.64071029e-04,1.40689403e-04,1.45415355e-03,5.32990020e-02,2.17233155e-03,1.08227759e-01,3.14162144e-05,2.47330040e-06,-1.62978906e-19,8.34208104e-01
5.20312500e-03,-2.64488985e-01,3.76889763e+02,1.47096450e+03,2.18200751e-01,4.27995915e-04,1.30689421e-04,1.44721699e-03,5.69227308e-02,2.13525629e-03,1.06757012e-01,3.29840769e-05,2.54235326e-06,-1.58368606e-19,8.32143572e-01
5.21875000e-03,-2.74501254e-01,3.75064187e+02,1.46432359e+03,2.19611621e-01,3.94933588e-04,1.21051671e-04,1.43247476e-03,6.06232812e-02,2.08762421e-03,1.05220157e-01,3.45801697e-05,2.62037841e-06,-1.53807129e-19,8.30083277e-01
5.23437500e-03,-2.84180605e-01,3.73144528e+02,1.45662964e+03,2.21198575e-01,3.64650643e-04,1.11801204e-04,1.41030443e-03,6.43935479e-02,2.03037637e-03,1.03621367e-01,3.62094923e-05,2.70902409e-06,-1.49295029e-19,8.28029034e-01
5.25000000e-03,-2.93510446e-01,3.71131982e+02,1.44788967e+03,2.22966463e-01,3.36936822e-04,1.02956217e-04,1.38114190e-03,6.82265965e-02,1.96452026e-03,1.01964497e-01,3.78776627e-05,2.81015909e-06,-1.44832844e-19,8.25982664e-01
5.26562500e-03,-3.02474812e-01,3.69027774e+02,1.43811228e+03,2.24920747e-01,3.11602145e-04,9.45289646e-05,1.34547122e-03,7.21156530e-02,1.89111335e-03,1.00253134e-01,3.95908224e-05,2.92595104e-06,-1.40421092e-19,8.23945981e-01
5.28125000e-03,-3.11058388e-01,3.66833158e+02,1.42730764e+03,2.27067549e-01,2.88474102e-04,8.65266283e-05,1.30381597e-03,7.60540896e-02,1.81124803e-03,9.84906321e-02,4.13555476e-05,3.05896784e-06,-1.36060277e-19,8.21920799e-01
5.29687500e-03,-3.19246530e-01,3.64549424e+02,1.41548744e+03,2.29413689e-01,2.67394991e-04,7.89521124e-05,1.25673250e-03,8.00354069e-02,1.72603734e-03,9.66801572e-02,4.31787673e-05,3.21231151e-06,-1.31750891e-19,8.19908928e-01
5.31250000e-03,-3.27025288e-01,3.62177899e+02,1.40266496e+03,2.31966741e-01,2.48219464e-04,7.18047620e-05,1.20480448e-03,8.40532177e-02,1.63660117e-03,9.48247217e-02,4.50676822e-05,3.38979460e-06,-1.27493418e-19,8.17912173e-01
5.32812500e-03,-3.34381439e-01,3.59719956e+02,1.38885502e+03,2.34735083e-01,2.30812349e-04,6.50809978e-05,1.14863885e-03,8.81012306e-02,1.54405258e-03,9.29272218e-02,4.70296774e-05,3.59616615e-06,-1.23288334e-19,8.15932337e-01
5.34375000e-03,-3.41302516e-01,3.57177014e+02,1.37407404e+03,2.37727947e-01,2.15046732e-04,5.87748669e-05,1.08886278e-03,9.21732369e-02,1.44948404e-03,9.09904685e-02,4.90722097e-05,3.83738008e-06,-1.19136110e-19,8.13971217e-01
5.35937500e-03,-3.47776845e-01,3.54550547e+02,1.35834011e+03,2.40955483e-01,2.00802367e-04,5.28785123e-05,1.02612127e-03,9.62631013e-02,1.35395336e-03,8.90172159e-02,5.12026491e-05,4.12086828e-06,-1.15037218e-19,8.12030604e-01
5.37500000e-03,-3.53793596e-01,3.51842091e+02,1.34167303e+03,2.44428820e-01,1.87964375e-04,4.73825635e-05,9.61075055e-04,1.00364757e-01,1.25846939e-03,8.70101852e-02,5.34280465e-05,4.45572898e-06,-1.10992130e-19,8.10112283e-01
5.39062500e-03,-3.59342829e-01,3.49053247e+02,1.32409444e+03,2.48160124e-01,1.76422266e-04,4.22764551e-05,8.94398316e-04,1.04472207e-01,1.16397763e-03,8.49720845e-02,5.57548089e-05,4.85267857e-06,-1.07001323e-19,8.08218026e-01
5.40625000e-03,-3.64415560e-01,3.46185692e+02,1.30562787e+03,2.52162673e-01,1.66069263e-04,3.75486790e-05,8.26775541e-04,1.08579531e-01,1.07134604e-03,8.29056244e-02,5.81882774e-05,5.32357003e-06,-1.03065283e-19,8.06349593e-01
5.42187500e-03,-3.69003826e-01,3.43241188e+02,1.28629895e+03,2.56450921e-01,1.56801917e-04,3.31869783e-05,7.58896990e-04,1.12680899e-01,9.81351594e-04,8.08135283e-02,6.07322234e-05,5.88029940e-06,-9.91845036e-20,8.04508722e-01
5.43750000e-03,-3.73100767e-01,3.40221587e+02,1.26613548e+03,2.61040567e-01,1.48519987e-04,2.91784940e-05,6.91452121e-04,1.16770597e-01,8.94668172e-04,7.86985389e-02,6.33882734e-05,6.53304129e-06,-9.53594962e-20,8.02697124e-01
5.45312500e-03,-3.76700720e-01,3.37128847e+02,1.24516761e+03,2.65948626e-01,1.41126554e-04,2.55098735e-05,6.25120476e-04,1.20843048e-01,8.11856537e-04,7.65634193e-02,6.61552184e-05,7.28797323e-06,-9.15907894e-20,8.00916476e-01
5.46875000e-03,-3.79799312e-01,3.33965037e+02,1.22342805e+03,2.71193495e-01,1.34528326e-04,2.21673543e-05,5.60559748e-04,1.24892852e-01,7.33357124e-04,7.44109502e-02,6.90280219e-05,8.14490073e-06,-8.78789349e-20,7.99168412e-01
5.47656250e-03,-3.81160276e-01,3.32357297e+02,1.21228277e+03,2.73947726e-01,1.31493838e-04,2.06130173e-05,5.29175023e-04,1.26907646e-01,6.95842603e-04,7.33291172e-02,7.05005344e-05,8.60865777e-06,-8.60442673e-20,7.98307003e-01
5.48437500e-03,-3.82394633e-01,3.30732485e+02,1.20095714e+03,2.76793897e-01,1.28625412e-04,1.91349388e-05,4.98465646e-04,1.28914792e-01,6.59519911e-04,7.22439813e-02,7.19955329e-05,9.09399987e-06,-8.42241399e-20,7.97454391e-01
5.49218750e-03,-3.83502241e-01,3.29090899e+02,1.18945605e+03,2.79734737e-01,1.25912608e-04,1.77312784e-05,4.68502536e-04,1.30913672e-01,6.24411281e-04,7.11558920e-02,7.35110498e-05,9.59840353e-06,-8.24186314e-20,7.96610769e-01
5.50000000e-03,-3.84483060e-01,3.27432846e+02,1.17778454e+03,2.82773071e-01,1.23345310e-04,1.64001777e-05,4.39352270e-04,1.32903687e-01,5.90531819e-04,7.00651980e-02,7.50445886e-05,1.01187979e-05,-8.06278230e-20,7.95776322e-01
5.50781250e-03,-3.85337158e-01,3.25758643e+02,1.16594787e+03,2.85911829e-01,1.20913737e-04,1.51397610e-05,4.11076559e-04,1.34884255e-01,5.57889826e-04,6.89722463e-02,7.65930656e-05,1.06516142e-05,-7.88517987e-20,7.94951235e-01
5.51562500e-03,-3.86064711e-01,3.24068619e+02,1.15395148e+03,2.89154038e-01,1.18608466e-04,1.39481363e-05,3.83731740e-04,1.36854813e-01,5.26487175e-04,6.78773823e-02,7.81527314e-05,1.11928563e-05,-7.70906456e-20,7.94135683e-01
5.52343750e-03,-3.86666011e-01,3.22363114e+02,1.14180101e+03,2.92502832e-01,1.16420442e-04,1.28233951e-05,3.57368289e-04,1.38814820e-01,4.96319769e-04,6.67809489e-02,7.97190771e-05,1.17381866e-05,-7.53444538e-20,7.93329842e-01
5.53125000e-03,-3.87141468e-01,3.20642479e+02,1.12950230e+03,2.95961449e-01,1.14340988e-04,1.17636136e-05,3.32030379e-04,1.40763752e-01,4.67378050e-04,6.56832861e-02,8.12867299e-05,1.22830252e-05,-7.36133171e-20,7.92533879e-01
5.53906250e-03,-3.87491612e-01,3.18907078e+02,1.11706140e+03,2.99533231e-01,1.12361822e-04,1.07668521e-05,3.07755493e-04,1.42701107e-01,4.39647556e-04,6.45847311e-02,8.28493411e-05,1.28226554e-05,-7.18973332e-20,7.91747958e-01
5.54687500e-03,-3.87717102e-01,3.17157290e+02,1.10448457e+03,3.03221626e-01,1.10475058e-04,9.83115580e-06,2.84574109e-04,1.44626403e-01,4.13109528e-04,6.34856171e-02,8.43994707e-05,1.33523317e-05,-7.01966035e-20,7.90972238e-01
5.55468750e-03,-3.87818724e-01,3.15393506e+02,1.09177826e+03,3.07030188e-01,1.08673217e-04,8.95455420e-06,2.62509467e-04,1.46539177e-01,3.87741536e-04,6.23862742e-02,8.59284748e-05,1.38673836e-05,-6.85112352e-20,7.90206874e-01
5.56250000e-03,-3.87797400e-01,3.13616132e+02,1.07894914e+03,3.10962578e-01,1.06949231e-04,8.13506126e-06,2.41577421e-04,1.48438988e-01,3.63518126e-04,6.12870282e-02,8.74264020e-05,1.43633143e-05,-6.68413377e-20,7.89452014e-01
5.57031250e-03,-3.87654188e-01,3.11825590e+02,1.06600409e+03,3.15022562e-01,1.05296437e-04,7.37067485e-06,2.21786397e-04,1.50325413e-01,3.40411459e-04,6.01882009e-02,8.88819056e-05,1.48358874e-05,-6.51870264e-20,7.88707804e-01
5.57812500e-03,-3.87390284e-01,3.10022317e+02,1.05295016e+03,3.19214009e-01,1.03708584e-04,6.65937661e-06,2.03137458e-04,1.52198045e-01,3.18391949e-04,5.90901098e-02,9.02821802e-05,1.52812016e-05,-6.35484218e-20,7.87974385e-01
5.58593750e-03,-3.87007029e-01,3.08206767e+02,1.03979464e+03,3.23540895e-01,1.02179823e-04,5.99913178e-06,1.85624464e-04,1.54056497e-01,2.97428858e-04,5.79930687e-02,9.16129324e-05,1.56957509e-05,-6.19256498e-20,7.87251894e-01
5.59375000e-03,-3.86505911e-01,3.06379411e+02,1.02654499e+03,3.28007295e-01,1.00704705e-04,5.38788923e-06,1.69234353e-04,1.55900396e-01,2.77490858e-04,5.68973871e-02,9.28583962e-05,1.60764694e-05,-6.03188417e-20,7.86540464e-01
5.60156250e-03,-3.85888562e-01,3.04540739e+02,1.01320885e+03,3.32617384e-01,9.92781688e-05,4.82358191e-06,1.53947510e-04,1.57729385e-01,2.58546515e-04,5.58033713e-02,9.40014020e-05,1.64207627e-05,-5.87281352e-20,7.85840226e-01
5.60937500e-03,-3.85156768e-01,3.02691257e+02,9.99794084e+02,3.37375437e-01,9.78955306e-05,4.30412774e-06,1.39738233e-04,1.59543117e-01,2.40564720e-04,5.47113239e-02,9.50235104e-05,1.67265234e-05,-5.71536738e-20,7.85151307e-01
5.61718750e-03,-3.84312461e-01,3.00831495e+02,9.86308679e+02,3.42285820e-01,9.65524724e-05,3.82743119e-06,1.26575284e-04,1.61341257e-01,2.23515017e-04,5.36215447e-02,9.59052193e-05,1.69921358e-05,-5.55956076e-20,7.84473831e-01
5.62500000e-03,-3.83357714e-01,2.98961999e+02,9.72760782e+02,3.47353004e-01,9.52450265e-05,3.39138561e-06,1.14422502e-04,1.63123479e-01,2.07367852e-04,5.25343310e-02,9.66262502e-05,1.72164681e-05,-5.40540931e-20,7.83807920e-01
5.63281250e-03,-3.82294744e-01,2.97083338e+02,9.59158666e+02,3.52581552e-01,9.39695592e-05,2.99387649e-06,1.03239474e-04,1.64889465e-01,1.92094716e-04,5.14499779e-02,9.71659177e-05,1.73988554e-05,-5.25292933e-20,7.83153695e-01
5.64062500e-03,-3.81125908e-01,2.95196102e+02,9.45510720e+02,3.57976123e-01,9.27227528e-05,2.63278572e-06,9.29822459e-05,1.66638899e-01,1.77668200e-04,5.03687789e-02,9.75035813e-05,1.75390747e-05,-5.10213786e-20,7.82511273e-01
5.64843750e-03,-3.79853704e-01,2.93300903e+02,9.31825442e+02,3.63541460e-01,9.15015878e-05,2.30599688e-06,8.36040424e-05,1.68371471e-01,1.64061958e-04,4.92910268e-02,9.76191733e-05,1.76373142e-05,-4.95305261e-20,7.81880772e-01
5.65625000e-03,-3.78480767e-01,2.91398377e+02,9.18111419e+02,3.69282393e-01,9.03033228e-05,2.01140155e-06,7.50560006e-05,1.70086871e-01,1.51250585e-04,4.82170135e-02,9.74937929e-05,1.76941371e-05,-4.80569200e-20,7.81262306e-01
5.66406250e-03,-3.77009868e-01,2.89489181e+02,9.04377312e+02,3.75203832e-01,8.91254751e-05,1.74690651e-06,6.72878807e-05,1.71784789e-01,1.39209427e-04,4.71470313e-02,9.71103465e-05,1.77104428e-05,-4.66007513e-20,7.80655989e-01
5.67187500e-03,-3.75443909e-01,2.87573999e+02,8.90631840e+02,3.81310757e-01,8.79658009e-05,1.51044183e-06,6.02487502e-05,1.73464913e-01,1.27914351e-04,4.60813731e-02,9.64542114e-05,1.76874258e-05,-4.51622184e-20,7.80061933e-01
5.67968750e-03,-3.73785920e-01,2.85653537e+02,8.76883767e+02,3.87608217e-01,8.68222749e-05,1.29996958e-06,5.38876226e-05,1.75126927e-01,1.17341469e-04,4.50203327e-02,9.55138940e-05,1.76265337e-05,-4.37415264e-20,7.79480248e-01
5.68750000e-03,-3.72039057e-01,2.83728526e+02,8.63141881e+02,3.94101321e-01,8.56930720e-05,1.11349295e-06,4.81540422e-05,1.76770512e-01,1.07466864e-04,4.39642059e-02,9.42816469e-05,1.75294259e-05,-4.23388874e-20,7.78911044e-01
5.69531250e-03,-3.70206593e-01,2.81799723e+02,8.49414980e+02,4.00795226e-01,8.45765478e-05,9.49065572e-07,4.29986044e-05,1.78395341e-01,9.82663279e-05,4.29132902e-02,9.27540103e-05,1.73979331e-05,-4.09545201e-20,7.78354427e-01
5.69921875e-03,-3.69259491e-01,2.80834191e+02,8.42560404e+02,4.04218869e-01,8.40224659e-05,8.74400536e-07,4.06198014e-05,1.79200664e-01,9.39095636e-05,4.23898581e-02,9.18794461e-05,1.73199808e-05,-4.02692477e-20,7.78080853e-01
5.70312500e-03,-3.68292288e-01,2.79868002e+02,8.35712899e+02,4.07694639e-01,8.34710177e-05,8.04550549e-07,3.83682249e-05,1.80001143e-01,8.97126253e-05,4.18678486e-02,9.09316358e-05,1.72341312e-05,-3.95885959e-20,7.77810486e-01
5.70703125e-03,-3.67305421e-01,2.78901257e+02,8.28873553e+02,4.11223192e-01,8.29220397e-05,7.39288796e-07,3.62381454e-05,1.80796737e-01,8.56722996e-05,4.13472991e-02,8.99116321e-05,1.71406465e-05,-3.89126843e-20,7.77543340e-01
5.71093750e-03,-3.66299349e-01,2.77934061e+02,8.22043485e+02,4.14805170e-01,8.23753791e-05,6.78394019e-07,3.42239959e-05,1.81587401e-01,8.17853573e-05,4.08282491e-02,8.88208174e-05,1.70397917e-05,-3.82415143e-20,7.77279426e-01
5.71875000e-03,-3.64231092e-01,2.75998640e+02,8.08414611e+02,4.22132478e-01,8.12886110e-05,5.69076459e-07,3.05270283e-05,1.83153679e-01,7.44616524e-05,3.97948466e-02,8.64328832e-05,1.68168751e-05,-3.69135953e-20,7.76761378e-01
5.72656250e-03,-3.62091472e-01,2.74062712e+02,7.94835746e+02,4.29681453e-01,8.02094288e-05,4.74683855e-07,2.72289435e-05,1.84699831e-01,6.77088302e-05,3.87678748e-02,8.37869729e-05,1.65678811e-05,-3.56048826e-20,7.76256317e-01
5.73437500e-03,-3.59884310e-01,2.72127162e+02,7.81315532e+02,4.37457299e-01,7.91368584e-05,3.93646144e-07,2.42909440e-05,1.86225496e-01,6.14989880e-05,3.77476479e-02,8.09047355e-05,1.62949734e-05,-3.43156248e-20,7.75764336e-01
5.74218750e-03,-3.57613533e-01,2.70192901e+02,7.67862551e+02,4.45465173e-01,7.80700214e-05,3.24487972e-07,2.16769028e-05,1.87730305e-01,5.58034613e-05,3.67344844e-02,7.78122919e-05,1.60003018e-05,-3.30460753e-20,7.75285523e-01
5.75000000e-03,-3.55283166e-01,2.68260866e+02,7.54485316e+02,4.53710151e-01,7.70081265e-05,2.65832333e-07,1.93534024e-05,1.89213884e-01,5.05929809e-05,3.57287078e-02,7.45395957e-05,1.56859834e-05,-3.17964921e-20,7.74819962e-01
5.75781250e-03,-3.52897339e-01,2.66332019e+02,7.41192272e+02,4.62197199e-01,7.59504616e-05,2.16402884e-07,1.72897231e-05,1.90675854e-01,4.58378809e-05,3.47306465e-02,7.11196391e-05,1.53540883e-05,-3.05671367e-20,7.74367731e-01
5.76562500e-03,-3.50460284e-01,2.64407344e+02,7.27991791e+02,4.70931132e-01,7.48963874e-05,1.75024936e-07,1.54577887e-05,1.92115831e-01,4.15083449e-05,3.37406346e-02,6.75875414e-05,1.50066276e-05,-2.93582741e-20,7.73928902e-01
5.77343750e-03,-3.47976338e-01,2.62487853e+02,7.14892172e+02,4.79916571e-01,7.38453319e-05,1.40625167e-07,1.38320772e-05,1.93533428e-01,3.75746745e-05,3.27590121e-02,6.39795637e-05,1.46455450e-05,-2.81701714e-20,7.73503542e-01
5.78125000e-03,-3.45449945e-01,2.60574577e+02,7.01901642e+02,4.89157892e-01,7.27967858e-05,1.12230163e-07,1.23895043e-05,1.94928256e-01,3.40075663e-05,3.17861251e-02,6.03320963e-05,1.42727099e-05,-2.70030980e-20,7.73091708e-01
5.78906250e-03,-3.42885662e-01,2.58668573e+02,6.89028360e+02,4.98659169e-01,7.17502989e-05,8.89638679e-08,1.11092865e-05,1.96299924e-01,3.07783809e-05,3.08223266e-02,5.66806698e-05,1.38899125e-05,-2.58573241e-20,7.72693452e-01
5.79687500e-03,-3.40288158e-01,2.56770917e+02,6.76280418e+02,5.08424110e-01,7.07054769e-05,7.00440867e-08,9.97279017e-06,1.97648044e-01,2.78593921e-05,2.98679761e-02,5.30590359e-05,1.34988604e-05,-2.47331199e-20,7.72308814e-01
5.80468750e-03,-3.37662224e-01,2.54882704e+02,6.63665843e+02,5.18455985e-01,6.96619786e-05,5.47781742e-08,8.96337313e-06,1.98972228e-01,2.52240070e-05,2.89234409e-02,4.94983598e-05,1.31011765e-05,-2.36307551e-20,7.71937827e-01
5.81250000e-03,-3.35012771e-01,2.53005049e+02,6.51192603e+02,5.28757546e-01,6.86195139e-05,4.25580391e-08,8.06622252e-06,2.00272091e-01,2.28469482e-05,2.79890956e-02,4.60265579e-05,1.26983974e-05,-2.25504975e-20,7.71580513e-01
5.82031250e-03,-3.32344837e-01,2.51139082e+02,6.38868604e+02,5.39330942e-01,6.75778413e-05,3.28546080e-08,7.26819383e-06,2.01547254e-01,2.07043941e-05,2.70653226e-02,4.26678016e-05,1.22919728e-05,-2.14926121e-20,7.71236881e-01
5.82812500e-03,-3.29663591e-01,2.49285949e+02,6.26701694e+02,5.50177623e-01,6.65367666e-05,2.52118810e-08,6.55765402e-06,2.02797341e-01,1.87740769e-05,2.61525122e-02,3.94422017e-05,1.18832654e-05,-2.04573600e-20,7.70906928e-01
5.83593750e-03,-3.26974332e-01,2.47446809e+02,6.14699661e+02,5.61298238e-01,6.54961405e-05,1.92407095e-08,5.92433119e-06,2.04021985e-01,1.70353385e-05,2.52510626e-02,3.63656712e-05,1.14735515e-05,-1.94449969e-20,7.70590638e-01
5.84375000e-03,-3.24282496e-01,2.45622831e+02,6.02870228e+02,5.72692526e-01,6.44558574e-05,1.46124228e-08,5.35917255e-06,2.05220825e-01,1.54691470e-05,2.43613803e-02,3.34499575e-05,1.10640221e-05,-1.84557722e-20,7.70287982e-01
5.85156250e-03,-3.21593650e-01,2.43815189e+02,5.91221049e+02,5.84359202e-01,6.34158540e-05,1.10524262e-08,4.85421213e-06,2.06393511e-01,1.40580800e-05,2.34838789e-02,3.07028250e-05,1.06557846e-05,-1.74899270e-20,7.69998912e-01
5.85937500e-03,-3.18913494e-01,2.42025064e+02,5.79759701e+02,5.96295836e-01,6.23761072e-05,8.33388401e-09,4.40244848e-06,2.07539702e-01,1.27862784e-05,2.26189797e-02,2.81283608e-05,1.02498652e-05,-1.65476931e-20,7.69723367e-01
5.86718750e-03,-3.16247856e-01,2.40253640e+02,5.68493668e+02,6.08498728e-01,6.13366334e-05,6.27159842e-09,3.99773311e-06,2.08659070e-01,1.16393781e-05,2.17671109e-02,2.57273745e-05,9.84721143e-06,-1.56292914e-20,7.69461265e-01
5.87500000e-03,-3.13602687e-01,2.38502095e+02,5.57430329e+02,6.20962783e-01,6.02974869e-05,4.71618155e-09,3.63466923e-06,2.09751299e-01,1.06044251e-05,2.09287066e-02,2.34978604e-05,9.44869558e-06,-1.47349296e-20,7.69212507e-01
5.88281250e-03,-3.10984053e-01,2.36771603e+02,5.46576938e+02,6.33681386e-01,5.92587587e-05,3.54860638e-09,3.30852073e-06,2.10816087e-01,9.66977876e-06,2.01042062e-02,2.14354886e-05,9.05511796e-06,-1.38648010e-20,7.68976975e-01
5.89062500e-03,-3.08398123e-01,2.35063326e+02,5.35940599e+02,6.46646276e-01,5.82205756e-05,2.67520596e-09,3.01513075e-06,2.11853152e-01,8.82501005e-06,1.92940529e-02,1.95340995e-05,8.66721075e-06,-1.30190824e-20,7.68754531e-01
5.89843750e-03,-3.05851154e-01,2.33378413e+02,5.25528243e+02,6.59847434e-01,5.71830989e-05,2.02317109e-09,2.75084942e-06,2.12862226e-01,8.06079656e-06,1.84986927e-02,1.77861754e-05,8.28564178e-06,-1.21979320e-20,7.68545012e-01
5.90625000e-03,-3.03349476e-01,2.31717992e+02,5.15346593e+02,6.73272969e-01,5.61465237e-05,1.53657541e-09,2.51246994e-06,2.13843066e-01,7.36881953e-06,1.77185726e-02,1.61832720e-05,7.91101827e-06,-1.14014875e-20,7.68348238e-01
5.91406250e-03,-3.00899470e-01,2.30083164e+02,5.05402133e+02,6.86909027e-01,5.51110777e-05,1.17293449e-09,2.29717228e-06,2.14795448e-01,6.74166441e-06,1.69541382e-02,1.47163965e-05,7.54389052e-06,-1.06298635e-20,7.68164002e-01
5.92187500e-03,-2.98507545e-01,2.28475001e+02,4.95701066e+02,7.00739712e-01,5.40770207e-05,9.00283262e-10,2.10247395e-06,2.15719177e-01,6.17272708e-06,1.62058323e-02,1.33763276e-05,7.18475529e-06,-9.88315017e-21,7.67992077e-01
5.92968750e-03,-2.96180111e-01,2.26894535e+02,4.86249279e+02,7.14747030e-01,5.30446434e-05,6.94733315e-10,1.92618691e-06,2.16614082e-01,5.65612669e-06,1.54740917e-02,1.21538760e-05,6.83405894e-06,-9.16141006e-21,7.67832210e-01
5.93750000e-03,-2.93923546e-01,2.25342759e+02,4.77052299e+02,7.28910861e-01,5.20142666e-05,5.38447152e-10,1.76638005e-06,2.17480028e-01,5.18662591e-06,1.47593445e-02,1.10400917e-05,6.49220023e-06,-8.46467643e-21,7.67684128e-01
5.95312500e-03,-2.89642007e-01,2.22326622e+02,4.59432991e+02,7.57633384e-01,4.99610779e-05,3.33504003e-10,1.49077562e-06,2.19125498e-01,4.37400380e-06,1.33820389e-02,9.10855830e-06,5.83584262e-06,-7.14544602e-21,7.67421692e-01
5.96875000e-03,-2.85702461e-01,2.19432090e+02,4.42864524e+02,7.86733780e-01,4.79202332e-05,2.10342547e-10,1.26214793e-06,2.20657125e-01,3.69748221e-06,1.20759557e-02,7.50540857e-06,5.21760081e-06,-5.92339074e-21,7.67201317e-01
5.98437500e-03,-2.82149955e-01,2.16664841e+02,4.27372819e+02,8.15990339e-01,4.58951629e-05,1.35074920e-10,1.07164918e-06,2.22075165e-01,3.13232201e-06,1.08437776e-02,6.17659358e-06,4.63912783e-06,-4.79757868e-21,7.67020143e-01
5.99218750e-03,-2.80535600e-01,2.15331668e+02,4.20041622e+02,8.30590285e-01,4.48896744e-05,1.08452961e-10,9.88164110e-07,2.22741393e-01,2.88436398e-06,1.02564066e-02,5.59930039e-06,4.36541693e-06,-4.27071630e-21,7.66943474e-01
6.00000000e-03,-2.79037970e-01,2.14033010e+02,4.12991985e+02,8.45120042e-01,4.38896409e-05,8.74633097e-11,9.11835396e-07,2.23378886e-01,2.65754036e-06,9.68877745e-03,5.07544628e-06,4.10229547e-06,-3.76794258e-21,7.66875699e-01
6.00781250e-03,-2.77661531e-01,2.12769179e+02,4.06224314e+02,8.59544784e-01,4.28955919e-05,7.08146669e-11,8.41984764e-07,2.23987907e-01,2.44990990e-06,9.14108762e-03,4.60025488e-06,3.84981292e-06,-3.28894237e-21,7.66816368e-01
6.01562500e-03,-2.76410331e-01,2.11540386e+02,3.99738271e+02,8.73829310e-01,4.19080696e-05,5.75433412e-11,7.78004732e-07,2.24568770e-01,2.25972536e-06,8.61348979e-03,4.16935098e-06,3.60798361e-06,-2.83335599e-21,7.66765017e-01
6.02343750e-03,-2.75287971e-01,2.10346731e+02,3.93532765e+02,8.87938435e-01,4.09276261e-05,4.69188191e-11,7.19350551e-07,2.25121848e-01,2.08541217e-06,8.10608872e-03,3.77873386e-06,3.37678742e-06,-2.61121177e-21,7.66721175e-01
6.03125000e-03,-2.74297572e-01,2.09188211e+02,3.87605946e+02,9.01837391e-01,3.99548200e-05,3.83799038e-11,6.65533153e-07,2.25647569e-01,1.92554979e-06,7.61893846e-03,3.42474951e-06,3.15617052e-06,-2.40066222e-21,7.66684366e-01
6.03906250e-03,-2.73441752e-01,2.08064710e+02,3.81955207e+02,9.15492238e-01,3.89902134e-05,3.14896886e-11,6.16112978e-07,2.26146415e-01,1.77885523e-06,7.15204014e-03,3.10406362e-06,2.94604634e-06,-2.20145486e-21,7.66654110e-01
6.04687500e-03,-2.72722607e-01,2.06976002e+02,3.76577198e+02,9.28870275e-01,3.80343685e-05,2.59006886e-11,5.70694543e-07,2.26618923e-01,1.64416854e-06,6.70534023e-03,2.81363625e-06,2.74629664e-06,-2.01331636e-21,7.66629928e-01
6.06250000e-03,-2.71691217e-01,2.04898901e+02,3.66611330e+02,9.54702980e-01,3.61511259e-05,1.77493882e-11,4.90648049e-07,2.27488344e-01,1.40721624e-06,5.87130952e-03,2.31325284e-06,2.37680324e-06,-1.72675216e-21,7.66597607e-01
6.07812500e-03,-2.71195332e-01,2.02950691e+02,3.57649349e+02,9.79168716e-01,3.43089775e-05,1.22817165e-11,4.22486357e-07,2.28263064e-01,1.20606780e-06,5.11385218e-03,1.90077689e-06,2.04546580e-06,-1.47283694e-21,7.66583200e-01
6.09375000e-03,-2.71233757e-01,2.01126654e+02,3.49644161e+02,1.00208839e+00,3.25119434e-05,8.58217919e-12,3.64262622e-07,2.28948640e-01,1.03489883e-06,4.43072683e-03,1.56088158e-06,1.75050999e-06,-1.24940775e-21,7.66583410e-01
6.10937500e-03,-2.71797713e-01,1.99420773e+02,3.42541090e+02,1.02332723e+00,3.07637454e-05,6.05278188e-12,3.14381385e-07,2.29551140e-01,8.88897655e-07,3.81894593e-03,1.28087037e-06,1.48984841e-06,-1.05416512e-21,7.66595177e-01
6.12500000e-03,-2.72871510e-01,1.97825959e+02,3.36279607e+02,1.04279835e+00,2.90677257e-05,4.30524249e-12,2.71531265e-07,2.30076991e-01,7.64081739e-07,3.27486835e-03,1.05024339e-06,1.26114986e-06,-8.84725179e-22,7.66615726e-01
6.14062500e-03,-2.74433444e-01,1.96334302e+02,3.30795177e+02,1.06046291e+00,2.74267831e-05,3.08573454e-12,2.34631069e-07,2.30532832e-01,6.57149306e-07,2.79431921e-03,8.60331768e-07,1.06191325e-06,-7.38673079e-22,7.66642608e-01
6.15625000e-03,-2.76456883e-01,1.94937341e+02,3.26021090e+02,1.07632725e+00,2.58433286e-05,2.22668173e-12,2.02786425e-07,2.30925357e-01,5.65358340e-07,2.37272701e-03,7.03988091e-07,8.89541830e-07,-6.13614427e-22,7.66673711e-01
6.17187500e-03,-2.78911415e-01,1.93626335e+02,3.21890191e+02,1.09043754e+00,2.43192612e-05,1.61627700e-12,1.75254759e-07,2.31261171e-01,4.86427304e-07,2.00526738e-03,5.75324713e-07,7.41413770e-07,-5.07221799e-22,7.66707264e-01
6.18750000e-03,-2.81764022e-01,1.92392506e+02,3.18336399e+02,1.10287283e+00,2.28559636e-05,1.17912452e-12,1.51416974e-07,2.31546664e-01,4.18453371e-07,1.68700326e-03,4.69493675e-07,6.14945361e-07,-4.17274083e-22,7.66741823e-01
6.20312500e-03,-2.84980180e-01,1.91227261e+02,3.15295979e+02,1.11373721e+00,2.14543147e-05,8.63842598e-13,1.30754537e-07,2.31787904e-01,3.59845023e-07,1.41301321e-03,3.82502652e-07,5.07644483e-07,-3.41687320e-22,7.66776247e-01
6.21875000e-03,-2.88524864e-01,1.90122363e+02,3.12708543e+02,1.12315208e+00,2.01147159e-05,6.35050606e-13,1.12830960e-07,2.31990563e-01,3.09266547e-07,1.17850164e-03,3.11062036e-07,4.17152821e-07,-2.78536616e-22,7.66809670e-01
6.23437500e-03,-2.92363399e-01,1.89070077e+02,3.10517763e+02,1.13124886e+00,1.88371285e-05,4.68140136e-13,9.72768667e-08,2.32159856e-01,2.65592490e-07,9.78887813e-04,2.52458692e-07,3.41276543e-07,-2.26069415e-22,7.66841463e-01
6.25000000e-03,-2.96462167e-01,1.88063254e+02,3.08671830e+02,1.13816276e+00,1.76211173e-05,3.45829850e-13,8.37779664e-08,2.32300516e-01,2.27870411e-07,8.09872318e-04,2.04452329e-07,2.78005975e-07,-1.82711011e-22,7.66871197e-01
6.26562500e-03,-3.00789146e-01,1.87095396e+02,3.07123693e+02,1.14402761e+00,1.64658983e-05,2.55873280e-13,7.20653926e-08,2.32416782e-01,1.95290556e-07,6.67482037e-04,1.65190809e-07,2.25525511e-07,-1.47063525e-22,7.66898612e-01
6.28125000e-03,-3.05314302e-01,1.86160672e+02,3.05831099e+02,1.14897199e+00,1.53703872e-05,1.89518589e-13,6.19079458e-08,2.32512411e-01,1.67161273e-07,5.48095774e-04,1.33141138e-07,1.82215301e-07,-1.17899736e-22,7.66923579e-01
6.29687500e-03,-3.10009846e-01,1.85253921e+02,3.04756491e+02,1.15311650e+00,1.43332472e-05,1.40463230e-13,5.31058663e-08,2.32590690e-01,1.42889106e-07,4.48453512e-04,1.07033311e-07,1.46646470e-07,-9.41531398e-23,7.66946074e-01
6.31250000e-03,-3.14850373e-01,1.84370620e+02,3.03866795e+02,1.15657196e+00,1.33529337e-05,1.04137342e-13,4.54858264e-08,2.32654474e-01,1.21962723e-07,3.65652594e-04,8.58145831e-08,1.17571552e-07,-7.49055018e-23,7.66966149e-01
6.32812500e-03,-3.19812906e-01,1.83506854e+02,3.03133125e+02,1.15943853e+00,1.24277358e-05,7.72075755e-14,3.88968903e-08,2.32706218e-01,1.03939913e-07,2.97134046e-04,6.86121636e-08,9.39116557e-08,-5.93729927e-23,7.66983914e-01
6.34375000e-03,-3.24876868e-01,1.82659259e+02,3.02530452e+02,1.16180543e+00,1.15558141e-05,5.72301409e-14,3.32072360e-08,2.32748016e-01,8.84370433e-08,2.40661979e-04,5.47026712e-08,7.47416892e-08,-4.68917850e-23,7.66999515e-01
6.35937500e-03,-3.30023989e-01,1.81824974e+02,3.02037237e+02,1.16375115e+00,1.07352334e-05,4.24058712e-14,2.83014789e-08,2.32781641e-01,7.51204684e-08,1.94298579e-04,4.34870213e-08,5.92746914e-08,-3.69037795e-23,7.67013119e-01
6.37500000e-03,-3.35238179e-01,1.81001584e+02,3.01635068e+02,1.16534400e+00,9.96399188e-06,3.14057188e-14,2.40784644e-08,2.32808582e-01,6.36994775e-08,1.56376747e-04,3.44696829e-08,4.68460825e-08,-2.89429472e-23,7.67024909e-01
6.39062500e-03,-3.40505376e-01,1.80187067e+02,3.01308302e+02,1.16664284e+00,9.24004605e-06,2.32453738e-14,2.04494322e-08,2.32830084e-01,5.39204624e-08,1.25471963e-04,2.72414644e-08,3.68984280e-08,-2.26226043e-23,7.67035066e-01
6.40625000e-03,-3.45813370e-01,1.79379738e+02,3.01043722e+02,1.16769802e+00,8.56133201e-06,1.71944705e-14,1.73364703e-08,2.32847180e-01,4.55620423e-08,1.00374576e-04,2.14651678e-08,2.89671139e-08,-1.76238099e-23,7.67043771e-01
6.42187500e-03,-3.51151631e-01,1.78578207e+02,3.00830219e+02,1.16855221e+00,7.92578339e-06,1.27103919e-14,1.46712008e-08,2.32860723e-01,3.84309507e-08,8.00633316e-05,1.68635916e-08,2.26671833e-08,-1.36849728e-23,7.67051195e-01
6.43750000e-03,-3.56511131e-01,1.77781329e+02,3.00658507e+02,1.16924137e+00,7.33134638e-06,9.38971577e-15,1.23936494e-08,2.32871414e-01,3.23585284e-08,6.36806856e-05,1.32094723e-08,1.76814590e-08,-1.05926796e-23,7.67057499e-01
6.45312500e-03,-3.61884172e-01,1.76988170e+02,3.00520858e+02,1.16979563e+00,6.77599216e-06,6.93242897e-15,1.04512651e-08,2.32879823e-01,2.71977061e-08,5.05102151e-05,1.03170385e-08,1.37499915e-08,-8.17370316e-24,7.67062830e-01
6.46875000e-03,-3.67264230e-01,1.76197973e+02,3.00410870e+02,1.17024002e+00,6.25772708e-06,5.11544352e-15,8.79806072e-09,2.32886414e-01,2.28203851e-08,3.99562644e-05,8.03491455e-09,1.06608066e-08,-6.28811654e-24,7.67067322e-01
6.48437500e-03,-3.72645800e-01,1.75410122e+02,3.00323263e+02,1.17059532e+00,5.77460098e-06,3.77293913e-15,7.39385636e-09,2.32891564e-01,1.91151483e-08,3.15258447e-05,6.24016110e-09,8.24188361e-09,-4.82341807e-24,7.67071094e-01
6.50000000e-03,-3.78024261e-01,1.74624124e+02,3.00253702e+02,1.17087861e+00,5.32471374e-06,2.78173925e-15,6.20360839e-09,2.32895575e-01,1.59852482e-08,2.48127153e-05,4.83327717e-09,6.35427145e-09,-3.68956238e-24,7.67074254e-01
6.51562500e-03,-3.83395754e-01,1.73839585e+02,3.00198639e+02,1.17110392e+00,4.90622060e-06,2.05041658e-15,5.19681245e-09,2.32898689e-01,1.33468302e-08,1.94835191e-05,3.73401626e-09,4.88623186e-09,-2.81479164e-24,7.67076894e-01
6.53125000e-03,-3.88757069e-01,1.73056189e+02,3.00155187e+02,1.17128269e+00,4.51733610e-06,1.51117061e-15,4.34697094e-09,2.32901100e-01,1.11273596e-08,1.52658099e-05,2.87789367e-09,3.74829816e-09,-2.14216325e-24,7.67079095e-01
6.54687500e-03,-3.94105547e-01,1.72273686e+02,3.00121001e+02,1.17142424e+00,4.15633717e-06,1.11377007e-15,3.63111722e-09,2.32902961e-01,9.26422655e-09,1.19377918e-05,2.21327965e-09,2.86913647e-09,-1.62667722e-24,7.67080927e-01
6.56250000e-03,-3.99439000e-01,1.71491878e+02,3.00094185e+02,1.17153609e+00,3.82156528e-06,8.21037044e-16,3.02939042e-09,2.32904393e-01,7.70350782e-09,9.31958810e-06,1.69898874e-09,2.19210276e-09,-1.23291451e-24,7.67082451e-01
6.57812500e-03,-4.04755626e-01,1.70710609e+02,3.00073213e+02,1.17162433e+00,3.51142782e-06,6.05481543e-16,2.52465566e-09,2.32905493e-01,6.39886766e-09,7.26585765e-06,1.30228811e-09,1.67239688e-09,-9.33106989e-25,7.67083717e-01
6.59375000e-03,-4.10053957e-01,1.69929759e+02,3.00056860e+02,1.17169386e+00,3.22439896e-06,4.46796278e-16,2.10216513e-09,2.32906336e-01,5.31058354e-09,5.65958827e-06,9.97258660e-10,1.27472408e-09,-7.05568826e-25,7.67084770e-01
6.60937500e-03,-4.15332793e-01,1.69149230e+02,3.00044145e+02,1.17174858e+00,2.95901990e-06,3.29993163e-16,1.74925625e-09,2.32906981e-01,4.40468327e-09,4.40690815e-06,7.63452125e-10,9.71384249e-10,-5.33428481e-25,7.67085645e-01
6.62500000e-03,-4.20591162e-01,1.68368949e+02,3.00034287e+02,1.17179162e+00,2.71389872e-06,2.44018947e-16,1.45508334e-09,2.32907473e-01,3.65218262e-09,3.43277079e-06,5.84795300e-10,7.40719129e-10,-4.03608920e-25,7.67086374e-01
6.64062500e-03,-4.25828279e-01,1.67588859e+02,3.00026667e+02,1.17182546e+00,2.48770982e-06,1.80725271e-16,1.21037967e-09,2.32907848e-01,3.02841293e-09,2.67738425e-06,4.48699855e-10,5.65856714e-10,-3.06011445e-25,7.67086981e-01
6.65625000e-03,-4.31043510e-01,1.66808914e+02,3.00020793e+02,1.17185209e+00,2.27919306e-06,1.34062840e-16,1.00724705e-09,2.32908134e-01,2.51242968e-09,2.09327009e-06,3.45342289e-10,4.33701078e-10,-2.32865620e-25,7.67087489e-01
6.68750000e-03,-4.41406195e-01,1.65249316e+02,3.00012698e+02,1.17189006e+00,1.90971043e-06,7.41278219e-17,6.97291987e-10,2.32908524e-01,1.72895542e-09,1.28494402e-06,2.05696580e-10,2.56393124e-10,-1.35829534e-25,7.67088278e-01
6.71875000e-03,-4.51676087e-01,1.63689962e+02,3.00007690e+02,1.17191488e+00,1.59545318e-06,4.08106726e-17,4.79652079e-10,2.32908765e-01,1.18216938e-09,7.82244667e-07,1.21404776e-10,1.50231940e-10,-7.85172234e-26,7.67088855e-01
6.75000000e-03,-4.61851603e-01,1.62130761e+02,3.00004619e+02,1.17193126e+00,1.32909569e-06,2.23734884e-17,3.27878169e-10,2.32908915e-01,8.03195724e-10,4.72347909e-07,7.10158539e-11,8.72628994e-11,-4.49869390e-26,7.67089282e-01
6.78125000e-03,-4.71931697e-01,1.60571656e+02,3.00002752e+02,1.17194219e+00,1.10411083e-06,1.22108457e-17,2.22750510e-10,2.32909009e-01,5.42316520e-10,2.82946377e-07,4.11779100e-11,5.02549424e-11,-2.55521348e-26,7.67089603e-01
6.81250000e-03,-4.81915681e-01,1.59012609e+02,3.00001627e+02,1.17194962e+00,9.14715030e-07,6.63274996e-18,1.50416637e-10,2.32909070e-01,3.63934828e-10,1.68163732e-07,2.36723489e-11,2.86998805e-11,-1.43898460e-26,7.67089847e-01
6.84375000e-03,-4.91803109e-01,1.57453599e+02,3.00000954e+02,1.17195478e+00,7.55810753e-07,3.58483905e-18,1.00972430e-10,2.32909110e-01,2.42767938e-10,9.91775862e-08,1.34948131e-11,1.62557101e-11,-8.03608472e-27,7.67090035e-01
6.87500000e-03,-5.01593691e-01,1.55894611e+02,3.00000555e+02,1.17195843e+00,6.22928140e-07,1.92750646e-18,6.73923032e-11,2.32909137e-01,1.60999913e-10,5.80526369e-08,7.63003240e-12,9.13343254e-12,-4.45111401e-27,7.67090182e-01
6.90625000e-03,-5.11287237e-01,1.54335638e+02,3.00000321e+02,1.17196109e+00,5.12167121e-07,1.03088373e-18,4.47309102e-11,2.32909155e-01,1.06173211e-10,3.37322694e-08,4.27973303e-12,5.09158864e-12,-2.44577335e-27,7.67090298e-01
6.93750000e-03,-5.20883625e-01,1.52776674e+02,3.00000184e+02,1.17196307e+00,4.20141109e-07,5.48503926e-19,2.95334138e-11,2.32909169e-01,6.96429351e-11,1.94624602e-08,2.38208535e-12,2.81692494e-12,-1.33350986e-27,7.67090391e-01
6.96875000e-03,-5.30382776e-01,1.51217716e+02,3.00000105e+02,1.17196457e+00,3.43923101e-07,2.90379614e-19,1.94040522e-11,2.32909179e-01,4.54544330e-11,1.11541981e-08,1.31616956e-12,1.54723021e-12,-7.21706619e-28,7.67090466e-01
7.00000000e-03,-5.39784636e-01,1.49658762e+02,3.00000059e+02,1.17196573e+00,2.80994775e-07,1.52972233e-19,1.26934798e-11,2.32909187e-01,2.95359079e-11,6.35348608e-09,7.22317104e-13,8.44171515e-13,-3.87921797e-28,7.67090525e-01
7.03125000e-03,-5.49089168e-01,1.48099810e+02,3.00000033e+02,1.17196665e+00,2.29198981e-07,8.02925253e-20,8.27424677e-12,2.32909193e-01,1.91228862e-11,3.60012681e-09,3.94105867e-13,4.57930761e-13,-2.07272250e-28,7.67090574e-01
7.06250000e-03,-5.58296349e-01,1.46540860e+02,3.00000019e+02,1.17196737e+00,1.86695895e-07,4.20382781e-20,5.38099759e-12,2.32909198e-01,1.23515772e-11,2.03251318e-09,2.14128550e-13,2.47377753e-13,-1.10269047e-28,7.67090613e-01
7.09375000e-03,-5.67406159e-01,1.44981911e+02,3.00000011e+02,1.17196794e+00,1.51922918e-07,2.19713242e-20,3.49770588e-12,2.32909202e-01,7.97402086e-12,1.14639799e-09,1.16192895e-13,1.33467491e-13,-5.85826411e-29,7.67090645e-01
7.12500000e-03,-5.76418587e-01,1.43422963e+02,3.00000006e+02,1.17196840e+00,1.23558335e-07,1.15391680e-20,2.27876462e-12,2.32909205e-01,5.16020966e-12,6.49037375e-10,6.33008388e-14,7.22997880e-14,-3.12508201e-29,7.67090671e-01
7.15625000e-03,-5.85333622e-01,1.41864016e+02,3.00000003e+02,1.17196877e+00,1.00488659e-07,6.07581015e-21,1.49421318e-12,2.32909207e-01,3.36174223e-12,3.71809633e-10,3.49451954e-14,3.96937465e-14,-1.69050947e-29,7.67090692e-01
7.18750000e-03,-5.94151256e-01,1.40305069e+02,3.00000002e+02,1.17196907e+00,8.17794870e-08,3.25062848e-21,9.92017461e-13,2.32909209e-01,2.21861541e-12,2.18334101e-10,1.98528784e-14,2.24374329e-14,-9.43034316e-30,7.67090709e-01
7.25000000e-03,-6.11494298e-01,1.37187176e+02,3.00000001e+02,1.17196950e+00,5.41617845e-08,1.00514272e-21,4.50878200e-13,2.32909212e-01,9.97903610e-13,8.05469005e-11,6.93399558e-15,7.77847162e-15,-3.20036514e-30,7.67090733e-01
7.31250000e-03,-6.28447672e-01,1.34069285e+02,3.00000000e+02,1.17196979e+00,3.55886275e-08,2.77744376e-22,2.02049011e-13,2.32909214e-01,4.42480365e-13,2.92245422e-11,2.37821723e-15,2.65036243e-15,-1.06726002e-30,7.67090750e-01
7.37500000e-03,-6.45011360e-01,1.30951393e+02,3.00000000e+02,1.17196999e+00,2.32103978e-08,7.23463169e-23,8.93194526e-14,2.32909216e-01,1.93523657e-13,1.04351184e-11,8.01219642e-16,8.88177438e-16,-3.49975519e-31,7.67090761e-01
7.43750000e-03,-6.61185344e-01,1.27833503e+02,3.00000000e+02,1.17197012e+00,1.50327169e-08,1.89261628e-23,3.89742363e-14,2.32909216e-01,8.35333298e-14,3.66923726e-12,2.64959854e-16,2.92931752e-16,-1.12926047e-31,7.67090769e-01
7.50000000e-03,-6.76969616e-01,1.24715612e+02,3.00000000e+02,1.17197020e+00,9.67571428e-09,9.96883095e-24,1.67977134e-14,2.32909217e-01,3.56097488e-14,1.27138829e-12,8.56620845e-17,9.51490513e-17,-3.58789947e-32,7.67090773e-01
7.56250000e-03,-6.92364168e-01,1.21597721e+02,3.00000000e+02,1.17197025e+00,6.19513041e-09,5.32830221e-23,7.15795367e-15,2.32909217e-01,1.50066223e-14,4.34481836e-13,2.66001137e-17,3.04628144e-17,-1.12338719e-32,7.67090776e-01
7.62500000e-03,-7.07368994e-01,1.18479831e+02,3.00000000e+02,1.17197029e+00,3.95157528e-09,7.47855525e-23,3.02089709e-15,2.32909218e-01,6.26235697e-15,1.46642560e-13,6.70579661e-18,9.62559747e-18,-3.47067668e-33,7.67090779e-01
7.68750000e-03,-7.21984091e-01,1.15361941e+02,3.00000000e+02,1.17197031e+00,2.51645232e-09,-3.91691744e-23,1.26710949e-15,2.32909218e-01,2.59688551e-15,4.90331299e-14,-7.20926563e-19,3.01053789e-18,-1.06104686e-33,7.67090780e-01
7.75000000e-03,-7.36209457e-01,1.12244050e+02,3.00000000e+02,1.17197032e+00,1.60523881e-09,-1.70425325e-23,5.32386094e-16,2.32909218e-01,1.07859168e-15,1.63786009e-14,-2.50389514e-18,9.39700669e-19,-3.23624944e-34,7.67090781e-01
7.81250000e-03,-7.50045089e-01,1.09126160e+02,3.00000000e+02,1.17197033e+00,1.03080692e-09,-1.68244770e-22,2.28068658e-16,2.32909218e-01,4.56867083e-16,5.59564627e-15,-2.82088681e-18,3.00084262e-19,-1.00994875e-34,7.67090781e-01
7.87500000e-03,-7.63490988e-01,1.06008270e+02,3.00000000e+02,1.17197034e+00,6.71181136e-10,7.14695831e-23,1.03394991e-16,2.32909218e-01,2.05071982e-16,2.07923529e-15,-5.88683903e-19,1.05059952e-19,-3.46524900e-35,7.67090781e-01
8.00000000e-03,-7.89213579e-01,9.97724892e+01,3.00000000e+02,1.17197034e+00,2.95007171e-10,7.97545507e-23,2.54767299e-17,2.32909218e-01,4.97991068e-17,3.86727291e-16,-1.76165922e-18,1.80112701e-20,-5.78919734e-36,7.67090782e-01
8.12500000e-03,-8.13377226e-01,9.35367086e+01,3.00000000e+02,1.17197035e+00,1.28336781e-10,-4.73682427e-23,6.15328345e-18,2.32909218e-01,1.18516061e-17,7.02973122e-17,-4.45427459e-18,2.99624489e-21,-9.44402488e-37,7.67090782e-01
8.25000000e-03,-8.35981930e-01,8.73009280e+01,3.00000000e+02,1.17197035e+00,5.57286787e-11,-9.08820076e-24,1.46899165e-18,2.32909218e-01,2.78722905e-18,1.25747090e-17,-3.46682528e-18,4.74928441e-22,-1.51392446e-37,7.67090782e-01
8.37500000e-03,-8.57027689e-01,8.10651475e+01,3.00000000e+02,1.17197035e+00,2.45862125e-11,8.64223084e-24,3.56864332e-19,2.32909218e-01,6.66906043e-19,2.27898750e-18,-3.03490711e-18,6.45577302e-23,-2.45385834e-38,7.67090782e-01
8.50000000e-03,-8.76514504e-01,7.48293669e+01,3.00000000e+02,1.17197035e+00,1.14181618e-11,-2.79065863e-23,9.78006531e-20,2.32909218e-01,1.80308377e-19,4.79801284e-19,-3.21373661e-18,2.44707837e-24,-4.66664426e-39,7.67090782e-01
8.75000000e-03,-9.10811297e-01,6.23578057e+01,3.00000000e+02,1.17197035e+00,2.90633137e-12,-2.24211035e-23,1.21826508e-20,2.32909218e-01,2.20827190e-20,4.33552997e-20,-1.56458944e-18,-4.03577509e-24,-3.74167973e-40,7.67090782e-01
9.00000000e-03,-9.38872309e-01,4.98862446e+01,3.00000000e+02,1.17197035e+00,7.24553707e-13,4.37979442e-24,1.47911580e-21,2.32909218e-01,2.63581735e-21,3.81350456e-21,-6.82827201e-20,-5.50773019e-25,-2.91919744e-41,7.67090782e-01
9.25000000e-03,-9.60697541e-01,3.74146834e+01,3.00000000e+02,1.17197035e+00,1.77840173e-13,-3.32269168e-24,1.76137946e-22,2.32909218e-01,3.08561694e-22,3.28673456e-22,-1.96252427e-19,-5.30499174e-25,-2.23095194e-42,7.67090782e-01
9.50000000e-03,-9.76286993e-01,2.49431223e+01,3.00000000e+02,1.17197035e+00,4.31895398e-14,2.67930233e-28,2.06956050e-23,2.32909218e-01,3.56388338e-23,2.79292052e-23,-1.45364885e-20,-7.73419689e-26,-1.68064199e-43,7.67090782e-01
9.75000000e-03,-9.85640663e-01,1.24715611e+01,3.00000000e+02,1.17197035e+00,1.04270036e-14,7.20276997e-32,2.41296243e-24,2.32909218e-01,4.08450257e-24,2.35388931e-24,-1.12660257e-21,-8.53595938e-27,-1.25553754e-44,7.67090782e-01
1.00000000e-02,-9.88758554e-01,0.00000000e+00,3.00000000e+02,1.17197035e+00,2.51275875e-15,2.39414138e-32,2.80641716e-25,2.32909218e-01,4.66959577e-25,1.97862299e-25,-8.70799040e-23,-6.55559487e-28,-9.35426373e-46,7.67090782e-01
