# Cantera 3.2.0 CounterflowDiffusionFlame, h2o2.yaml/ohmech, mixture-averaged; fuel H2:N2 = 0.25:0.75, air O2:N2 = 0.21:0.79, 300.0 K, 101325.0 Pa, gap 0.01 m; momentum-balanced; extinct above U_o = 4.85759 m/s (last row: extinction)
U_o,U_f,a_global,K_ox,K_f,T_max,z_T_max,z_stag,points
0.1,0.11580094,21.580094,97.306793,98.871799,1629.1571,0.00521875,0.004625,159
0.125,0.14475118,26.975118,117.17909,119.72098,1621.8596,0.00521875,0.00465625,169
0.15625,0.18093897,33.718897,141.07599,145.38907,1613.9456,0.00521875,0.0046875,184
0.1953125,0.22617372,42.148622,173.37037,176.97339,1603.907,0.0051875,0.00471875,196
0.24414062,0.28271715,52.685777,209.41306,215.93771,1591.9254,0.0051875,0.00475,215
0.30517578,0.35339643,65.857221,256.22423,260.47074,1578.9,0.005171875,0.00475,227
0.38146973,0.44174554,82.321527,310.39473,319.57137,1564.4008,0.005171875,0.00478125,231
0.47683716,0.55218193,102.90191,380.17063,396.67297,1547.6428,0.00515625,0.0048125,241
0.59604645,0.69022741,128.62739,466.86351,485.96824,1530.87,0.005140625,0.004828125,265
0.74505806,0.86278426,160.78423,576.06359,596.5951,1513.4754,0.005125,0.00484375,279
0.93132257,1.0784803,200.98029,711.75334,733.38625,1493.9371,0.005109375,0.004859375,296
1.1641532,1.3481004,251.22536,866.52624,903.44044,1473.8035,0.005109375,0.004875,303
1.4551915,1.6851255,314.0317,1076.454,1115.2976,1452.2236,0.00509375,0.004890625,310
1.8189894,2.1064069,392.53963,1324.4335,1379.3229,1427.6869,0.0050859375,0.0048984375,331
2.2737368,2.6330086,490.67454,1628.9022,1695.9978,1400.9641,0.005078125,0.00490625,358
2.8421709,3.2912608,613.34317,2008.9008,2085.3824,1371.6932,0.0050703125,0.0049140625,369
3.5527137,4.114076,766.67896,2477.1014,2560.6583,1336.061,0.0050625,0.004921875,376
3.8369308,4.443202,828.01328,2647.3628,2764.5301,1321.1493,0.0050625,0.0049296875,378
4.1438852,4.7986582,894.25434,2825.9305,2952.9069,1303.6241,0.0050625,0.0049296875,380
4.4753961,5.1825508,965.79469,3059.5051,3181.7281,1281.7234,0.0050546875,0.0049375,385
4.8334277,5.5971549,1043.0583,3236.4952,3364.9123,1239.6657,0.0050546875,0.0049375,394
