# Cantera 3.2.0 CounterflowDiffusionFlame as strain.csv; U_o = 3 m/s, U_f = 3.4740283 m/s, K_ox = 1113.22 1/s, K_f = 1263.18 1/s, T_max = 1363.37 K, V_T = 1089.55 1/s
z,u,V,T,rho,Y_H2,Y_H,Y_O,Y_O2,Y_OH,Y_H2O,Y_HO2,Y_H2O2,Y_AR,Y_N2
0.00000000e+00,3.47402830e+00,-1.96021976e-17,3.00000000e+02,8.73961759e-01,2.34260615e-02,5.81957880e-17,1.24086547e-15,1.64237658e-15,5.71662125e-17,-1.31245920e-15,-4.16593107e-17,1.81140514e-15,-4.14488816e-19,9.76573939e-01
2.50000000e-04,3.46416064e+00,3.94706502e+01,3.00000000e+02,8.73961759e-01,2.34260615e-02,6.09856122e-17,1.23615799e-15,1.64237657e-15,1.68904095e-17,-1.26409294e-15,-4.16592728e-17,1.81140512e-15,-4.14488815e-19,9.76573939e-01
3.75000000e-04,3.45182606e+00,5.92059753e+01,3.00000000e+02,8.73961759e-01,2.34260615e-02,6.17356927e-17,1.23379990e-15,1.64237656e-15,8.31187598e-18,-1.25222568e-15,-4.16592537e-17,1.81140507e-15,-4.14488813e-19,9.76573939e-01
5.00000000e-04,3.43455765e+00,7.89413004e+01,3.00000000e+02,8.73961759e-01,2.34260615e-02,6.22297550e-17,1.23143418e-15,1.64237655e-15,4.60312687e-18,-1.24557914e-15,-4.16592346e-17,1.81140502e-15,-4.14488812e-19,9.76573939e-01
6.25000000e-04,3.41235541e+00,9.86766255e+01,3.00000000e+02,8.73961759e-01,2.34260615e-02,6.26142008e-17,1.22905734e-15,1.64237654e-15,3.00193102e-18,-1.24118344e-15,-4.16592153e-17,1.81140499e-15,-4.14488810e-19,9.76573939e-01
7.50000000e-04,3.38521934e+00,1.18411951e+02,3.00000000e+02,8.73961759e-01,2.34260615e-02,6.29529333e-17,1.22666575e-15,1.64237653e-15,2.31146719e-18,-1.23774938e-15,-4.16591959e-17,1.81140497e-15,-4.14488809e-19,9.76573939e-01
8.75000000e-04,3.35314943e+00,1.38147276e+02,3.00000000e+02,8.73961759e-01,2.34260615e-02,6.32747993e-17,1.22425566e-15,1.64237652e-15,2.01364841e-18,-1.23471637e-15,-4.16591763e-17,1.81140496e-15,-4.14488808e-19,9.76573939e-01
1.00000000e-03,3.31614570e+00,1.57882601e+02,3.00000000e+02,8.73961759e-01,2.34260615e-02,6.35962584e-17,1.22182311e-15,1.64237651e-15,1.88457802e-18,-1.23183950e-15,-4.16591565e-17,1.81140495e-15,-4.14488806e-19,9.76573939e-01
1.12500000e-03,3.27420813e+00,1.77617926e+02,3.00000000e+02,8.73961759e-01,2.34260615e-02,6.39395390e-17,1.21936393e-15,1.64237650e-15,1.82773503e-18,-1.22901040e-15,-4.16591364e-17,1.81140494e-15,-4.14488805e-19,9.76573939e-01
1.25000000e-03,3.22733674e+00,1.97353251e+02,3.00000000e+02,8.73961759e-01,2.34260615e-02,6.43732006e-17,1.21687366e-15,1.64237649e-15,1.80164039e-18,-1.22617951e-15,-4.16591161e-17,1.81140493e-15,-4.14488803e-19,9.76573939e-01
1.37500000e-03,3.17553151e+00,2.17088576e+02,3.00000000e+02,8.73961759e-01,2.34260615e-02,6.51565194e-17,1.21434751e-15,1.64237648e-15,1.78854162e-18,-1.22332236e-15,-4.16590954e-17,1.81140492e-15,-4.14488801e-19,9.76573939e-01
1.50000000e-03,3.11879245e+00,2.36823901e+02,3.00000000e+02,8.73961759e-01,2.34260615e-02,6.72869006e-17,1.21178039e-15,1.64237647e-15,1.78087576e-18,-1.22042508e-15,-4.16590743e-17,1.81140491e-15,-4.14488800e-19,9.76573939e-01
1.62500000e-03,3.05711956e+00,2.56559226e+02,3.00000000e+02,8.73961759e-01,2.34260615e-02,7.45617434e-17,1.20916803e-15,1.64237646e-15,1.77543751e-18,-1.21747905e-15,-4.16590528e-17,1.81140490e-15,-4.14488798e-19,9.76573939e-01
1.68750000e-03,3.02443292e+00,2.66426889e+02,3.00000000e+02,8.73961759e-01,2.34260615e-02,8.54679042e-17,1.20784822e-15,1.64237645e-15,1.77304349e-18,-1.21599134e-15,-4.16590419e-17,1.81140489e-15,-4.14488795e-19,9.76573939e-01
1.75000000e-03,2.99051283e+00,2.76294551e+02,3.00000000e+02,8.73961759e-01,2.34260615e-02,1.11199711e-16,1.20651472e-15,1.64237645e-15,1.77082063e-18,-1.21448848e-15,-4.16590309e-17,1.81140488e-15,-4.14488791e-19,9.76573939e-01
1.81250000e-03,2.95535929e+00,2.86162214e+02,3.00000000e+02,8.73961759e-01,2.34260615e-02,1.71824459e-16,1.20516667e-15,1.64237644e-15,1.76868829e-18,-1.21296940e-15,-4.16590198e-17,1.81140488e-15,-4.14488788e-19,9.76573939e-01
1.87500000e-03,2.91897228e+00,2.96029876e+02,3.00000000e+02,8.73961759e-01,2.34260615e-02,3.13995904e-16,1.20380314e-15,1.64237644e-15,1.76659846e-18,-1.21143303e-15,-4.16590085e-17,1.81140487e-15,-4.14488785e-19,9.76573939e-01
1.93750000e-03,2.88135182e+00,3.05897539e+02,3.00000000e+02,8.73961759e-01,2.34260615e-02,6.45349918e-16,1.20242316e-15,1.64237643e-15,1.76452232e-18,-1.20987825e-15,-4.16589970e-17,1.81140487e-15,-4.14488781e-19,9.76573939e-01
2.00000000e-03,2.84249790e+00,3.15765202e+02,3.00000000e+02,8.73961759e-01,2.34260615e-02,1.41223966e-15,1.20102565e-15,1.64237643e-15,1.76244236e-18,-1.20830385e-15,-4.16589853e-17,1.81140486e-15,-4.14488778e-19,9.76573939e-01
2.06250000e-03,2.80241052e+00,3.25632864e+02,3.00000000e+02,8.73961759e-01,2.34260615e-02,3.17383890e-15,1.19960936e-15,1.64237642e-15,1.76034740e-18,-1.20670848e-15,-4.16589734e-17,1.81140486e-15,-4.14488774e-19,9.76573939e-01
2.12500000e-03,2.76108968e+00,3.35500527e+02,3.00000000e+02,8.73961759e-01,2.34260615e-02,7.18841969e-15,1.19817220e-15,1.64237641e-15,1.75822898e-18,-1.20508995e-15,-4.16589608e-17,1.81140485e-15,-4.14488772e-19,9.76573939e-01
2.25000000e-03,2.67474763e+00,3.55235852e+02,3.00000000e+02,8.73961759e-01,2.34260615e-02,3.03945516e-14,1.19521707e-15,1.64237640e-15,1.75388465e-18,-1.20176064e-15,-4.16589319e-17,1.81140484e-15,-4.14488769e-19,9.76573939e-01
2.31250000e-03,2.62972642e+00,3.65103514e+02,3.00000000e+02,8.73961759e-01,2.34260615e-02,6.32448567e-14,1.19371408e-15,1.64237639e-15,1.75167656e-18,-1.20006796e-15,-4.16589145e-17,1.81140483e-15,-4.14488766e-19,9.76573939e-01
2.37500000e-03,2.58347175e+00,3.74971177e+02,3.00000000e+02,8.73961759e-01,2.34260615e-02,1.35523648e-13,1.19218572e-15,1.64237638e-15,1.74943140e-18,-1.19834686e-15,-4.16588910e-17,1.81140482e-15,-4.14488762e-19,9.76573939e-01
2.43750000e-03,2.53598363e+00,3.84838839e+02,3.00000000e+02,8.73961759e-01,2.34260615e-02,2.93029219e-13,1.19063031e-15,1.64237636e-15,1.74714548e-18,-1.19659545e-15,-4.16588543e-17,1.81140482e-15,-4.14488758e-19,9.76573939e-01
2.50000000e-03,2.48726204e+00,3.94706502e+02,3.00000000e+02,8.73961759e-01,2.34260615e-02,6.32842255e-13,1.18904603e-15,1.64237632e-15,1.74481407e-18,-1.19481173e-15,-4.16587886e-17,1.81140481e-15,-4.14488754e-19,9.76573939e-01
2.56250000e-03,2.43730700e+00,4.04574164e+02,3.00000000e+02,8.73961759e-01,2.34260615e-02,1.35842129e-12,1.18743091e-15,1.64237625e-15,1.74243031e-18,-1.19299348e-15,-4.16586600e-17,1.81140480e-15,-4.14488750e-19,9.76573939e-01
2.62500000e-03,2.38611850e+00,4.14441827e+02,3.00000000e+02,8.73961759e-01,2.34260615e-02,2.89115632e-12,1.18578280e-15,1.64237610e-15,1.73998296e-18,-1.19113834e-15,-4.16583957e-17,1.81140479e-15,-4.14488746e-19,9.76573939e-01
2.68750000e-03,2.33369655e+00,4.24309490e+02,3.00000000e+02,8.73961759e-01,2.34260615e-02,6.09314245e-12,1.18409940e-15,1.64237579e-15,1.73745204e-18,-1.18924369e-15,-4.16578413e-17,1.81140477e-15,-4.14488741e-19,9.76573939e-01
2.75000000e-03,2.28004113e+00,4.34177152e+02,3.00000000e+02,8.73961759e-01,2.34260615e-02,1.27056946e-11,1.18237834e-15,1.64237512e-15,1.73480025e-18,-1.18730650e-15,-4.16566741e-17,1.81140475e-15,-4.14488737e-19,9.76573939e-01
2.81250000e-03,2.22515226e+00,4.44044815e+02,3.00000000e+02,8.73961759e-01,2.34260615e-02,2.61996096e-11,1.18061772e-15,1.64237373e-15,1.73195702e-18,-1.18532216e-15,-4.16542318e-17,1.81140471e-15,-4.14488732e-19,9.76573939e-01
2.87500000e-03,2.16902993e+00,4.53912477e+02,3.00000000e+02,8.73961758e-01,2.34260614e-02,5.33979384e-11,1.17881875e-15,1.64237086e-15,1.72879080e-18,-1.18327762e-15,-4.16492071e-17,1.81140463e-15,-4.14488727e-19,9.76573939e-01
2.93750000e-03,2.11167414e+00,4.63780140e+02,3.00000000e+02,8.73961758e-01,2.34260614e-02,1.07522195e-10,1.17699715e-15,1.64236519e-15,1.72507587e-18,-1.18111163e-15,-4.16392721e-17,1.81140448e-15,-4.14488720e-19,9.76573939e-01
2.96875000e-03,2.08253370e+00,4.68713971e+02,3.00000000e+02,8.73961758e-01,2.34260613e-02,1.54146329e-10,1.17610752e-15,1.64236073e-15,1.72291629e-18,-1.17985767e-15,-4.16314560e-17,1.81140436e-15,-4.14488711e-19,9.76573939e-01
3.00000000e-03,2.05308490e+00,4.73647802e+02,3.00000000e+02,8.73961757e-01,2.34260612e-02,2.22928750e-10,1.17528714e-15,1.64235383e-15,1.72041767e-18,-1.17812139e-15,-4.16193860e-17,1.81140419e-15,-4.14488705e-19,9.76573939e-01
3.06250000e-03,1.99326220e+00,4.83515465e+02,3.00000000e+02,8.73961756e-01,2.34260609e-02,4.57174191e-10,1.17425290e-15,1.64232695e-15,1.71421669e-18,-1.16997169e-15,-4.15721840e-17,1.81140351e-15,-4.14488700e-19,9.76573939e-01
3.12500000e-03,1.93220604e+00,4.93383127e+02,3.00000000e+02,8.73961754e-01,2.34260602e-02,9.04528225e-10,1.17610274e-15,1.64227505e-15,1.70804374e-18,-1.13502860e-15,-4.14802985e-17,1.81140221e-15,-4.14488693e-19,9.76573939e-01
3.15625000e-03,1.90121541e+00,4.98316959e+02,3.00000000e+02,8.73961754e-01,2.34260595e-02,1.27615169e-09,1.18147478e-15,1.64223580e-15,1.70885568e-18,-1.06420696e-15,-4.14089522e-17,1.81140121e-15,-4.14488685e-19,9.76573939e-01
3.18750000e-03,1.86991642e+00,5.03250790e+02,3.00000000e+02,8.73961754e-01,2.34260583e-02,1.80901566e-09,1.19651812e-15,1.64217924e-15,1.72060952e-18,-8.44246163e-16,-4.13008121e-17,1.81139973e-15,-4.14488680e-19,9.76573940e-01
3.25000000e-03,1.80639332e+00,5.13118452e+02,3.00000000e+02,8.73961761e-01,2.34260538e-02,3.55692922e-09,1.29841045e-15,1.64199259e-15,1.83551004e-18,9.77382905e-16,-4.08907045e-17,1.81139448e-15,-4.14488686e-19,9.76573943e-01
3.31250000e-03,1.74163673e+00,5.22986114e+02,3.00000001e+02,8.73961790e-01,2.34260437e-02,6.74602724e-09,1.69978672e-15,1.64180379e-15,2.36895792e-18,1.01971712e-14,-4.00985792e-17,1.81138652e-15,-4.14488709e-19,9.76573950e-01
3.37500000e-03,1.67564656e+00,5.32853775e+02,3.00000002e+02,8.73961881e-01,2.34260209e-02,1.24704785e-08,3.22160111e-15,1.64236373e-15,4.55154363e-18,5.55564531e-14,-3.86173038e-17,1.81138352e-15,-4.14488769e-19,9.76573967e-01
3.43750000e-03,1.60842265e+00,5.42721432e+02,3.00000006e+02,8.73962127e-01,2.34259702e-02,2.25739655e-08,8.81492659e-15,1.64806368e-15,1.29626645e-17,2.72015199e-13,-3.59374439e-17,1.81144046e-15,-4.14488906e-19,9.76574007e-01
3.46875000e-03,1.57434790e+00,5.47655258e+02,3.00000010e+02,8.73962390e-01,2.34259220e-02,3.04083550e-08,1.69932912e-14,1.66122186e-15,2.57247655e-17,6.74166229e-13,-3.38439637e-17,1.81160292e-15,-4.14489028e-19,9.76574048e-01
3.50000000e-03,1.53996446e+00,5.52589079e+02,3.00000020e+02,8.73962837e-01,2.34258450e-02,4.10589731e-08,3.54303814e-14,1.70137473e-15,5.53402617e-17,1.78901194e-12,-3.05235029e-17,1.81212545e-15,-4.14489221e-19,9.76574114e-01
3.53125000e-03,1.50527217e+00,5.57522893e+02,3.00000038e+02,8.73963583e-01,2.34257228e-02,5.54552826e-08,7.64872568e-14,1.81930883e-15,1.23564556e-16,4.83646486e-12,-2.46104964e-17,1.81370190e-15,-4.14489521e-19,9.76574222e-01
3.56250000e-03,1.47027073e+00,5.62456695e+02,3.00000074e+02,8.73964801e-01,2.34255298e-02,7.48018871e-08,1.66781604e-13,2.15710879e-15,2.79895313e-16,1.30477586e-11,-1.25326704e-17,1.81829158e-15,-4.14489976e-19,9.76574395e-01
3.59375000e-03,1.43495976e+00,5.67390477e+02,3.00000144e+02,8.73966753e-01,2.34252268e-02,1.00648773e-07,3.62852764e-13,3.10581404e-15,6.36798747e-16,3.48494259e-11,1.52941214e-17,1.83133060e-15,-4.14490659e-19,9.76574672e-01
3.62500000e-03,1.39933869e+00,5.72324226e+02,3.00000280e+02,8.73969827e-01,2.34247547e-02,1.34975887e-07,7.83128454e-13,5.72426423e-15,1.44975820e-15,9.18681318e-11,8.46320647e-17,1.86764411e-15,-4.14491672e-19,9.76575110e-01
3.65625000e-03,1.36340674e+00,5.77257923e+02,3.00000540e+02,8.73974578e-01,2.34240240e-02,1.80293991e-07,1.67213748e-12,1.28330985e-14,3.29943040e-15,2.38704908e-10,2.64082794e-16,1.96697089e-15,-4.14493162e-19,9.76575795e-01
3.68750000e-03,1.32716286e+00,5.82191540e+02,3.00001034e+02,8.73981780e-01,2.34229023e-02,2.39763842e-07,3.52742034e-12,3.18235223e-14,7.50646421e-15,6.10904825e-10,7.33725226e-16,2.23397836e-15,-4.14495338e-19,9.76576857e-01
3.71875000e-03,1.29060571e+00,5.87125036e+02,3.00001961e+02,8.73992469e-01,2.34211942e-02,3.17335870e-07,7.34619971e-12,8.17448913e-14,1.70756791e-14,1.53916347e-09,1.95861602e-15,2.93944680e-15,-4.14498493e-19,9.76578487e-01
3.75000000e-03,1.25373367e+00,5.92058357e+02,3.00003683e+02,8.74007965e-01,2.34186155e-02,4.17912821e-07,1.50966391e-11,2.10882547e-13,3.88404422e-14,3.81600569e-09,5.11953915e-15,4.77111865e-15,-4.14503037e-19,9.76580963e-01
3.78125000e-03,1.21654498e+00,5.96991436e+02,3.00006846e+02,8.74029819e-01,2.34147573e-02,5.47538378e-07,3.06023359e-11,5.39611696e-13,8.83131549e-14,9.30609781e-09,1.31637434e-14,9.44299439e-15,-4.14509536e-19,9.76584686e-01
3.81250000e-03,1.17903801e+00,6.01924199e+02,3.00012584e+02,8.74059627e-01,2.34090378e-02,7.13615804e-07,6.11723075e-11,1.36313786e-12,2.00592759e-13,2.23141168e-08,3.33244542e-14,2.11442385e-14,-4.14518757e-19,9.76590226e-01
3.84375000e-03,1.14121194e+00,6.06856593e+02,3.00022867e+02,8.74098558e-01,2.34006404e-02,9.25162461e-07,1.20548657e-10,3.39388647e-12,4.54714063e-13,5.25845411e-08,8.30635281e-14,4.99097300e-14,-4.14531715e-19,9.76598382e-01
3.87500000e-03,1.10306783e+00,6.11788647e+02,3.00041062e+02,8.74146417e-01,2.33884330e-02,1.19310909e-06,2.34134338e-10,8.32482928e-12,1.02755915e-12,1.21732506e-07,2.03871746e-13,1.19283580e-13,-4.14549714e-19,9.76610252e-01
3.90625000e-03,1.06461060e+00,6.16720588e+02,3.00072821e+02,8.74199900e-01,2.33708677e-02,1.53065752e-06,4.48080134e-10,2.01210802e-11,2.31222871e-12,2.76705221e-07,4.92861044e-13,2.83332716e-13,-4.14574344e-19,9.76627324e-01
3.93750000e-03,1.02585203e+00,6.21653085e+02,3.00127487e+02,8.74249576e-01,2.33458591e-02,1.95371756e-06,8.44754584e-10,4.79473315e-11,5.17598241e-12,6.17259826e-07,1.17417268e-12,6.63486904e-13,-4.14607406e-19,9.76651569e-01
3.96875000e-03,9.86815316e-01,6.26587676e+02,3.00220223e+02,8.74274931e-01,2.33106403e-02,2.48145446e-06,1.56851818e-09,1.12743941e-10,1.15190601e-11,1.35057036e-06,2.75864802e-12,1.52624197e-12,-4.14650691e-19,9.76685526e-01
4.00000000e-03,9.47541628e-01,6.31527519e+02,3.00375176e+02,8.74236597e-01,2.32616017e-02,3.13699248e-06,2.86771024e-09,2.61914342e-10,2.54817671e-11,2.89666968e-06,6.39778362e-12,3.44255892e-12,-4.14705554e-19,9.76732361e-01
4.03125000e-03,9.08098881e-01,6.36478639e+02,3.00630037e+02,8.74064720e-01,2.31941215e-02,3.94833915e-06,5.16144857e-09,6.02060235e-10,5.60540708e-11,6.08575973e-06,1.46633241e-11,7.60529285e-12,-4.14772283e-19,9.76795839e-01
4.06250000e-03,8.68592931e-01,6.41451884e+02,3.01042388e+02,8.73642383e-01,2.31024033e-02,4.94961779e-06,9.14326132e-09,1.37207754e-09,1.22748137e-10,1.25147823e-05,3.32565492e-11,1.64414062e-11,-4.14849428e-19,9.76880122e-01
4.09375000e-03,8.29180666e-01,6.46465824e+02,3.01698189e+02,8.72783366e-01,2.29793515e-02,6.18271963e-06,1.59375045e-08,3.10731155e-09,2.68059162e-10,2.51667401e-05,7.47436788e-11,3.47521034e-11,-4.14933640e-19,9.76989280e-01
4.12500000e-03,7.90083656e-01,6.51550708e+02,3.02722555e+02,8.71204595e-01,2.28165263e-02,7.69950377e-06,2.73282449e-08,7.01150928e-09,5.85272124e-10,4.94374945e-05,1.66697658e-10,7.17551652e-11,-4.15021125e-19,9.77126302e-01
4.15625000e-03,7.51599690e-01,6.56753199e+02,3.04292532e+02,8.68496020e-01,2.26042375e-02,9.56466334e-06,4.60820445e-08,1.58087147e-08,1.28183309e-09,9.47444041e-05,3.69470731e-10,1.44586286e-10,-4.15112198e-19,9.77291390e-01
4.17187500e-03,7.32739578e-01,6.59424910e+02,3.05373292e+02,8.66502953e-01,2.24754604e-02,1.06592683e-05,5.98041836e-08,2.43856172e-08,1.94940686e-09,1.31259288e-04,5.62852200e-10,2.06053153e-10,-4.15163409e-19,9.77382534e-01
4.18750000e-03,7.14248002e-01,6.62169082e+02,3.06719692e+02,8.63921924e-01,2.23291475e-02,1.18780843e-05,7.76153678e-08,3.80531743e-08,2.99010817e-09,1.82147332e-04,8.65211723e-10,2.94760337e-10,-4.15223076e-19,9.77476707e-01
4.20312500e-03,6.96206191e-01,6.65007598e+02,3.08386635e+02,8.60626481e-01,2.21637619e-02,1.32351296e-05,1.00580439e-07,5.97841870e-08,4.61587287e-09,2.52331528e-04,1.33469616e-09,4.21510102e-10,-4.15296132e-19,9.77570505e-01
4.21875000e-03,6.78701894e-01,6.67967591e+02,3.10437158e+02,8.56476024e-01,2.19778230e-02,1.47459353e-05,1.29986957e-07,9.42836516e-08,7.15687223e-09,3.48081677e-04,2.05888311e-09,6.00772040e-10,-4.15386817e-19,9.77659115e-01
4.23437500e-03,6.61827641e-01,6.71082208e+02,3.12942674e+02,8.51318671e-01,2.17699579e-02,1.64275992e-05,1.67371147e-07,1.48986437e-07,1.11257707e-08,4.77233691e-04,3.16819758e-09,8.51643798e-10,-4.15495685e-19,9.77736049e-01
4.25000000e-03,6.45678288e-01,6.74391288e+02,3.15982888e+02,8.44995983e-01,2.15389602e-02,1.82987829e-05,2.14537820e-07,2.35607421e-07,1.73129038e-08,6.49380552e-04,4.85420963e-09,1.19893525e-09,-4.15615112e-19,9.77792887e-01
4.26562500e-03,6.30347826e-01,6.77941878e+02,3.19645316e+02,8.37349784e-01,2.12838504e-02,2.03796291e-05,2.73569118e-07,3.72521781e-07,2.69226017e-08,8.76002767e-04,7.39293273e-09,1.67432436e-09,-4.15723986e-19,9.77819085e-01
4.28125000e-03,6.15925489e-01,6.81788450e+02,3.24024310e+02,8.28231031e-01,2.10039378e-02,2.26915777e-05,3.46815371e-07,5.88364377e-07,4.17602789e-08,1.17050063e-03,1.11667643e-08,2.31747695e-09,-4.15783336e-19,9.77801880e-01
4.31250000e-03,5.89917793e-01,6.90537586e+02,3.35215287e+02,8.05371620e-01,2.03700837e-02,2.80609197e-05,5.43032276e-07,1.38560490e-06,9.48743728e-08,2.00492271e-03,2.37034454e-08,4.24484289e-09,-4.15567804e-19,9.77594881e-01
4.32812500e-03,5.78397690e-01,6.95530449e+02,3.42207254e+02,7.91516705e-01,2.00167743e-02,3.11920732e-05,6.71892131e-07,2.15768517e-06,1.44238760e-07,2.57748612e-03,3.46221595e-08,5.64900480e-09,-4.15163651e-19,9.77371533e-01
4.34375000e-03,5.67978887e-01,7.01055355e+02,3.50300448e+02,7.75926735e-01,1.96396049e-02,3.46456352e-05,8.25417350e-07,3.34794105e-06,2.17101026e-07,3.28119353e-03,5.00598098e-08,7.44742533e-09,-4.14471441e-19,9.77040108e-01
4.35937500e-03,5.58659842e-01,7.07179047e+02,3.59588963e+02,7.58650678e-01,1.92398201e-02,3.84431031e-05,1.00604137e-06,5.16298183e-06,3.22456793e-07,4.13351038e-03,7.14367003e-08,9.70765498e-09,-4.13462240e-19,9.76581654e-01
4.37500000e-03,5.50410221e-01,7.13964351e+02,3.70158119e+02,7.39797086e-01,1.88190337e-02,4.26039668e-05,1.21569848e-06,7.89642151e-06,4.71010229e-07,5.15077814e-03,1.00430234e-07,1.24845047e-08,-4.12138685e-19,9.75977888e-01
4.39062500e-03,5.43169635e-01,7.21466944e+02,3.82081262e+02,7.19531580e-01,1.83791702e-02,4.71449826e-05,1.45559091e-06,1.19552637e-05,6.74474998e-07,6.34736442e-03,1.38919240e-07,1.58027858e-08,-4.10525947e-19,9.75212080e-01
4.40625000e-03,5.36847923e-01,7.29732189e+02,3.95416914e+02,6.98069295e-01,1.79223885e-02,5.20795177e-05,1.72598097e-06,1.78887078e-05,9.44281863e-07,7.73489373e-03,1.88904631e-07,1.96356918e-08,-4.08653163e-19,9.74269871e-01
4.42187500e-03,5.31326964e-01,7.38792318e+02,4.10206515e+02,6.75663084e-01,1.74509979e-02,5.74170065e-05,2.02605231e-06,2.64170635e-05,1.28983856e-06,9.32163983e-03,2.52407111e-07,2.38838675e-08,-4.06534807e-19,9.73139936e-01
4.43750000e-03,5.26463909e-01,7.48664213e+02,4.26472888e+02,6.52588902e-01,1.69673719e-02,6.31625559e-05,2.35389187e-06,3.84577431e-05,1.71674158e-06,1.11121377e-02,3.31355491e-07,2.83638267e-08,-4.04161560e-19,9.71814440e-01
4.45312500e-03,5.22095547e-01,7.59347960e+02,4.44219529e+02,6.29130222e-01,1.64738683e-02,6.93167326e-05,2.70664908e-06,5.51450403e-05,2.22551189e-06,1.31070419e-02,4.27483183e-07,3.28151182e-08,-4.01504449e-19,9.70289235e-01
4.46875000e-03,5.18043434e-01,7.70826267e+02,4.63430703e+02,6.05563268e-01,1.59727610e-02,7.58755645e-05,3.08093023e-06,7.78407410e-05,2.81137122e-06,1.53032237e-02,5.42248921e-07,3.69310750e-08,-3.98528521e-19,9.68563827e-01
4.48437500e-03,5.14119393e-01,7.83064744e+02,4.84072277e+02,5.82144563e-01,1.54661863e-02,8.28307736e-05,3.47348235e-06,1.08133548e-04,3.46526168e-06,1.76940720e-02,6.76791883e-07,4.04088289e-08,-3.95208141e-19,9.66641122e-01
4.50000000e-03,5.10131003e-01,7.96012949e+02,5.06093143e+02,5.59101688e-01,1.49561057e-02,9.01702367e-05,3.88220739e-06,1.47826661e-04,4.17587952e-06,2.02699444e-02,8.31923628e-07,4.30051767e-08,-3.91536859e-19,9.64527020e-01
4.51562500e-03,5.05886763e-01,8.09606060e+02,5.29427110e+02,5.36627553e-01,1.44442838e-02,9.78786388e-05,4.30752331e-06,1.98914337e-04,4.93217884e-06,2.30187099e-02,1.00815221e-06,4.45814633e-08,-3.87528991e-19,9.62229921e-01
4.53125000e-03,5.01200698e-01,8.23766996e+02,5.53995065e+02,5.14877987e-01,1.39322792e-02,1.05938251e-04,4.75405950e-06,2.63549607e-04,5.72576646e-06,2.59263244e-02,1.20572943e-06,4.51250712e-08,-3.83214379e-19,9.59760178e-01
4.54687500e-03,4.95896284e-01,8.38408788e+02,5.79707291e+02,4.93972092e-01,1.34214464e-02,1.14329745e-04,5.23264969e-06,3.44006276e-04,6.55284430e-06,2.89773937e-02,1.42471089e-06,4.47445223e-08,-3.78629988e-19,9.57129569e-01
4.56250000e-03,4.89809586e-01,8.53437060e+02,6.06465790e+02,4.73994654e-01,1.29129450e-02,1.23032968e-04,5.76258117e-06,4.42638927e-04,7.41571012e-06,3.21556878e-02,1.66502023e-06,4.36442928e-08,-3.73811929e-19,9.54350808e-01
4.57812500e-03,4.82791633e-01,8.68752452e+02,6.34166505e+02,4.54999897e-01,1.24077548e-02,1.32027580e-04,6.37407923e-06,5.61844830e-04,8.32413223e-06,3.54445848e-02,1.92651162e-06,4.20903195e-08,-3.68790042e-19,9.51437121e-01
4.59375000e-03,4.74710035e-01,8.84252891e+02,6.62701341e+02,4.37015932e-01,1.19066931e-02,1.41293526e-04,7.11104750e-06,7.04031702e-04,9.29708076e-06,3.88274331e-02,2.20902859e-06,4.03771458e-08,-3.63585576e-19,9.48401891e-01
4.60937500e-03,4.65449925e-01,8.99835648e+02,6.91959933e+02,4.20049422e-01,1.14104350e-02,1.50811274e-04,8.03413433e-06,8.71595277e-04,1.03653306e-05,4.22878290e-02,2.51246013e-06,3.88044737e-08,-3.58211388e-19,9.45258379e-01
4.62500000e-03,4.54914313e-01,9.15399117e+02,7.21831099e+02,4.04090079e-01,1.09195328e-02,1.60561815e-04,9.22423736e-06,1.06691074e-03,1.15754014e-05,4.58098113e-02,2.83679758e-06,3.76669118e-08,-3.52673666e-19,9.42019509e-01
4.64062500e-03,4.43023943e-01,9.30844321e+02,7.52203958e+02,3.89114766e-01,1.04344358e-02,1.70526379e-04,1.07865851e-05,1.29234234e-03,1.29952216e-05,4.93779794e-02,3.18219675e-06,3.72576088e-08,-3.46974222e-19,9.38697715e-01
4.65625000e-03,4.29716779e-01,9.46076141e+02,7.82968725e+02,3.75091099e-01,9.95551009e-03,1.80685850e-04,1.28555456e-05,1.55027562e-03,1.47218295e-05,5.29775399e-02,3.54905015e-06,3.78848788e-08,-3.41112692e-19,9.35304824e-01
4.67187500e-03,4.14947213e-01,9.61004276e+02,8.14017174e+02,3.61980477e-01,9.48305717e-03,1.91019848e-04,1.56003121e-05,1.84317705e-03,1.68913613e-05,5.65942882e-02,3.93807333e-06,3.99007212e-08,-3.35088293e-19,9.31851988e-01
4.68750000e-03,3.98685088e-01,9.75543972e+02,8.45242811e+02,3.49740573e-01,9.01733266e-03,2.01505442e-04,1.92316159e-05,2.17368534e-03,1.96915218e-05,6.02145301e-02,4.35040794e-06,4.37408194e-08,-3.28901027e-19,9.28349629e-01
4.70312500e-03,3.80914629e-01,9.89616532e+02,8.76540775e+02,3.38327321e-01,8.55856501e-03,2.12115473e-04,2.40095924e-05,2.54473840e-03,2.33766565e-05,6.38249466e-02,4.78774225e-06,4.99765735e-08,-3.22552384e-19,9.24807411e-01
4.71875000e-03,3.61633348e-01,1.00314966e+03,9.07807510e+02,3.27696460e-01,8.10697460e-03,2.22816458e-04,3.02528791e-05,2.95973857e-03,2.82854261e-05,6.74124077e-02,5.25244790e-06,5.93804075e-08,-3.16045642e-19,9.21234213e-01
4.73437500e-03,3.40850985e-01,1.01607761e+03,9.38940235e+02,3.17804710e-01,7.66279333e-03,2.33566082e-04,3.83488820e-05,3.42275721e-03,3.48608450e-05,7.09637382e-02,5.74772912e-06,7.30054080e-08,-3.09385893e-19,9.17638115e-01
4.75000000e-03,3.18588527e-01,1.02834129e+03,9.69836251e+02,3.08610639e-01,7.22628509e-03,2.44310317e-04,4.87648788e-05,3.93877731e-03,4.36720181e-05,7.44654419e-02,6.27777849e-06,9.22785942e-08,-3.02579899e-19,9.14026378e-01
4.76562500e-03,2.94877356e-01,1.03988814e+03,1.00039213e+03,3.00075283e-01,6.79776678e-03,2.54980239e-04,6.20591618e-05,4.51397015e-03,5.54361810e-05,7.79033934e-02,6.84793056e-06,1.19102898e-07,-2.95635862e-19,9.10405427e-01
4.78125000e-03,2.69758533e-01,1.05067205e+03,1.03050282e+03,2.92162573e-01,6.37762967e-03,2.65488721e-04,7.88907170e-05,5.15599806e-03,7.10385146e-05,8.12625098e-02,7.46480022e-06,1.55955239e-07,-2.88563151e-19,9.06780824e-01
4.79687500e-03,2.43282571e-01,1.06065310e+03,1.06006199e+03,2.84839270e-01,5.96636021e-03,2.75727234e-04,1.00024978e-04,5.87433060e-03,9.15456024e-05,8.45264221e-02,8.13637470e-06,2.05956144e-07,-2.81372056e-19,9.03157247e-01
4.81250000e-03,2.15508965e-01,1.06979733e+03,1.08896140e+03,2.78075136e-01,5.56455912e-03,2.85563137e-04,1.26332040e-04,6.68055528e-03,1.18206111e-04,8.76771739e-02,8.87206652e-06,2.72870849e-07,-2.74073552e-19,8.99538465e-01
4.82812500e-03,1.86505689e-01,1.07807640e+03,1.11708937e+03,2.71843249e-01,5.17295614e-03,2.94837984e-04,1.58772608e-04,7.58865695e-03,1.52429932e-04,9.06949889e-02,9.68271081e-06,3.60986141e-07,-2.66679093e-19,8.95927314e-01
4.84375000e-03,1.56349076e-01,1.08546728e+03,1.14433012e+03,2.66120020e-01,4.79241796e-03,3.03367503e-04,1.98366186e-04,8.61523079e-03,1.95735335e-04,9.35581569e-02,1.05804599e-05,4.74799732e-07,-2.59200431e-19,8.92325670e-01
4.85937500e-03,1.25123862e-01,1.09195187e+03,1.17056340e+03,2.60885122e-01,4.42394600e-03,3.10943973e-04,2.46136137e-04,9.77958369e-03,2.49653688e-04,9.62430937e-02,1.15785571e-05,6.18474462e-07,-2.51649488e-19,8.88734446e-01
4.87500000e-03,9.29233363e-02,1.09751669e+03,1.19566455e+03,2.56121347e-01,4.06866063e-03,3.17341705e-04,3.03027861e-04,1.11036712e-02,3.15584475e-04,9.87246326e-02,1.26909820e-05,7.95064764e-07,-2.44038242e-19,8.85153596e-01
4.89062500e-03,5.98495327e-02,1.10215242e+03,1.21950522e+03,2.51814390e-01,3.72776930e-03,3.22326126e-04,3.69799963e-04,1.26118147e-02,3.94601023e-04,1.00976592e-01,1.39321070e-05,1.00562599e-06,-2.36378627e-19,8.81582159e-01
4.89843750e-03,4.30198430e-02,1.10411838e+03,1.23090056e+03,2.49830911e-01,3.56319419e-03,3.24199140e-04,4.07083939e-04,1.34454769e-02,4.39244264e-04,1.02006696e-01,1.46075080e-05,1.12311912e-06,-2.32532434e-19,8.79798375e-01
4.90625000e-03,2.60143167e-02,1.10585019e+03,1.24193079e+03,2.47957540e-01,3.40268424e-03,3.25633690e-04,4.46965665e-04,1.43351375e-02,4.87291479e-04,1.02969524e-01,1.53202371e-05,1.24814180e-06,-2.28678772e-19,8.78016195e-01
4.91406250e-03,8.84822592e-03,1.10734779e+03,1.25257950e+03,2.46193174e-01,3.24638988e-03,3.26604141e-04,4.89426873e-04,1.52841927e-02,5.38685794e-04,1.03861958e-01,1.60716418e-05,1.37994623e-06,-2.24818977e-19,8.76235291e-01
4.92187500e-03,-8.46261970e-03,1.10861130e+03,1.26283037e+03,2.44536831e-01,3.09445494e-03,3.27087170e-04,5.34412305e-04,1.62960288e-02,5.93308016e-04,1.04681018e-01,1.68630238e-05,1.51760073e-06,-2.20954668e-19,8.74455310e-01
4.92968750e-03,-2.59018711e-02,1.10964112e+03,1.27266590e+03,2.42987910e-01,2.94701383e-03,3.27062318e-04,5.81825974e-04,1.73739648e-02,6.50972171e-04,1.05423930e-01,1.76955454e-05,1.66001706e-06,-2.17088345e-19,8.72675876e-01
4.93750000e-03,-4.34526662e-02,1.11043788e+03,1.28207039e+03,2.41545608e-01,2.80418899e-03,3.26512500e-04,6.31528637e-04,1.85212059e-02,7.11423587e-04,1.06088161e-01,1.85701498e-05,1.80599057e-06,-2.13220992e-19,8.70896604e-01
4.94531250e-03,-6.10976788e-02,1.11100237e+03,1.29102849e+03,2.40209219e-01,2.66608891e-03,3.25424441e-04,6.83336537e-04,1.97408155e-02,7.74339023e-04,1.06671446e-01,1.94875614e-05,1.95425215e-06,-2.09353628e-19,8.69117108e-01
4.95312500e-03,-7.88191498e-02,1.11133553e+03,1.29952531e+03,2.38978131e-01,2.53280588e-03,3.23789069e-04,7.37020778e-04,2.10356697e-02,8.39328433e-04,1.07171823e-01,2.04482712e-05,2.10352441e-06,-2.05487634e-19,8.67337013e-01
4.96093750e-03,-9.65989234e-02,1.11143843e+03,1.30754644e+03,2.37851813e-01,2.40441416e-03,3.21601821e-04,7.92307858e-04,2.24084136e-02,9.05939029e-04,1.07587661e-01,2.14525283e-05,2.25257941e-06,-2.01624542e-19,8.65555959e-01
4.96875000e-03,-1.14418487e-01,1.11131227e+03,1.31507805e+03,2.36829821e-01,2.28096832e-03,3.18862858e-04,8.48881430e-04,2.38614192e-02,9.73661591e-04,1.07917689e-01,2.25003376e-05,2.40029336e-06,-1.97765832e-19,8.63773618e-01
4.97656250e-03,-1.32259013e-01,1.11095834e+03,1.32210691e+03,2.35911787e-01,2.16250215e-03,3.15577159e-04,9.06385273e-04,2.53967474e-02,1.04193885e-03,1.08161011e-01,2.35914667e-05,2.54569410e-06,-1.93912892e-19,8.61989702e-01
4.98437500e-03,-1.50101407e-01,1.11037808e+03,1.32862048e+03,2.35097423e-01,2.04902793e-03,3.11754522e-04,9.64427441e-04,2.70161149e-02,1.11017564e-03,1.08317114e-01,2.47254610e-05,2.68799840e-06,-1.90067052e-19,8.60203973e-01
4.99218750e-03,-1.67926348e-01,1.10957300e+03,1.33460687e+03,2.34386521e-01,1.94053618e-03,3.07409429e-04,1.02258545e-03,2.87208664e-02,1.17775046e-03,1.08385875e-01,2.59016688e-05,2.82663710e-06,-1.86229616e-19,8.58416250e-01
5.00000000e-03,-1.85714342e-01,1.10854471e+03,1.34005493e+03,2.33778957e-01,1.83699593e-03,3.02560826e-04,1.08041234e-03,3.05119543e-02,1.24402791e-03,1.08367551e-01,2.71192742e-05,2.96126772e-06,-1.82401867e-19,8.56626419e-01
5.00781250e-03,-2.03445764e-01,1.10729491e+03,1.34495420e+03,2.33274693e-01,1.73835537e-03,2.97231789e-04,1.13744349e-03,3.23899246e-02,1.30837160e-03,1.08262768e-01,2.83773375e-05,3.09177548e-06,-1.78585072e-19,8.54834438e-01
5.01562500e-03,-2.21100903e-01,1.10582538e+03,1.34929497e+03,2.32873787e-01,1.64454295e-03,2.91449119e-04,1.19320378e-03,3.43549110e-02,1.37015689e-03,1.08072502e-01,2.96748411e-05,3.21826460e-06,-1.74780481e-19,8.53040342e-01
5.02343750e-03,-2.38660006e-01,1.10413798e+03,1.35306821e+03,2.32576396e-01,1.55546883e-03,2.85242861e-04,1.24721506e-03,3.64066356e-02,1.42878321e-03,1.07798054e-01,3.10107407e-05,3.34104262e-06,-1.70989326e-19,8.51244250e-01
5.03125000e-03,-2.56103319e-01,1.10223464e+03,1.35626562e+03,2.32382786e-01,1.47102665e-03,2.78645784e-04,1.29900358e-03,3.85444168e-02,1.48368525e-03,1.07441018e-01,3.23840167e-05,3.46060029e-06,-1.67212822e-19,8.49446360e-01
5.03906250e-03,-2.73411124e-01,1.10011735e+03,1.35887957e+03,2.32293340e-01,1.39109542e-03,2.71692824e-04,1.34810714e-03,4.07671830e-02,1.53434300e-03,1.07003253e-01,3.37937281e-05,3.57759008e-06,-1.63452165e-19,8.47646955e-01
5.04687500e-03,-2.90563773e-01,1.09778816e+03,1.36090309e+03,2.32308570e-01,1.31554169e-03,2.64420527e-04,1.39408186e-03,4.30734918e-02,1.58029016e-03,1.06486843e-01,3.52390635e-05,3.69280539e-06,-1.59708536e-19,8.45846400e-01
5.05468750e-03,-3.07541721e-01,1.09524919e+03,1.36232984e+03,2.32429124e-01,1.24422164e-03,2.56866487e-04,1.43650828e-03,4.54615537e-02,1.62112095e-03,1.05894063e-01,3.67193904e-05,3.80716258e-06,-1.55983097e-19,8.44045140e-01
5.06250000e-03,-3.24325557e-01,1.09250261e+03,1.36315410e+03,2.32655801e-01,1.17698331e-03,2.49068822e-04,1.47499686e-03,4.79292584e-02,1.65649511e-03,1.05227345e-01,3.82343003e-05,3.92168718e-06,-1.52276994e-19,8.42243697e-01
5.07031250e-03,-3.40896025e-01,1.08955065e+03,1.36337075e+03,2.32989559e-01,1.11366863e-03,2.41065674e-04,1.50919261e-03,5.04742041e-02,1.68614130e-03,1.04489241e-01,3.97836493e-05,4.03750525e-06,-1.48591354e-19,8.40442666e-01
5.07812500e-03,-3.57234052e-01,1.08639559e+03,1.36297520e+03,2.33431527e-01,1.05411543e-03,2.32894760e-04,1.53877892e-03,5.30937273e-02,1.70985877e-03,1.03682395e-01,4.13675939e-05,4.15584061e-06,-1.44927287e-19,8.38642707e-01
5.08593750e-03,-3.73320767e-01,1.08303975e+03,1.36196345e+03,2.33983021e-01,9.98159260e-04,2.24592973e-04,1.56348061e-03,5.57849330e-02,1.72751770e-03,1.02809505e-01,4.29866213e-05,4.27801857e-06,-1.41285884e-19,8.36844547e-01
5.09375000e-03,-3.89137521e-01,1.07948553e+03,1.36033200e+03,2.34645550e-01,9.45635008e-04,2.16196044e-04,1.58306620e-03,5.85447244e-02,1.73905805e-03,1.01873307e-01,4.46415750e-05,4.40547640e-06,-1.37668214e-19,8.35048967e-01
5.10156250e-03,-4.04665903e-01,1.07573533e+03,1.35807784e+03,2.35420838e-01,8.96378340e-04,2.07738259e-04,1.59734944e-03,6.13698307e-02,1.74448749e-03,1.00876543e-01,4.63336762e-05,4.53978119e-06,-1.34075326e-19,8.33256800e-01
5.10937500e-03,-4.19887756e-01,1.07179165e+03,1.35519849e+03,2.36310830e-01,8.50226912e-04,1.99252231e-04,1.60619028e-03,6.42568342e-02,1.74387819e-03,9.98219448e-02,4.80645402e-05,4.68265566e-06,-1.30508246e-19,8.31468927e-01
5.11718750e-03,-4.34785192e-01,1.06765700e+03,1.35169193e+03,2.37317711e-01,8.07021372e-04,1.90768734e-04,1.60949526e-03,6.72021939e-02,1.73736300e-03,9.87122181e-02,4.98361900e-05,4.83601224e-06,-1.26967973e-19,8.29686268e-01
5.12500000e-03,-4.49340604e-01,1.06333395e+03,1.34755662e+03,2.38443919e-01,7.66606152e-04,1.82316580e-04,1.60721749e-03,7.02022670e-02,1.72513092e-03,9.75500286e-02,5.16510670e-05,5.00199636e-06,-1.23455485e-19,8.27909781e-01
5.13281250e-03,-4.63536682e-01,1.05882513e+03,1.34279150e+03,2.39692162e-01,7.28830077e-04,1.73922548e-04,1.59935623e-03,7.32533290e-02,1.70742218e-03,9.63379920e-02,5.35120377e-05,5.18303871e-06,-1.19971729e-19,8.26140453e-01
5.14062500e-03,-4.77356419e-01,1.05413321e+03,1.33739595e+03,2.41065438e-01,6.93546793e-04,1.65611350e-04,1.58595632e-03,7.63515893e-02,1.68452289e-03,9.50786679e-02,5.54223999e-05,5.38191636e-06,-1.16517629e-19,8.24379302e-01
5.14843750e-03,-4.90783132e-01,1.04926091e+03,1.33136984e+03,2.42567048e-01,6.60615044e-04,1.57405634e-04,1.56710730e-03,7.94932061e-02,1.65675951e-03,9.37745549e-02,5.73858845e-05,5.60182099e-06,-1.13094078e-19,8.22627364e-01
5.15625000e-03,-5.03800467e-01,1.04421101e+03,1.32471351e+03,2.44200620e-01,6.29898813e-04,1.49326010e-04,1.54294248e-03,8.26742985e-02,1.62449308e-03,9.24280885e-02,5.94066552e-05,5.84643100e-06,-1.09701945e-19,8.20885700e-01
5.16406250e-03,-5.16392416e-01,1.03898634e+03,1.31742776e+03,2.45970130e-01,6.01267365e-04,1.41391108e-04,1.51363783e-03,8.58909568e-02,1.58811340e-03,9.10416408e-02,6.14893038e-05,6.11998181e-06,-1.06342075e-19,8.19155384e-01
5.17187500e-03,-5.28543329e-01,1.03358978e+03,1.30951389e+03,2.47879924e-01,5.74595192e-04,1.33617643e-04,1.47941083e-03,8.91392515e-02,1.54803306e-03,8.96175221e-02,6.36388412e-05,6.42732568e-06,-1.03015286e-19,8.17437504e-01
5.17968750e-03,-5.40237526e-01,1.02802385e+03,1.30097293e+03,2.49934921e-01,5.49759953e-04,1.26019886e-04,1.44051632e-03,9.24154983e-02,1.50467828e-03,8.81578615e-02,6.58608520e-05,6.77399484e-06,-9.87577426e-20,8.15733031e-01
5.18750000e-03,-5.51460438e-01,1.02229194e+03,1.29180775e+03,2.52140154e-01,5.26648834e-04,1.18611668e-04,1.39725185e-03,9.57155042e-02,1.45849168e-03,8.66649587e-02,6.81610157e-05,7.16614986e-06,-9.63807468e-20,8.14043206e-01
5.19531250e-03,-5.62198094e-01,1.01639767e+03,1.28202227e+03,2.54500985e-01,5.05152217e-04,1.11405028e-04,1.34995651e-03,9.90350448e-02,1.40992357e-03,8.51410981e-02,7.05452442e-05,7.61049711e-06,-9.31709940e-20,8.12369264e-01
5.20312500e-03,-5.72436032e-01,1.01034374e+03,1.27161909e+03,2.57023703e-01,4.85162368e-04,1.04409362e-04,1.29899564e-03,1.02370443e-01,1.35941480e-03,8.35882459e-02,7.30201985e-05,8.11431324e-06,-8.99948645e-20,8.10712195e-01
5.21093750e-03,-5.82160649e-01,1.00413337e+03,1.26060222e+03,2.59714920e-01,4.66577597e-04,9.76331969e-05,1.24477093e-03,1.05717780e-01,1.30740332e-03,8.20084472e-02,7.55926365e-05,8.68511424e-06,-8.68538408e-20,8.09073111e-01
5.21875000e-03,-5.91358818e-01,9.97769887e+02,1.24897629e+03,2.62581797e-01,4.49300431e-04,9.10837160e-05,1.18771415e-03,1.09073161e-01,1.25431497e-03,8.04037044e-02,7.82695480e-05,9.33038801e-06,-8.37492753e-20,8.07453122e-01
5.22656250e-03,-6.00017917e-01,9.91256685e+02,1.23674662e+03,2.65632088e-01,4.33237448e-04,8.47668577e-05,1.12828381e-03,1.12432727e-01,1.20055814e-03,7.87759808e-02,8.10581002e-05,1.00572034e-05,-8.06824177e-20,8.05853331e-01
5.23437500e-03,-6.08125863e-01,9.84597263e+02,1.22391923e+03,2.68874181e-01,4.18299155e-04,7.86874087e-05,1.06696105e-03,1.15792664e-01,1.14651874e-03,7.71272023e-02,8.39655721e-05,1.08717402e-05,-7.76544358e-20,8.04274830e-01
5.24218750e-03,-6.15671150e-01,9.77795219e+02,1.21050094e+03,2.72317138e-01,4.04399878e-04,7.28490960e-05,1.00424493e-03,1.19149215e-01,1.09255557e-03,7.54592598e-02,8.69992732e-05,1.17787666e-05,-7.46664315e-20,8.02718698e-01
5.25000000e-03,-6.22642895e-01,9.70854264e+02,1.19649938e+03,2.75970748e-01,3.91457686e-04,6.72546751e-05,9.40646776e-04,1.22498692e-01,1.03899609e-03,7.37740100e-02,9.01664345e-05,1.27810998e-05,-7.17194517e-20,8.01185995e-01
5.25781250e-03,-6.29030890e-01,9.63778225e+02,1.18192309e+03,2.79845574e-01,3.79394349e-04,6.19060169e-05,8.76683833e-04,1.25837496e-01,9.86132746e-04,7.20732755e-02,9.34740622e-05,1.38790958e-05,-6.88144975e-20,7.99677759e-01
5.26562500e-03,-6.34825660e-01,9.56571059e+02,1.16678160e+03,2.83953004e-01,3.68135300e-04,5.68041906e-05,8.12872111e-04,1.29162125e-01,9.34219968e-04,7.03588452e-02,9.69287311e-05,1.50702180e-05,-6.59525310e-20,7.98195000e-01
5.27343750e-03,-6.40018532e-01,9.49236865e+02,1.15108548e+03,2.88305309e-01,3.57609637e-04,5.19495439e-05,7.49718593e-04,1.32469194e-01,8.83471896e-04,6.86324727e-02,1.00536301e-04,1.63487276e-05,-6.31344807e-20,7.96738698e-01
5.28125000e-03,-6.44601712e-01,9.41779893e+02,1.13484648e+03,2.92915699e-01,3.47750115e-04,4.73417785e-05,6.87712949e-04,1.35755452e-01,8.34060972e-04,6.68958759e-02,1.04301526e-04,1.77055336e-05,-6.03612453e-20,7.95309799e-01
5.28906250e-03,-6.48568370e-01,9.34204559e+02,1.11807759e+03,2.97798375e-01,3.38493160e-04,4.29800194e-05,6.27318995e-04,1.39017792e-01,7.86117510e-04,6.51507353e-02,1.08227539e-04,1.91282229e-05,-5.76336980e-20,7.93909207e-01
5.29687500e-03,-6.51912743e-01,9.26515460e+02,1.10079317e+03,3.02968596e-01,3.29778869e-04,3.88628762e-05,5.68966172e-04,1.42253268e-01,7.39730333e-04,6.33986927e-02,1.12315171e-04,2.06012762e-05,-5.49526897e-20,7.92537785e-01
5.30468750e-03,-6.54630241e-01,9.18717393e+02,1.08300906e+03,3.08442730e-01,3.21551013e-04,3.49884925e-05,5.13041404e-04,1.45459103e-01,6.94948599e-04,6.16413501e-02,1.16562091e-04,2.21064552e-05,-5.23190522e-20,7.91196349e-01
5.31250000e-03,-6.56717575e-01,9.10815367e+02,1.06474266e+03,3.14238308e-01,3.13757022e-04,3.13545816e-05,4.59881686e-04,1.48632697e-01,6.51784870e-04,5.98802696e-02,1.20961740e-04,2.36233365e-05,-4.97336019e-20,7.89885670e-01
5.32031250e-03,-6.58172889e-01,9.02814630e+02,1.04601312e+03,3.20374081e-01,3.06347957e-04,2.79584449e-05,4.09767797e-04,1.51771632e-01,6.10219471e-04,5.81169734e-02,1.25502022e-04,2.51299515e-05,-4.71971430e-20,7.88606469e-01
5.32812500e-03,-6.58995915e-01,8.94720685e+02,1.02684141e+03,3.26870058e-01,2.99278468e-04,2.47969691e-05,3.62919489e-04,1.54873666e-01,5.70206117e-04,5.63529451e-02,1.30163767e-04,2.66034915e-05,-4.47104713e-20,7.87359421e-01
5.33593750e-03,-6.59188133e-01,8.86539318e+02,1.00725048e+03,3.33747545e-01,2.92506727e-04,2.18666029e-05,3.19492481e-04,1.57936728e-01,5.31678727e-04,5.45896321e-02,1.34918943e-04,2.80210321e-05,-4.22743783e-20,7.86145155e-01
5.34375000e-03,-6.58752942e-01,8.78276622e+02,9.87265331e+02,3.41029172e-01,2.85994354e-04,1.91633099e-05,2.79577470e-04,1.60958909e-01,4.94559215e-04,5.28284493e-02,1.39728647e-04,2.93602377e-05,-3.98896552e-20,7.84964258e-01
5.35156250e-03,-6.57695795e-01,8.69939023e+02,9.66913128e+02,3.48738923e-01,2.79706319e-04,1.66825016e-05,2.43201298e-04,1.63938438e-01,4.58765982e-04,5.10707839e-02,1.44540957e-04,3.06000109e-05,-3.75570971e-20,7.83817281e-01
5.35937500e-03,-6.56024352e-01,8.61533313e+02,9.46223198e+02,3.56902153e-01,2.73610832e-04,1.44189529e-05,2.10330260e-04,1.66873667e-01,4.24222656e-04,4.93180019e-02,1.49288720e-04,3.17210618e-05,-3.52775068e-20,7.82704739e-01
5.36718750e-03,-6.53748674e-01,8.53066677e+02,9.25227157e+02,3.65545558e-01,2.67679226e-04,1.23667079e-05,1.80875402e-04,1.69763039e-01,3.90866548e-04,4.75714554e-02,1.53887511e-04,3.27063764e-05,-3.30516992e-20,7.81627124e-01
5.37500000e-03,-6.50881411e-01,8.44546730e+02,9.03958981e+02,3.74697123e-01,2.61885830e-04,1.05189846e-05,1.54699519e-04,1.72605068e-01,3.58656156e-04,4.58324908e-02,1.58234010e-04,3.35415749e-05,-3.08805063e-20,7.80584905e-01
5.38281250e-03,-6.47437992e-01,8.35981545e+02,8.82455055e+02,3.84386027e-01,2.56207826e-04,8.86808948e-06,1.31625438e-04,1.75398304e-01,3.27577018e-04,4.41024592e-02,1.62205223e-04,3.42151520e-05,-2.87647822e-20,7.79578538e-01
5.39062500e-03,-6.43436796e-01,8.27379695e+02,8.60754207e+02,3.94642514e-01,2.50625109e-04,7.40535555e-06,1.11445109e-04,1.78141311e-01,2.97645210e-04,4.23827261e-02,1.65659014e-04,3.47186017e-05,-2.67054085e-20,7.78608464e-01
5.39843750e-03,-6.38899323e-01,8.18750283e+02,8.38897697e+02,4.05497701e-01,2.45120132e-04,6.12111480e-06,9.39289429e-05,1.80832637e-01,2.68907908e-04,4.06746823e-02,1.68436490e-04,3.50464274e-05,-2.47033018e-20,7.77675120e-01
5.40625000e-03,-6.33850326e-01,8.10102977e+02,8.16929176e+02,4.16983339e-01,2.39677739e-04,5.00471784e-06,7.88348932e-05,1.83470795e-01,2.41440636e-04,3.89797553e-02,1.70366763e-04,3.51960502e-05,-2.27594406e-20,7.76778929e-01
5.41406250e-03,-6.28317923e-01,8.01448048e+02,7.94894582e+02,4.29131495e-01,2.34284995e-04,4.04460798e-06,6.59168091e-05,1.86054244e-01,2.15341144e-04,3.72994196e-02,1.71274416e-04,3.51676285e-05,-2.08748201e-20,7.75920307e-01
5.41796875e-03,-6.25382078e-01,7.97121912e+02,7.83870366e+02,4.35462427e-01,2.31603059e-04,3.61840554e-06,6.01840232e-05,1.87324937e-01,2.02846154e-04,3.64652142e-02,1.71278269e-04,3.50872084e-05,-2.00712459e-20,7.75505232e-01
5.42187500e-03,-6.22337548e-01,7.92798037e+02,7.72847822e+02,4.41970837e-01,2.28929657e-04,3.22664215e-06,5.49080232e-05,1.88581183e-01,1.90738327e-04,3.56352753e-02,1.70961237e-04,3.49630030e-05,-1.90378713e-20,7.75099815e-01
5.42578125e-03,-6.19188908e-01,7.88477922e+02,7.61833375e+02,4.48660561e-01,2.26263718e-04,2.86767113e-06,5.00596542e-05,1.89822762e-01,1.79032281e-04,3.48098092e-02,1.70305492e-04,3.47956913e-05,-1.82580139e-20,7.74704104e-01
5.42968750e-03,-6.15940894e-01,7.84163086e+02,7.50833482e+02,4.55535400e-01,2.23604260e-04,2.53982342e-06,4.56106527e-05,1.91049456e-01,1.67741941e-04,3.39890221e-02,1.69295462e-04,3.45860702e-05,-1.72476478e-20,7.74318143e-01
5.43359375e-03,-6.12598516e-01,7.79855112e+02,7.39854772e+02,4.62599011e-01,2.20950411e-04,2.24141353e-06,4.15337404e-05,1.92261035e-01,1.56880258e-04,3.31731301e-02,1.67918311e-04,3.43350542e-05,-1.64919974e-20,7.73941975e-01
5.43750000e-03,-6.09166938e-01,7.75555607e+02,7.28903883e+02,4.69854982e-01,2.18301375e-04,1.97075022e-06,3.78027191e-05,1.93457271e-01,1.46458725e-04,3.23623490e-02,1.66164463e-04,3.40436598e-05,-1.55057632e-20,7.73575638e-01
5.44140625e-03,-6.05651590e-01,7.71266244e+02,7.17987607e+02,4.77306701e-01,2.15656455e-04,1.72614331e-06,3.43925291e-05,1.94637923e-01,1.36487143e-04,3.15569050e-02,1.64028043e-04,3.37130072e-05,-1.47747634e-20,7.73219169e-01
5.44531250e-03,-6.02058046e-01,7.66988716e+02,7.07112716e+02,4.84957441e-01,2.13015015e-04,1.50591434e-06,3.12793001e-05,1.95802753e-01,1.26973209e-04,3.07570238e-02,1.61507310e-04,3.33443065e-05,-1.38139059e-20,7.72872598e-01
5.44921875e-03,-5.98391989e-01,7.62724741e+02,6.96285942e+02,4.92810343e-01,2.10376477e-04,1.30840163e-06,2.84403488e-05,1.96951527e-01,1.17922267e-04,2.99629309e-02,1.58604951e-04,3.29388563e-05,-1.29914279e-20,7.72535950e-01
5.45312500e-03,-5.94659567e-01,7.58476155e+02,6.85514357e+02,5.00868102e-01,2.07740384e-04,1.13197720e-06,2.58542954e-05,1.98083980e-01,1.09337366e-04,2.91748765e-02,1.55328447e-04,3.24980494e-05,-1.21863082e-20,7.72209253e-01
5.45703125e-03,-5.90866963e-01,7.54244798e+02,6.74804887e+02,5.09133259e-01,2.05106313e-04,9.75046286e-07,2.35009510e-05,1.99199857e-01,1.01218815e-04,2.83931052e-02,1.51690130e-04,3.20233591e-05,-1.13986598e-20,7.71892523e-01
5.46093750e-03,-5.87020541e-01,7.50032548e+02,6.64164466e+02,5.17608056e-01,2.02473900e-04,8.36057983e-07,2.13613483e-05,2.00298901e-01,9.35642312e-05,2.76178668e-02,1.47707238e-04,3.15163419e-05,-1.06286090e-20,7.71585773e-01
5.46484375e-03,-5.83126832e-01,7.45841323e+02,6.53600022e+02,5.26294399e-01,1.99842834e-04,7.13512233e-07,1.94177210e-05,2.01380854e-01,8.63685580e-05,2.68494159e-02,1.43401809e-04,3.09786357e-05,-9.87630663e-21,7.71289007e-01
5.46875000e-03,-5.79192525e-01,7.41673082e+02,6.43118460e+02,5.35193814e-01,1.97212858e-04,6.05966035e-07,1.76534754e-05,2.02445453e-01,7.96241318e-05,2.60880119e-02,1.38800440e-04,3.04119592e-05,-9.14193362e-21,7.71002226e-01
5.47265625e-03,-5.75224465e-01,7.37529820e+02,6.32726651e+02,5.44307404e-01,1.94583765e-04,5.12038881e-07,1.60531551e-05,2.03492437e-01,7.33208202e-05,2.53339190e-02,1.33933916e-04,2.98181095e-05,-8.42570838e-21,7.70725422e-01
5.47656250e-03,-5.71229633e-01,7.33413566e+02,6.22431413e+02,5.53635810e-01,1.91955394e-04,4.30417325e-07,1.46024010e-05,2.04521546e-01,6.74462134e-05,2.45874056e-02,1.28836696e-04,2.91989603e-05,-7.72789430e-21,7.70458578e-01
5.48046875e-03,-5.67215148e-01,7.29326378e+02,6.12239501e+02,5.63179157e-01,1.89327633e-04,3.59858680e-07,1.32879066e-05,2.05532519e-01,6.19858618e-05,2.38487446e-02,1.23546299e-04,2.85564578e-05,-7.04880810e-21,7.70201673e-01
5.48437500e-03,-5.63188246e-01,7.25270345e+02,6.02157590e+02,5.72937007e-01,1.86700415e-04,2.99193836e-07,1.20973713e-05,2.06525099e-01,5.69235515e-05,2.31182126e-02,1.18102578e-04,2.78926159e-05,-6.38882863e-21,7.69954673e-01
5.48828125e-03,-5.59156277e-01,7.21247581e+02,5.92192263e+02,5.82908306e-01,1.84073716e-04,2.47329203e-07,1.10194511e-05,2.07499033e-01,5.22416045e-05,2.23960899e-02,1.12546921e-04,2.72095084e-05,-5.74840558e-21,7.69717539e-01
5.49218750e-03,-5.55126692e-01,7.17260216e+02,5.82349995e+02,5.93091334e-01,1.81447562e-04,2.03247816e-07,1.00437086e-05,2.08454072e-01,4.79211955e-05,2.16826601e-02,1.06921413e-04,2.65092610e-05,-5.12806800e-21,7.69490221e-01
5.49609375e-03,-5.51107032e-01,7.13310399e+02,5.72637143e+02,6.03483645e-01,1.78822022e-04,1.66009649e-07,9.16056186e-06,2.09389976e-01,4.39426705e-05,2.09782097e-02,1.01267972e-04,2.57940404e-05,-4.52843204e-21,7.69272661e-01
5.50000000e-03,-5.47104915e-01,7.09400290e+02,5.63059929e+02,6.14082013e-01,1.76197212e-04,1.34751166e-07,8.36123434e-06,2.10306509e-01,4.02858607e-05,2.02830276e-02,9.56275006e-05,2.50660415e-05,-3.95020640e-21,7.69064790e-01
5.50390625e-03,-5.43128028e-01,7.05532051e+02,5.53624427e+02,6.24882377e-01,1.73573295e-04,1.08684185e-07,7.63770405e-06,2.11203449e-01,3.69303803e-05,1.95974047e-02,9.00390896e-05,2.43274746e-05,-3.39419660e-21,7.68866529e-01
5.50781250e-03,-5.39184107e-01,7.01707846e+02,5.44336554e+02,6.35879786e-01,1.70950482e-04,8.70940978e-08,6.98265436e-06,2.12080582e-01,3.38559010e-05,1.89216334e-02,8.45392887e-05,2.35805497e-05,-2.86130633e-21,7.68677789e-01
5.51171875e-03,-5.35280933e-01,6.97929829e+02,5.35202050e+02,6.47068341e-01,1.68329032e-04,6.93375209e-08,6.38942563e-06,2.12937706e-01,3.10423981e-05,1.82560067e-02,7.91614811e-05,2.28274620e-05,-2.35253369e-21,7.68498468e-01
5.51562500e-03,-5.31426308e-01,6.94200140e+02,5.26226467e+02,6.58441147e-01,1.65709255e-04,5.48394194e-08,5.85196820e-06,2.13774633e-01,2.84703629e-05,1.76008180e-02,7.39353758e-05,2.20703761e-05,-1.86896380e-21,7.68328457e-01
5.51953125e-03,-5.27628044e-01,6.90520897e+02,5.17415156e+02,6.69990261e-01,1.63091508e-04,4.30897849e-08,5.36479698e-06,2.14591191e-01,2.61209801e-05,1.69563597e-02,6.88866341e-05,2.13114111e-05,-1.41175579e-21,7.68167631e-01
5.52343750e-03,-5.23893946e-01,6.86894189e+02,5.08773252e+02,6.81706654e-01,1.60476199e-04,3.36399234e-08,4.92294769e-06,2.15387222e-01,2.39762690e-05,1.63229228e-02,6.40366349e-05,2.05526264e-05,-9.82123794e-22,7.68015857e-01
5.52734375e-03,-5.20231792e-01,6.83322064e+02,5.00305656e+02,6.93580166e-01,1.57863787e-04,2.60984244e-08,4.52193505e-06,2.16162588e-01,2.20191890e-05,1.57007957e-02,5.94023822e-05,1.97960090e-05,-5.81311419e-22,7.67872987e-01
5.53125000e-03,-5.16649315e-01,6.79806524e+02,4.92017025e+02,7.05599485e-01,1.55254780e-04,2.01268817e-08,4.15771292e-06,2.16917166e-01,2.02337122e-05,1.50902632e-02,5.49965453e-05,1.90434615e-05,-2.10559757e-22,7.67738865e-01
5.53515625e-03,-5.13154180e-01,6.76349514e+02,4.83911753e+02,7.17752118e-01,1.52649736e-04,1.54354402e-08,3.82663643e-06,2.17650856e-01,1.86048656e-05,1.44916054e-02,5.08276216e-05,1.82967928e-05,1.28931062e-22,7.67613318e-01
5.53906250e-03,-5.09753961e-01,6.72952913e+02,4.75993955e+02,7.30024391e-01,1.50049261e-04,1.17782482e-08,3.52542639e-06,2.18363576e-01,1.71187464e-05,1.39050961e-02,4.69002039e-05,1.75577100e-05,4.36046075e-22,7.67496165e-01
5.54296875e-03,-5.06456119e-01,6.69618525e+02,4.68267451e+02,7.42401443e-01,1.47454010e-04,8.94889051e-09,3.25113580e-06,2.19055267e-01,1.57625152e-05,1.33310017e-02,4.32153326e-05,1.68278123e-05,7.09804277e-22,7.67387211e-01
5.54687500e-03,-5.03267974e-01,6.66348066e+02,4.60735752e+02,7.54867249e-01,1.44864685e-04,6.77588357e-09,3.00111857e-06,2.19725893e-01,1.45243704e-05,1.27695797e-02,3.97709090e-05,1.61085866e-05,9.49410563e-22,7.67286251e-01
5.55078125e-03,-5.00196679e-01,6.63143159e+02,4.53402039e+02,7.67404653e-01,1.42282033e-04,5.11830371e-09,2.77300052e-06,2.20375440e-01,1.33935084e-05,1.22210770e-02,3.65621477e-05,1.54014047e-05,1.15430879e-21,7.67193065e-01
5.55468750e-03,-4.97249191e-01,6.60005318e+02,4.46269153e+02,7.79995412e-01,1.39706845e-04,3.86161771e-09,2.56465252e-06,2.21003921e-01,1.23600734e-05,1.16857284e-02,3.35820455e-05,1.47075223e-05,1.32423345e-21,7.67107426e-01
5.55859375e-03,-4.94432242e-01,6.56935946e+02,4.39339573e+02,7.92620268e-01,1.37139954e-04,2.91377153e-09,2.37416583e-06,2.21611370e-01,1.14150998e-05,1.11637548e-02,3.08218474e-05,1.40280789e-05,1.45925723e-21,7.67029093e-01
5.56250000e-03,-4.91752308e-01,6.53936315e+02,4.32615403e+02,8.05259033e-01,1.34582229e-04,2.20158103e-09,2.19982951e-06,2.22197851e-01,1.05504511e-05,1.06553614e-02,2.82714926e-05,1.33640986e-05,1.55983157e-21,7.66957817e-01
5.56640625e-03,-4.89215579e-01,6.51007568e+02,4.26098359e+02,8.17890689e-01,1.32034581e-04,1.66745116e-09,2.04010985e-06,2.22763454e-01,9.75875578e-06,1.01607361e-02,2.59200281e-05,1.27164924e-05,1.62681632e-21,7.66893338e-01
5.57031250e-03,-4.86827927e-01,6.48150702e+02,4.19789756e+02,8.30493517e-01,1.29497949e-04,1.26643065e-09,1.89363170e-06,2.23308295e-01,9.03334526e-06,9.68004777e-03,2.37559836e-05,1.20860601e-05,1.66150129e-21,7.66835389e-01
5.57812500e-03,-4.82512559e-01,6.42650651e+02,4.07793712e+02,8.55538764e-01,1.24461768e-04,7.59325354e-10,1.63638861e-06,2.24336901e-01,7.76167782e-06,8.76067300e-03,1.99465417e-05,1.08781922e-05,1.64217455e-21,7.66737741e-01
5.58593750e-03,-4.78831744e-01,6.37437563e+02,3.96618175e+02,8.80240703e-01,1.19480982e-04,4.70132030e-10,1.41815242e-06,2.25286494e-01,6.68637958e-06,7.89729696e-03,1.67311753e-05,9.74421977e-06,1.52293813e-21,7.66662147e-01
5.59375000e-03,-4.75817674e-01,6.32514060e+02,3.86258792e+02,9.04422035e-01,1.14563742e-04,3.01372827e-10,1.23224476e-06,2.26158933e-01,5.77417296e-06,7.09041146e-03,1.40244034e-05,8.68690047e-06,1.32657585e-21,7.66606374e-01
5.60156250e-03,-4.73495408e-01,6.27880095e+02,3.76704654e+02,9.27909510e-01,1.09718356e-04,1.99607431e-10,1.07324219e-06,2.26956504e-01,4.99781436e-06,6.34008899e-03,1.17495568e-05,7.70764804e-06,1.07877739e-21,7.66568160e-01
5.60937500e-03,-4.71882362e-01,6.23532922e+02,3.67938460e+02,9.50539856e-01,1.04953138e-04,1.35933232e-10,9.36725144e-07,2.27681915e-01,4.33495328e-06,5.64595862e-03,9.83961618e-06,6.80665585e-06,8.05635246e-22,7.66545255e-01
5.61718750e-03,-4.70988022e-01,6.19467141e+02,3.59936880e+02,9.72165457e-01,1.00276263e-04,9.46623716e-11,8.19079409e-07,2.28338261e-01,3.76720836e-06,5.00719625e-03,8.23697321e-06,5.98302460e-06,5.31080619e-22,7.66535460e-01
5.62500000e-03,-4.70813904e-01,6.15674839e+02,3.52671091e+02,9.92659336e-01,9.56956108e-05,6.70947384e-11,7.17339094e-07,2.28928985e-01,3.27942432e-06,4.42253076e-03,6.89262725e-06,5.23489527e-06,2.74720431e-22,7.66536664e-01
5.63281250e-03,-4.71353771e-01,6.12145803e+02,3.46107480e+02,1.01191905e+00,9.12186256e-05,4.82309134e-11,6.29062042e-07,2.29457826e-01,2.85907544e-06,3.89026650e-03,5.76516247e-06,4.55958731e-06,5.04553117e-23,7.66546876e-01
5.64062500e-03,-4.72594090e-01,6.08867813e+02,3.40208467e+02,1.02986923e+00,8.68521856e-05,3.50753187e-11,5.52230541e-07,2.29928751e-01,2.49578541e-06,3.40832116e-03,4.81970386e-06,3.95374110e-06,-1.33941629e-22,7.66564255e-01
5.64843750e-03,-4.74514701e-01,6.05826986e+02,3.34933410e+02,1.04646264e+00,8.26024926e-05,2.57596206e-11,4.85171820e-07,2.30345887e-01,2.18093946e-06,2.97427666e-03,4.02694825e-06,3.41346184e-06,-2.76337720e-22,7.66587127e-01
5.65625000e-03,-4.77089650e-01,6.03008151e+02,3.30239543e+02,1.06167974e+00,7.84749850e-05,1.90787574e-11,4.26494113e-07,2.30713449e-01,1.90736929e-06,2.58544016e-03,3.36230614e-06,2.93446157e-06,-3.79086882e-22,7.66614005e-01
5.66406250e-03,-4.80288141e-01,6.00395251e+02,3.26082901e+02,1.07552695e+00,7.44742765e-05,1.42348614e-11,3.75035029e-07,2.31035666e-01,1.66909601e-06,2.23891122e-03,2.80515921e-06,2.51219498e-06,-4.47545442e-22,7.66643587e-01
5.67187500e-03,-4.84075548e-01,5.97971730e+02,3.22419193e+02,1.08803391e+00,7.06041205e-05,1.06888995e-11,3.29819750e-07,2.31316711e-01,1.46111967e-06,1.93165115e-03,2.33822584e-06,2.14198527e-06,-4.88586170e-22,7.66674762e-01
5.67968750e-03,-4.88414436e-01,5.95720898e+02,3.19204584e+02,1.09924990e+00,6.68674009e-05,8.07079046e-12,2.90027109e-07,2.31560644e-01,1.27924641e-06,1.66055101e-03,1.94702248e-06,1.81913656e-06,-5.09351887e-22,7.66706602e-01
5.68750000e-03,-4.93265542e-01,5.93626266e+02,3.16396378e+02,1.10923992e+00,6.32661447e-05,6.12297529e-12,2.54962040e-07,2.31771358e-01,1.11994642e-06,1.42249485e-03,1.61940855e-06,1.53903057e-06,-5.16372939e-22,7.66738348e-01
5.69531250e-03,-4.98588694e-01,5.91671822e+02,3.13953574e+02,1.11808074e+00,5.98015545e-05,4.66403602e-12,2.24033202e-07,2.31952535e-01,9.80237215e-07,1.21441594e-03,1.34520320e-06,1.29720612e-06,-5.15063800e-22,7.66769401e-01
5.70312500e-03,-5.04343624e-01,5.89842267e+02,3.11837299e+02,1.12585696e+00,5.64740558e-05,3.56477392e-12,1.96734805e-07,2.32107620e-01,8.57587818e-07,1.03334437e-03,1.11586371e-06,1.08942125e-06,-4.62693699e-22,7.66799302e-01
5.71093750e-03,-5.10490669e-01,5.88123188e+02,3.10011126e+02,1.13265758e+00,5.32833569e-05,2.73223438e-12,1.72631865e-07,2.32239798e-01,7.49840319e-07,8.76445212e-04,9.24216508e-07,9.11698562e-07,-4.16088871e-22,7.66827715e-01
5.71875000e-03,-5.16991350e-01,5.86501179e+02,3.08441274e+02,1.13857292e+00,5.02285147e-05,2.09889921e-12,1.51348254e-07,2.32351984e-01,6.55145730e-07,7.41047265e-04,7.64232644e-07,7.60355231e-07,-3.48773821e-22,7.66854409e-01
5.72656250e-03,-5.23808832e-01,5.84963918e+02,3.07096717e+02,1.14369214e+00,4.73080054e-05,1.61528948e-12,1.32557006e-07,2.32446819e-01,5.71911724e-07,6.24662831e-04,6.30840886e-07,6.32019524e-07,-2.92508767e-22,7.66879243e-01
5.73437500e-03,-5.30908266e-01,5.83500201e+02,3.05949206e+02,1.14810132e+00,4.45197962e-05,1.24484755e-12,1.15972464e-07,2.32526674e-01,4.98760097e-07,5.24999439e-04,5.19772256e-07,5.23635939e-07,-2.47095417e-22,7.66902148e-01
5.74218750e-03,-5.38257032e-01,5.82099941e+02,3.04973224e+02,1.15188198e+00,4.18614153e-05,9.60359349e-13,1.01343912e-07,2.32593665e-01,4.34492207e-07,4.39964627e-04,4.27430807e-07,4.32461193e-07,-2.10302189e-22,7.66923113e-01
5.75000000e-03,-5.45824881e-01,5.80754134e+02,3.04145895e+02,1.15511011e+00,3.93300192e-05,7.41428289e-13,8.84503934e-08,2.32649660e-01,3.78060897e-07,3.67665016e-04,3.50786152e-07,3.56053152e-07,-1.80804975e-22,7.66942172e-01
5.75781250e-03,-5.53584006e-01,5.79454815e+02,3.03446844e+02,1.15785559e+00,3.69224553e-05,5.72674366e-13,7.70964829e-08,2.32696300e-01,3.28547644e-07,3.06400878e-04,2.87283983e-07,2.92254634e-07,-1.57309457e-22,7.66959392e-01
5.76562500e-03,-5.61509047e-01,5.78194987e+02,3.02858039e+02,1.16018193e+00,3.46353202e-05,4.42438159e-13,6.71088242e-08,2.32735016e-01,2.85143932e-07,2.54657334e-04,2.34771404e-07,2.39173774e-07,-1.38623662e-22,7.66974865e-01
5.77343750e-03,-5.69577038e-01,5.76968550e+02,3.02363615e+02,1.16214625e+00,3.24650118e-05,3.41839692e-13,5.83332725e-08,2.32767049e-01,2.47135991e-07,2.11093187e-04,1.91434485e-07,1.95162350e-07,-1.23699654e-22,7.66988701e-01
5.78125000e-03,-5.77767323e-01,5.75770222e+02,3.01949688e+02,1.16379942e+00,3.04077764e-05,2.64089035e-13,5.06325185e-08,2.32793468e-01,2.13892215e-07,1.74528253e-04,1.55745874e-07,1.58793208e-07,-1.11649750e-22,7.67001017e-01
5.78906250e-03,-5.86061437e-01,5.74595454e+02,3.01604168e+02,1.16518644e+00,2.84597503e-05,2.03977142e-13,4.38840976e-08,2.32815189e-01,1.84852724e-07,1.43929898e-04,1.26420717e-07,1.28837687e-07,-1.01746375e-22,7.67011937e-01
5.79687500e-03,-5.94442967e-01,5.73440355e+02,3.01316580e+02,1.16634676e+00,2.66169966e-05,1.57496902e-13,3.79787027e-08,2.32832995e-01,1.59520617e-07,1.18399325e-04,1.02379462e-07,1.04243679e-07,-9.34114869e-23,7.67021585e-01
5.80468750e-03,-6.02897408e-01,5.72301609e+02,3.01077886e+02,1.16731478e+00,2.48755367e-05,1.21559098e-13,3.28187421e-08,2.32847548e-01,1.37454580e-07,9.71580695e-05,8.27163764e-08,8.41148067e-08,-8.61998946e-23,7.67030081e-01
5.81250000e-03,-6.11411998e-01,5.71176413e+02,3.00880326e+02,1.16812029e+00,2.32313778e-05,9.37781324e-14,2.83170928e-08,2.32859410e-01,1.18262570e-07,7.95349920e-05,6.66728548e-08,6.76910167e-08,-7.97798448e-23,7.67037542e-01
5.82031250e-03,-6.19975572e-01,5.70062401e+02,3.00717258e+02,1.16878898e+00,2.16805367e-05,7.23094580e-14,2.43960123e-08,2.32869052e-01,1.01596368e-07,6.49539910e-05,5.36147260e-08,5.43307671e-08,-7.39131958e-23,7.67044079e-01
5.82812500e-03,-6.28578401e-01,5.68957590e+02,3.00583024e+02,1.16934285e+00,2.02190596e-05,5.57256163e-14,2.09861806e-08,2.32876869e-01,8.71468327e-08,5.29225815e-05,4.30129518e-08,4.34948902e-08,-6.84537791e-23,7.67049794e-01
5.83593750e-03,-6.37212046e-01,5.67860324e+02,3.00472820e+02,1.16980067e+00,1.88430395e-05,4.29213140e-14,1.80258493e-08,2.32883191e-01,7.46397382e-08,4.30214092e-05,3.44271912e-08,3.47321326e-08,-6.32902955e-23,7.67054783e-01
5.84375000e-03,-6.45869217e-01,5.66769223e+02,3.00382585e+02,1.17017840e+00,1.75486299e-05,3.30404724e-14,1.54600818e-08,2.32888291e-01,6.38320810e-08,3.48947297e-05,2.74918050e-08,2.76663237e-08,-5.83579975e-23,7.67059131e-01
5.85156250e-03,-6.54543643e-01,5.65683148e+02,3.00308891e+02,1.17048953e+00,1.63320574e-05,2.54199999e-14,1.32400689e-08,2.32892397e-01,5.45087966e-08,2.82418475e-05,2.19039433e-08,2.19850881e-08,-5.36034751e-23,7.67062917e-01
5.85937500e-03,-6.63229951e-01,5.64601156e+02,3.00248864e+02,1.17074544e+00,1.51896310e-05,1.95463545e-14,1.13225126e-08,2.32895695e-01,4.64798185e-08,2.28094810e-05,1.74134153e-08,1.74299915e-08,-4.90402587e-23,7.67066213e-01
5.86718750e-03,-6.71923552e-01,5.63522471e+02,3.00200093e+02,1.17095567e+00,1.41177504e-05,1.50219268e-14,9.66906666e-09,2.32898339e-01,3.95774354e-08,1.83850043e-05,1.38140877e-08,1.37879988e-08,-4.46840379e-23,7.67069081e-01
5.87500000e-03,-6.80620543e-01,5.62446461e+02,3.00160570e+02,1.17112821e+00,1.31129126e-05,1.15389914e-14,8.24583008e-09,2.32900456e-01,3.36539102e-08,1.47905050e-05,1.09365917e-08,1.08841163e-08,-4.05361458e-23,7.67071577e-01
5.88281250e-03,-6.89317615e-01,5.61372606e+02,3.00128621e+02,1.17126972e+00,1.21717166e-05,8.85950386e-15,7.02288626e-09,2.32902148e-01,2.85793317e-08,1.18775912e-05,8.64215566e-09,8.57509334e-09,-3.66041783e-23,7.67073750e-01
5.89062500e-03,-6.98011974e-01,5.60300484e+02,3.00102860e+02,1.17138575e+00,1.12908678e-05,6.79942524e-15,5.97388455e-09,2.32903498e-01,2.42396740e-08,9.52287828e-06,6.81739946e-09,6.74405775e-09,-3.28988184e-23,7.67075644e-01
5.89843750e-03,-7.06701266e-01,5.59229753e+02,3.00082140e+02,1.17148088e+00,1.04671807e-05,5.21655592e-15,5.07566005e-09,2.32904575e-01,2.05350443e-08,7.62408795e-06,5.36995396e-09,5.29597313e-09,-2.94282592e-23,7.67077297e-01
5.90625000e-03,-7.15383515e-01,5.58160137e+02,3.00065516e+02,1.17155891e+00,9.69758095e-06,4.00109361e-15,4.30788858e-09,2.32905434e-01,1.73781014e-08,6.09669110e-06,4.22478433e-09,4.15380916e-09,-2.61982721e-23,7.67078741e-01
5.91406250e-03,-7.24057069e-01,5.57091412e+02,3.00052211e+02,1.17162296e+00,8.97910662e-06,3.06830479e-15,3.65277391e-09,2.32906119e-01,1.46926292e-08,4.87103330e-06,3.32111364e-09,3.25532891e-09,-2.32120411e-23,7.67080006e-01
5.92187500e-03,-7.32720548e-01,5.56023397e+02,3.00041588e+02,1.17167561e+00,8.30890875e-06,2.35282454e-15,3.09476476e-09,2.32906665e-01,1.24122529e-08,3.88988366e-06,2.60985661e-09,2.55040547e-09,-2.04703214e-23,7.67081116e-01
5.92968750e-03,-7.41372806e-01,5.54955950e+02,3.00033128e+02,1.17171896e+00,7.68425136e-06,1.80415369e-15,2.62029922e-09,2.32907101e-01,1.04792852e-08,3.10635330e-06,2.05148566e-09,1.99879044e-09,-1.79707947e-23,7.67082091e-01
5.93750000e-03,-7.50012889e-01,5.53888954e+02,3.00026407e+02,1.17175473e+00,7.10251094e-06,1.38272812e-15,2.21757434e-09,2.32907450e-01,8.84369108e-09,2.48213490e-06,1.61426246e-09,1.56826581e-09,-1.57079993e-23,7.67082951e-01
5.95312500e-03,-7.67253196e-01,5.51755914e+02,3.00016753e+02,1.17180940e+00,6.05617890e-06,8.13435736e-16,1.58351943e-09,2.32907960e-01,6.27984505e-09,1.58224592e-06,9.98510188e-10,9.64799845e-10,-1.18427469e-23,7.67084392e-01
5.96875000e-03,-7.84436344e-01,5.49623732e+02,3.00010465e+02,1.17184853e+00,5.14847669e-06,4.73883237e-16,1.12024229e-09,2.32908306e-01,4.41681318e-09,9.93445868e-07,6.07174090e-10,5.83433556e-10,-8.76389490e-24,7.67085546e-01
5.98437500e-03,-8.01559574e-01,5.47492131e+02,3.00006403e+02,1.17187691e+00,4.36337442e-06,2.73245584e-16,7.83763292e-10,2.32908543e-01,3.07116659e-09,6.11161965e-07,3.60545934e-10,3.44418407e-10,-6.36168896e-24,7.67086478e-01
5.99218750e-03,-8.10098146e-01,5.46426495e+02,3.00004972e+02,1.17188806e+00,4.01278203e-06,2.06407491e-16,6.53220216e-10,2.32908633e-01,2.55144318e-09,4.75986152e-07,2.75521069e-10,2.62369478e-10,-5.38394450e-24,7.67086874e-01
6.00000000e-03,-8.18621141e-01,5.45360947e+02,3.00003856e+02,1.17189755e+00,3.68835122e-06,1.55925313e-16,5.43938737e-10,2.32908707e-01,2.11778595e-09,3.70294599e-07,2.10291260e-10,1.99622968e-10,-4.54011095e-24,7.67087231e-01
6.00781250e-03,-8.27128379e-01,5.44295468e+02,3.00002989e+02,1.17190568e+00,3.38836555e-06,1.17755867e-16,4.52612131e-10,2.32908769e-01,1.75656786e-09,2.87845727e-07,1.60371760e-10,1.51756991e-10,-3.81571604e-24,7.67087552e-01
6.01562500e-03,-8.35619710e-01,5.43230045e+02,3.00002315e+02,1.17191267e+00,3.11120037e-06,8.89095864e-17,3.76420286e-10,2.32908821e-01,1.45620707e-09,2.23675044e-07,1.22263073e-10,1.15332769e-10,-3.19706408e-24,7.67087842e-01
6.02343750e-03,-8.44095014e-01,5.42164667e+02,3.00001794e+02,1.17191873e+00,2.85531962e-06,6.71268601e-17,3.12962853e-10,2.32908865e-01,1.20687963e-09,1.73843952e-07,9.32420214e-11,8.76834262e-11,-2.67137097e-24,7.67088104e-01
6.03125000e-03,-8.52554193e-01,5.41099324e+02,3.00001392e+02,1.17192401e+00,2.61927275e-06,5.06913057e-17,2.60200785e-10,2.32908903e-01,1.00026915e-09,1.35235695e-07,7.11953197e-11,6.67463688e-11,-2.22684983e-24,7.67088341e-01
6.03906250e-03,-8.60997167e-01,5.40034010e+02,3.00001081e+02,1.17192863e+00,2.40169145e-06,3.82961506e-17,2.16405342e-10,2.32908936e-01,8.29349326e-10,1.05390099e-07,5.44874340e-11,5.09306912e-11,-1.85275383e-24,7.67088556e-01
6.04687500e-03,-8.69423871e-01,5.38968720e+02,3.00000843e+02,1.17193270e+00,2.20128649e-06,2.89331249e-17,1.80113725e-10,2.32908964e-01,6.88195492e-10,8.23701281e-08,4.18559901e-11,3.90126121e-11,-1.53938392e-24,7.67088751e-01
6.06250000e-03,-8.86228237e-01,5.36838191e+02,3.00000515e+02,1.17193953e+00,1.84653123e-06,1.65869175e-17,1.24840951e-10,2.32909011e-01,4.74230377e-10,5.05991445e-08,2.48834020e-11,2.30724322e-11,-1.05718673e-24,7.67089091e-01
6.07812500e-03,-9.02966941e-01,5.34707711e+02,3.00000313e+02,1.17194503e+00,1.54498143e-06,9.44063423e-18,8.60704920e-11,2.32909048e-01,3.25030500e-10,3.08705377e-08,1.46844858e-11,1.35460520e-11,-7.17527706e-25,7.67089376e-01
6.09375000e-03,-9.19639788e-01,5.32577270e+02,3.00000188e+02,1.17194951e+00,1.28938151e-06,5.33745789e-18,5.90278264e-11,2.32909078e-01,2.21581912e-10,1.87069063e-08,8.60279620e-12,7.89581008e-12,-4.81482729e-25,7.67089613e-01
6.10937500e-03,-9.36246637e-01,5.30446857e+02,3.00000113e+02,1.17195318e+00,1.07333752e-06,2.99731932e-18,4.02701187e-11,2.32909103e-01,1.50258224e-10,1.12601808e-08,5.00364911e-12,4.56960067e-12,-3.19546571e-25,7.67089812e-01
6.12500000e-03,-9.52787381e-01,5.28316467e+02,3.00000067e+02,1.17195620e+00,8.91236762e-07,1.67179459e-18,2.73307108e-11,2.32909123e-01,1.01357125e-10,6.73291152e-09,2.88957583e-12,2.62597064e-12,-2.09817346e-25,7.67089979e-01
6.14062500e-03,-9.69261938e-01,5.26186094e+02,3.00000040e+02,1.17195869e+00,7.38171186e-07,9.25988495e-19,1.84535136e-11,2.32909140e-01,6.80143797e-11,3.99947361e-09,1.65696858e-12,1.49852327e-12,-1.36343001e-25,7.67090118e-01
6.15625000e-03,-9.85670245e-01,5.24055734e+02,3.00000023e+02,1.17196075e+00,6.09864972e-07,5.09338621e-19,1.23961118e-11,2.32909153e-01,4.54041891e-11,2.36033186e-09,9.43537870e-13,8.49240281e-13,-8.77058840e-26,7.67090234e-01
6.17187500e-03,-1.00201225e+00,5.21925385e+02,3.00000014e+02,1.17196246e+00,5.02606825e-07,2.78187761e-19,8.28491841e-12,2.32909165e-01,3.01549135e-11,1.38401634e-09,5.33580490e-13,4.77993666e-13,-5.58650710e-26,7.67090331e-01
6.18750000e-03,-1.01828791e+00,5.19795045e+02,3.00000008e+02,1.17196388e+00,4.13187097e-07,1.50808050e-19,5.50941250e-12,2.32909174e-01,1.99253254e-11,8.06370419e-10,2.99684913e-13,2.67219845e-13,-3.52428729e-26,7.67090412e-01
6.20312500e-03,-1.03449719e+00,5.17664711e+02,3.00000005e+02,1.17196505e+00,3.38839862e-07,8.12104435e-20,3.64547822e-12,2.32909182e-01,1.30995399e-11,4.66853029e-10,1.67178398e-13,1.48388553e-13,-2.20251242e-26,7.67090478e-01
6.21875000e-03,-1.05064007e+00,5.15534383e+02,3.00000003e+02,1.17196602e+00,2.77189930e-07,4.33779044e-20,2.40023432e-12,2.32909189e-01,8.56895722e-12,2.68599187e-10,9.26331672e-14,8.18553197e-14,-1.36386801e-26,7.67090534e-01
6.23437500e-03,-1.06671651e+00,5.13404059e+02,3.00000001e+02,1.17196682e+00,2.26204677e-07,2.30962708e-20,1.57260745e-12,2.32909194e-01,5.57749444e-12,1.53579949e-10,5.09842594e-14,4.48577540e-14,-8.36986994e-27,7.67090579e-01
6.25000000e-03,-1.08272650e+00,5.11273738e+02,3.00000001e+02,1.17196748e+00,1.84150560e-07,1.20187721e-20,1.02534990e-12,2.32909199e-01,3.61249607e-12,8.72761849e-11,2.78729216e-14,2.44231195e-14,-5.09141151e-27,7.67090617e-01
6.26562500e-03,-1.09867001e+00,5.09143420e+02,3.00000000e+02,1.17196802e+00,1.49554059e-07,6.35625779e-21,6.65313502e-13,2.32909202e-01,2.32836147e-12,4.92962849e-11,1.51347539e-14,1.32119290e-14,-3.07048718e-27,7.67090648e-01
6.28125000e-03,-1.11454704e+00,5.07013105e+02,3.00000000e+02,1.17196846e+00,1.21166812e-07,3.34745120e-21,4.29635692e-13,2.32909205e-01,1.49343325e-12,2.76767655e-11,8.16051106e-15,7.10167717e-15,-1.83610964e-27,7.67090674e-01
6.29687500e-03,-1.13035757e+00,5.04882791e+02,3.00000000e+02,1.17196882e+00,9.79346603e-08,1.63294053e-21,2.76128553e-13,2.32909208e-01,9.53303359e-13,1.54462974e-11,4.36711377e-15,3.79326286e-15,-1.08888329e-27,7.67090694e-01
6.31250000e-03,-1.14610158e+00,5.02752479e+02,3.00000000e+02,1.17196912e+00,7.89702967e-08,8.40673958e-22,1.76634813e-13,2.32909210e-01,6.05624894e-13,8.56971319e-12,2.31739802e-15,2.01349060e-15,-6.40503438e-28,7.67090711e-01
6.32812500e-03,-1.16177907e+00,5.00622167e+02,3.00000000e+02,1.17196936e+00,6.35292292e-08,4.43750558e-22,1.12463680e-13,2.32909211e-01,3.82931335e-13,4.72678293e-12,1.21697667e-15,1.06217939e-15,-3.73750816e-28,7.67090725e-01
6.34375000e-03,-1.17739003e+00,4.98491857e+02,3.00000000e+02,1.17196955e+00,5.09887513e-08,1.37596548e-22,7.12748314e-14,2.32909213e-01,2.40990496e-13,2.59207086e-12,6.29938042e-16,5.56909025e-16,-2.16383378e-28,7.67090736e-01
6.35937500e-03,-1.19293446e+00,4.96361547e+02,3.00000000e+02,1.17196971e+00,4.08296330e-08,1.17219019e-22,4.49639971e-14,2.32909214e-01,1.50958629e-13,1.41329888e-12,3.18871435e-16,2.90225013e-16,-1.24309643e-28,7.67090746e-01
6.37500000e-03,-1.20841234e+00,4.94231238e+02,3.00000000e+02,1.17196984e+00,3.26202501e-08,1.37812715e-22,2.82367919e-14,2.32909215e-01,9.41265627e-14,7.66215517e-13,1.54992702e-16,1.50340212e-16,-7.08730031e-29,7.67090753e-01
6.39062500e-03,-1.22382367e+00,4.92100930e+02,3.00000000e+02,1.17196994e+00,2.60028876e-08,-3.13562528e-23,1.76524341e-14,2.32909215e-01,5.84224855e-14,4.13067738e-13,6.90735995e-17,7.74158807e-17,-4.01056788e-29,7.67090759e-01
6.40625000e-03,-1.23916845e+00,4.89970621e+02,3.00000000e+02,1.17197003e+00,2.06819697e-08,-6.56175902e-23,1.09862644e-14,2.32909216e-01,3.60976615e-14,2.21446320e-13,2.44500708e-17,3.96299362e-17,-2.25284893e-29,7.67090764e-01
6.42187500e-03,-1.25444668e+00,4.87840313e+02,3.00000000e+02,1.17197009e+00,1.64139867e-08,6.19018762e-23,6.80721923e-15,2.32909216e-01,2.22038118e-14,1.18063562e-13,1.48623740e-18,2.01686716e-17,-1.25634827e-29,7.67090767e-01
6.43750000e-03,-1.26965834e+00,4.85710006e+02,3.00000000e+02,1.17197015e+00,1.29989097e-08,-2.85757177e-23,4.19935744e-15,2.32909217e-01,1.35970511e-14,6.26018245e-14,-1.03983446e-17,1.02049556e-17,-6.95647479e-30,7.67090770e-01
6.45312500e-03,-1.28480345e+00,4.83579698e+02,3.00000000e+02,1.17197019e+00,1.02729015e-08,-5.44727040e-23,2.57935154e-15,2.32909217e-01,8.28994844e-15,3.30145734e-14,-1.64271168e-17,5.13379744e-18,-3.82488435e-30,7.67090773e-01
6.46875000e-03,-1.29988199e+00,4.81449391e+02,3.00000000e+02,1.17197022e+00,8.10215150e-09,1.30287258e-23,1.57752928e-15,2.32909217e-01,5.03237881e-15,1.73179697e-14,-1.94123663e-17,2.56781351e-18,-2.08855654e-30,7.67090775e-01
6.48437500e-03,-1.31489397e+00,4.79319083e+02,3.00000000e+02,1.17197025e+00,6.37768200e-09,3.17122310e-23,9.60757984e-16,2.32909217e-01,3.04186113e-15,9.03624993e-15,-2.09378273e-17,1.27693238e-18,-1.13272283e-30,7.67090776e-01
6.50000000e-03,-1.32983938e+00,4.77188776e+02,3.00000000e+02,1.17197027e+00,5.01098793e-09,-1.57858544e-22,5.82721116e-16,2.32909217e-01,1.83100670e-15,4.69042089e-15,-2.17507345e-17,6.31237183e-19,-6.10247282e-31,7.67090778e-01
6.51562500e-03,-1.34471822e+00,4.75058469e+02,3.00000000e+02,1.17197029e+00,3.93038989e-09,-9.50494759e-23,3.52026396e-16,2.32909218e-01,1.09769496e-15,2.42220062e-15,-2.19314492e-17,3.10093648e-19,-3.26631682e-31,7.67090779e-01
6.53125000e-03,-1.35953050e+00,4.72928161e+02,3.00000000e+02,1.17197030e+00,3.07799457e-09,-1.76874215e-22,2.11857578e-16,2.32909218e-01,6.55541309e-16,1.24464561e-15,-2.18886381e-17,1.51268619e-19,-1.73727003e-31,7.67090779e-01
6.54687500e-03,-1.37427621e+00,4.70797854e+02,3.00000000e+02,1.17197031e+00,2.40717016e-09,-3.29481767e-24,1.27058328e-16,2.32909218e-01,3.90103636e-16,6.36534149e-16,-2.16238474e-17,7.31603580e-20,-9.18461187e-32,7.67090780e-01
6.56250000e-03,-1.38895534e+00,4.68667547e+02,3.00000000e+02,1.17197032e+00,1.88045668e-09,2.90379813e-22,7.59753883e-17,2.32909218e-01,2.31441480e-16,3.24132357e-16,-2.14895190e-17,3.49634881e-20,-4.82890554e-32,7.67090780e-01
6.57812500e-03,-1.40356791e+00,4.66537240e+02,3.00000000e+02,1.17197033e+00,1.46784208e-09,-2.36411910e-22,4.53332382e-17,2.32909218e-01,1.37008843e-16,1.64473052e-16,-2.18227350e-17,1.63908298e-20,-2.52698166e-32,7.67090781e-01
6.59375000e-03,-1.41811391e+00,4.64406933e+02,3.00000000e+02,1.17197033e+00,1.14534474e-09,5.81993172e-23,2.70295694e-17,2.32909218e-01,8.10427248e-17,8.32934101e-17,-2.16600593e-17,7.41377571e-21,-1.31827636e-32,7.67090781e-01
6.60937500e-03,-1.43259333e+00,4.62276626e+02,3.00000000e+02,1.17197034e+00,8.93851810e-10,-3.91976590e-23,1.61415593e-17,2.32909218e-01,4.80134731e-17,4.22263386e-17,-2.16635398e-17,3.10288744e-21,-6.87628888e-33,7.67090781e-01
6.62500000e-03,-1.44700619e+00,4.60146319e+02,3.00000000e+02,1.17197034e+00,6.98170114e-10,6.23846092e-23,9.69146508e-18,2.32909218e-01,2.86019884e-17,2.15556329e-17,-2.16147779e-17,1.04884360e-21,-3.60643541e-33,7.67090781e-01
6.64062500e-03,-1.46135247e+00,4.58016012e+02,3.00000000e+02,1.17197034e+00,5.46253216e-10,-2.22092986e-22,5.88601215e-18,2.32909218e-01,1.72408703e-17,1.12029511e-17,-2.16770696e-17,8.04388202e-23,-1.92150129e-33,7.67090782e-01
6.65625000e-03,-1.47563218e+00,4.55885705e+02,3.00000000e+02,1.17197034e+00,4.28573929e-10,7.39803502e-24,3.64994519e-18,2.32909218e-01,1.06186844e-17,6.04345623e-18,-2.14069363e-17,-3.68457117e-22,-1.05854815e-33,7.67090782e-01
6.68750000e-03,-1.50399189e+00,4.51625091e+02,3.00000000e+02,1.17197035e+00,2.65206987e-10,-5.26045195e-24,1.48223026e-18,2.32909218e-01,4.26314743e-18,1.95598352e-18,-2.12258688e-17,-6.79430436e-22,-3.52995621e-34,7.67090782e-01
6.71875000e-03,-1.53208531e+00,4.47364477e+02,3.00000000e+02,1.17197035e+00,1.63029727e-10,-6.57322245e-23,5.95515507e-19,2.32909218e-01,1.69316570e-18,6.25327748e-19,-2.11527435e-17,-7.47982496e-22,-1.15930572e-34,7.67090782e-01
6.75000000e-03,-1.55991245e+00,4.43103862e+02,3.00000000e+02,1.17197035e+00,9.95673377e-11,1.01375576e-22,2.36760354e-19,2.32909218e-01,6.65379883e-19,1.97526831e-19,-2.09064380e-17,-7.42915784e-22,-3.75154371e-35,7.67090782e-01
6.78125000e-03,-1.58747330e+00,4.38843248e+02,3.00000000e+02,1.17197035e+00,6.04201976e-11,-4.78385891e-22,9.31647734e-20,2.32909218e-01,2.58779853e-19,6.16638381e-20,-2.11704933e-17,-7.15866599e-22,-1.19674875e-35,7.67090782e-01
6.81250000e-03,-1.61476785e+00,4.34582634e+02,3.00000000e+02,1.17197035e+00,3.64344296e-11,-2.10940004e-22,3.62917314e-20,2.32909218e-01,9.96252389e-20,1.90295430e-20,-1.96531246e-17,-6.83236172e-22,-3.76496473e-36,7.67090782e-01
6.84375000e-03,-1.64179612e+00,4.30322020e+02,3.00000000e+02,1.17197035e+00,2.18353714e-11,-2.20074913e-22,1.39978527e-20,2.32909218e-01,3.79727696e-20,5.80662700e-21,-1.85175109e-17,-6.49092632e-22,-1.16857380e-36,7.67090782e-01
6.87500000e-03,-1.66855811e+00,4.26061406e+02,3.00000000e+02,1.17197035e+00,1.30074079e-11,2.87018299e-22,5.34682968e-21,2.32909218e-01,1.43325417e-20,1.75234499e-21,-1.74757368e-17,-6.15396957e-22,-3.57973531e-37,7.67090782e-01
6.90625000e-03,-1.69505380e+00,4.21800792e+02,3.00000000e+02,1.17197035e+00,7.70336850e-12,-3.49071109e-22,2.02299881e-21,2.32909218e-01,5.35804271e-21,5.23137023e-22,-1.80970099e-17,-5.82088494e-22,-1.08267679e-37,7.67090782e-01
6.93750000e-03,-1.72128320e+00,4.17540178e+02,3.00000000e+02,1.17197035e+00,4.53665488e-12,1.56748415e-22,7.58307278e-22,2.32909218e-01,1.98430157e-21,1.54529134e-22,-1.71549329e-17,-5.49188260e-22,-3.23404989e-38,7.67090782e-01
6.96875000e-03,-1.74724632e+00,4.13279564e+02,3.00000000e+02,1.17197035e+00,2.65772223e-12,2.52384189e-22,2.81670702e-22,2.32909218e-01,7.28156117e-22,4.51757275e-23,-1.73886282e-17,-5.16662332e-22,-9.54417599e-39,7.67090782e-01
7.00000000e-03,-1.77294315e+00,4.09018950e+02,3.00000000e+02,1.17197035e+00,1.54967609e-12,-3.37815697e-22,1.03708414e-22,2.32909218e-01,2.64841101e-22,1.30741315e-23,-1.82308737e-17,-4.85124895e-22,-2.78372185e-39,7.67090782e-01
7.03125000e-03,-1.79837369e+00,4.04758336e+02,3.00000000e+02,1.17197035e+00,9.00157134e-13,6.21481782e-23,3.78692667e-23,2.32909218e-01,9.55241940e-23,3.74709944e-24,-1.74216948e-17,-4.54118599e-22,-8.02796913e-40,7.67090782e-01
7.06250000e-03,-1.82353794e+00,4.00497722e+02,3.00000000e+02,1.17197035e+00,5.21666090e-13,1.28850978e-23,1.37293864e-23,2.32909218e-01,3.42058355e-23,1.06437130e-24,-1.73982977e-17,-4.24548003e-22,-2.29113269e-40,7.67090782e-01
7.09375000e-03,-1.84843591e+00,3.96237108e+02,3.00000000e+02,1.17197035e+00,3.02390147e-13,-8.34104081e-23,4.95624684e-24,2.32909218e-01,1.21957023e-23,3.00327885e-25,-1.74308421e-17,-3.95935863e-22,-6.48597347e-41,7.67090782e-01
7.12500000e-03,-1.87306758e+00,3.91976494e+02,3.00000000e+02,1.17197035e+00,1.76079742e-13,2.56216320e-22,1.79532788e-24,2.32909218e-01,4.36376204e-24,8.48227704e-26,-1.71930318e-17,-3.67900658e-22,-1.83530805e-41,7.67090782e-01
7.15625000e-03,-1.89743297e+00,3.87715880e+02,3.00000000e+02,1.17197035e+00,1.03729404e-13,-1.87194383e-21,6.65992439e-25,2.32909218e-01,1.60050613e-24,2.46106974e-26,-1.78866804e-17,-3.40107507e-22,-5.32773839e-42,7.67090782e-01
7.18750000e-03,-1.92153207e+00,3.83455266e+02,3.00000000e+02,1.17197035e+00,6.25163085e-14,1.01680786e-21,2.66476623e-25,2.32909218e-01,6.34387569e-25,7.94271872e-27,-1.25914583e-17,-3.13293616e-22,-1.71823033e-42,7.67090782e-01
7.25000000e-03,-1.96893140e+00,3.74934037e+02,3.00000000e+02,1.17197035e+00,2.41369687e-14,-7.14747180e-22,5.37195101e-26,2.32909218e-01,1.28151373e-25,1.23261484e-27,-1.70505672e-17,-2.61302817e-22,-2.65210735e-43,7.67090782e-01
7.31250000e-03,-2.01526557e+00,3.66412809e+02,3.00000000e+02,1.17197035e+00,9.19159876e-15,-9.37292022e-22,9.76008155e-27,2.32909218e-01,2.44794907e-26,1.87519752e-28,-1.30267917e-17,-2.14869631e-22,-3.99854758e-44,7.67090782e-01
7.37500000e-03,-2.06053460e+00,3.57891581e+02,3.00000000e+02,1.17197035e+00,3.45418985e-15,-2.83678236e-22,1.43568179e-27,2.32909218e-01,4.27338812e-27,2.79056810e-29,-6.48253081e-18,-1.68853647e-22,-5.89569938e-45,7.67090782e-01
7.43750000e-03,-2.10473847e+00,3.49370353e+02,3.00000000e+02,1.17197035e+00,1.28166371e-15,1.24028986e-22,-4.13029768e-29,2.32909218e-01,4.78178873e-28,3.98712354e-30,-3.78760688e-18,-1.23546810e-22,-8.51071388e-46,7.67090782e-01
7.50000000e-03,-2.14787719e+00,3.40849125e+02,3.00000000e+02,1.17197035e+00,4.69761942e-16,-5.53221815e-22,-4.34176083e-28,2.32909218e-01,-3.69465896e-28,4.67978373e-31,-4.16747225e-18,-8.10009726e-23,-1.20401624e-46,7.67090782e-01
7.56250000e-03,-2.18995075e+00,3.32327897e+02,3.00000000e+02,1.17197035e+00,1.70276684e-16,8.24045198e-22,-1.21978395e-28,2.32909218e-01,-1.18467386e-28,8.73870576e-33,-8.73796210e-19,-4.35717501e-23,-1.67087016e-47,7.67090782e-01
7.62500000e-03,-2.23095916e+00,3.23806669e+02,3.00000000e+02,1.17197035e+00,6.11525930e-17,-2.03859366e-22,-6.37887302e-28,2.32909218e-01,-6.78965834e-28,-2.33351939e-32,-5.33036208e-18,-2.05176341e-23,-2.27666127e-48,7.67090782e-01
7.68750000e-03,-2.27090242e+00,3.15285441e+02,3.00000000e+02,1.17197035e+00,2.16899945e-17,-4.26412048e-22,-5.98236987e-28,2.32909218e-01,-6.40411081e-28,-2.51007590e-32,-4.71243015e-18,-1.75779025e-23,-3.04956324e-49,7.67090782e-01
7.75000000e-03,-2.30978052e+00,3.06764212e+02,3.00000000e+02,1.17197035e+00,7.76841975e-18,8.66215550e-23,-2.90747072e-28,2.32909218e-01,-3.11076677e-28,-2.39962484e-32,-2.18963655e-18,-1.71779365e-23,-4.03193154e-50,7.67090782e-01
7.81250000e-03,-2.34759347e+00,2.98242984e+02,3.00000000e+02,1.17197035e+00,2.83059283e-18,-1.81263064e-22,-2.94334652e-28,2.32909218e-01,-3.13652775e-28,-2.27377192e-32,-2.36217297e-18,-1.71284645e-23,-5.39808251e-51,7.67090782e-01
7.87500000e-03,-2.38434127e+00,2.89721756e+02,3.00000000e+02,1.17197035e+00,1.07618288e-18,-2.46687367e-23,-1.77312213e-28,2.32909218e-01,-1.89834920e-28,-2.14763514e-32,-1.36612090e-18,-1.71223880e-23,-8.64158414e-52,7.67090782e-01
8.00000000e-03,-2.45464140e+00,2.72679300e+02,3.00000000e+02,1.17197035e+00,1.69171619e-19,-1.87602576e-22,-1.21861233e-28,2.32909218e-01,-1.25732177e-28,-1.85326840e-32,-9.09456769e-19,-1.71213787e-23,-5.68644779e-53,7.67090782e-01
8.12500000e-03,-2.52068092e+00,2.55636844e+02,3.00000000e+02,1.17197035e+00,4.78061827e-20,-7.66383077e-23,1.43930016e-28,2.32909218e-01,1.62555132e-28,-1.64273809e-32,1.26779416e-18,-1.71213165e-23,-3.62569928e-54,7.67090782e-01
8.25000000e-03,-2.58245982e+00,2.38594387e+02,3.00000000e+02,1.17197035e+00,1.03026199e-19,-5.09118053e-23,2.73920170e-28,2.32909218e-01,3.03181413e-28,-1.43813292e-32,2.23455233e-18,-1.71213128e-23,-2.24811305e-55,7.67090782e-01
8.37500000e-03,-2.63997811e+00,2.21551931e+02,3.00000000e+02,1.17197035e+00,3.54414481e-21,-1.84440249e-23,3.46064580e-28,2.32909218e-01,3.78405720e-28,-1.20376392e-32,2.85383875e-18,-1.71213127e-23,-1.38000483e-56,7.67090782e-01
8.50000000e-03,-2.69323579e+00,2.04509475e+02,3.00000000e+02,1.17197035e+00,8.16253287e-22,1.45831533e-22,3.81591180e-28,2.32909218e-01,4.12252433e-28,-8.24343059e-33,3.07392525e-18,-1.29117137e-23,-1.05255708e-57,7.67090782e-01
8.75000000e-03,-2.78696930e+00,1.70424562e+02,3.00000000e+02,1.17197035e+00,8.24151255e-23,-4.97236404e-24,2.36518837e-30,2.32909218e-01,8.63078466e-30,-7.94832470e-34,-2.51958885e-20,-7.96000815e-25,-3.04337832e-59,7.67090782e-01
9.00000000e-03,-2.86366035e+00,1.36339650e+02,3.00000000e+02,1.17197035e+00,8.12599473e-24,-2.26840883e-27,-2.75953164e-33,2.32909218e-01,3.59624869e-31,-5.48783799e-35,-4.50726922e-22,-4.43102878e-26,-8.46393970e-61,7.67090782e-01
9.25000000e-03,-2.92330895e+00,1.02254737e+02,3.00000000e+02,1.17197035e+00,7.86938865e-25,-6.09008975e-31,-1.20534852e-34,2.32909218e-01,1.50454079e-32,-3.35313325e-36,-1.24242866e-23,-2.23047900e-27,-2.28256082e-62,7.67090782e-01
9.50000000e-03,-2.96591509e+00,6.81698250e+01,3.00000000e+02,1.17197035e+00,7.52627602e-26,-1.63499327e-34,-5.13854518e-36,2.32909218e-01,6.21103027e-34,-1.84172007e-37,-3.37376973e-25,-1.08231643e-28,-6.01662445e-64,7.67090782e-01
9.75000000e-03,-2.99147877e+00,3.40849125e+01,3.00000000e+02,1.17197035e+00,7.14625392e-27,-4.39054761e-38,-2.17507704e-37,2.32909218e-01,2.54386226e-35,-9.22378201e-39,-9.08466440e-27,-5.09259835e-30,-1.56311355e-65,7.67090782e-01
1.00000000e-02,-3.00000000e+00,0.00000000e+00,3.00000000e+02,1.17197035e+00,6.76965747e-28,-6.18909235e-39,-9.04278369e-39,2.32909218e-01,1.03808743e-36,-2.70798208e-40,-2.44080968e-28,-1.35901792e-31,-4.04009629e-67,7.67090782e-01
