# Cantera 3.2.0 CounterflowDiffusionFlame as strain.csv; U_o = 4.6 m/s, U_f = 5.3268434 m/s, K_ox = 3127.88 1/s, K_f = 3251.73 1/s, T_max = 1271.1 K
z,u,V,T,rho,Y_H2,Y_H,Y_O,Y_O2,Y_OH,Y_H2O,Y_HO2,Y_H2O2,Y_AR,Y_N2
0.00000000e+00,5.32684339e+00,-8.07134840e-18,3.00000000e+02,8.73961759e-01,2.34260615e-02,-6.56538948e-17,5.39276373e-16,-1.18624905e-15,1.58839612e-17,-1.02888394e-16,2.98160416e-16,7.45024799e-17,-2.01673911e-19,9.76573939e-01
2.50000000e-04,5.31215777e+00,5.87424735e+01,3.00000000e+02,8.73961759e-01,2.34260615e-02,-6.49395876e-17,5.37940489e-16,-1.18624904e-15,6.24003366e-18,-9.11166039e-17,2.98160416e-16,7.45024799e-17,-2.01673911e-19,9.76573939e-01
3.75000000e-04,5.29380075e+00,8.81137102e+01,3.00000000e+02,8.73961759e-01,2.34260615e-02,-6.47134838e-17,5.37270980e-16,-1.18624904e-15,3.68801207e-18,-8.76392056e-17,2.98160416e-16,7.45024799e-17,-2.01673911e-19,9.76573939e-01
5.00000000e-04,5.26810092e+00,1.17484947e+02,3.00000000e+02,8.73961759e-01,2.34260615e-02,-6.45531794e-17,5.36598988e-16,-1.18624904e-15,2.32654810e-18,-8.54295556e-17,2.98160416e-16,7.45024799e-17,-2.01673911e-19,9.76573939e-01
6.25000000e-04,5.23505828e+00,1.46856184e+02,3.00000000e+02,8.73961759e-01,2.34260615e-02,-6.44277385e-17,5.35923545e-16,-1.18624904e-15,1.60108222e-18,-8.38947787e-17,2.98160416e-16,7.45024811e-17,-2.01673911e-19,9.76573939e-01
7.50000000e-04,5.19467283e+00,1.76227420e+02,3.00000000e+02,8.73961759e-01,2.34260615e-02,-6.43205610e-17,5.35243652e-16,-1.18624904e-15,1.21510959e-18,-8.27173349e-17,2.98160416e-16,7.45024819e-17,-2.01673911e-19,9.76573939e-01
8.75000000e-04,5.14694457e+00,2.05598657e+02,3.00000000e+02,8.73961759e-01,2.34260615e-02,-6.42227087e-17,5.34558265e-16,-1.18624904e-15,1.01010197e-18,-8.17268752e-17,2.98160416e-16,7.45024825e-17,-2.01673911e-19,9.76573939e-01
1.00000000e-03,5.09187350e+00,2.34969894e+02,3.00000000e+02,8.73961759e-01,2.34260615e-02,-6.41293389e-17,5.33866290e-16,-1.18624903e-15,9.01357318e-19,-8.08317735e-17,2.98160416e-16,7.45024830e-17,-2.01673911e-19,9.76573939e-01
1.12500000e-03,5.02945962e+00,2.64341131e+02,3.00000000e+02,8.73961759e-01,2.34260615e-02,-6.40377949e-17,5.33166568e-16,-1.18624903e-15,8.43677253e-19,-7.99824882e-17,2.98160416e-16,7.45024834e-17,-2.01673911e-19,9.76573939e-01
1.25000000e-03,4.95970293e+00,2.93712367e+02,3.00000000e+02,8.73961759e-01,2.34260615e-02,-6.39465832e-17,5.32457862e-16,-1.18624903e-15,8.12989693e-19,-7.91519364e-17,2.98160416e-16,7.45024838e-17,-2.01673911e-19,9.76573939e-01
1.37500000e-03,4.88260344e+00,3.23083604e+02,3.00000000e+02,8.73961759e-01,2.34260615e-02,-6.38548252e-17,5.31738846e-16,-1.18624903e-15,7.96507225e-19,-7.83249756e-17,2.98160416e-16,7.45024842e-17,-2.01673911e-19,9.76573939e-01
1.50000000e-03,4.79816113e+00,3.52454841e+02,3.00000000e+02,8.73961759e-01,2.34260615e-02,-6.37619659e-17,5.31008096e-16,-1.18624903e-15,7.87458841e-19,-7.74927711e-17,2.98160416e-16,7.45024846e-17,-2.01673911e-19,9.76573939e-01
1.62500000e-03,4.70637602e+00,3.81826078e+02,3.00000000e+02,8.73961759e-01,2.34260615e-02,-6.36676354e-17,5.30264330e-16,-1.18624902e-15,7.82267878e-19,-7.66499848e-17,2.98160416e-16,7.45024850e-17,-2.01673911e-19,9.76573939e-01
1.68750000e-03,4.65772990e+00,3.96511696e+02,3.00000000e+02,8.73961759e-01,2.34260615e-02,-6.36198563e-17,5.29888647e-16,-1.18624902e-15,7.80347471e-19,-7.62250879e-17,2.98160416e-16,7.45024852e-17,-2.01673911e-19,9.76573939e-01
1.75000000e-03,4.60724809e+00,4.11197314e+02,3.00000000e+02,8.73961759e-01,2.34260615e-02,-6.35712501e-17,5.29509087e-16,-1.18624902e-15,7.78866794e-19,-7.57963090e-17,2.98160416e-16,7.45024854e-17,-2.01673911e-19,9.76573939e-01
1.81250000e-03,4.55493058e+00,4.25882933e+02,3.00000000e+02,8.73961759e-01,2.34260615e-02,-6.35210466e-17,5.29125411e-16,-1.18624902e-15,7.77682500e-19,-7.53632262e-17,2.98160416e-16,7.45024856e-17,-2.01673911e-19,9.76573939e-01
1.87500000e-03,4.50077736e+00,4.40568551e+02,3.00000000e+02,8.73961759e-01,2.34260615e-02,-6.34669724e-17,5.28737364e-16,-1.18624902e-15,7.76696561e-19,-7.49254510e-17,2.98160416e-16,7.45024858e-17,-2.01673911e-19,9.76573939e-01
1.93750000e-03,4.44478844e+00,4.55254169e+02,3.00000000e+02,8.73961759e-01,2.34260615e-02,-6.34022170e-17,5.28344681e-16,-1.18624902e-15,7.75842054e-19,-7.44826116e-17,2.98160416e-16,7.45024860e-17,-2.01673911e-19,9.76573939e-01
2.00000000e-03,4.38696382e+00,4.69939788e+02,3.00000000e+02,8.73961759e-01,2.34260615e-02,-6.33064006e-17,5.27947073e-16,-1.18624902e-15,7.75073352e-19,-7.40343400e-17,2.98160416e-16,7.45024863e-17,-2.01673911e-19,9.76573939e-01
2.06250000e-03,4.32730349e+00,4.84625406e+02,3.00000000e+02,8.73961759e-01,2.34260615e-02,-6.31189519e-17,5.27544215e-16,-1.18624902e-15,7.74359344e-19,-7.35802480e-17,2.98160416e-16,7.45024865e-17,-2.01673911e-19,9.76573939e-01
2.12500000e-03,4.26580746e+00,4.99311025e+02,3.00000000e+02,8.73961759e-01,2.34260615e-02,-6.26614161e-17,5.27135581e-16,-1.18624902e-15,7.73678544e-19,-7.31197691e-17,2.98160416e-16,7.45024867e-17,-2.01673911e-19,9.76573939e-01
2.25000000e-03,4.13730830e+00,5.28682261e+02,3.00000000e+02,8.73961759e-01,2.34260615e-02,-5.93740487e-17,5.26295203e-16,-1.18624901e-15,7.72365263e-19,-7.21725917e-17,2.98160416e-16,7.45024871e-17,-2.01673911e-19,9.76573939e-01
2.31250000e-03,4.07030517e+00,5.43367880e+02,3.00000000e+02,8.73961759e-01,2.34260615e-02,-5.32244430e-17,5.25868067e-16,-1.18624901e-15,7.71712796e-19,-7.16913085e-17,2.98160416e-16,7.45024874e-17,-2.01673911e-19,9.76573939e-01
2.37500000e-03,4.00146633e+00,5.58053498e+02,3.00000000e+02,8.73961759e-01,2.34260615e-02,-3.57501875e-17,5.25433870e-16,-1.18624901e-15,7.71058999e-19,-7.12021030e-17,2.98160416e-16,7.45024876e-17,-2.01673911e-19,9.76573939e-01
2.43750000e-03,3.93079180e+00,5.72739116e+02,3.00000000e+02,8.73961759e-01,2.34260615e-02,1.35382536e-17,5.24992159e-16,-1.18624901e-15,7.70400093e-19,-7.07044643e-17,2.98160416e-16,7.45024878e-17,-2.01673911e-19,9.76573939e-01
2.50000000e-03,3.85828155e+00,5.87424735e+02,3.00000000e+02,8.73961759e-01,2.34260615e-02,1.51154603e-16,5.24542444e-16,-1.18624901e-15,7.69733306e-19,-7.01978429e-17,2.98160416e-16,7.45024881e-17,-2.01673911e-19,9.76573939e-01
2.56250000e-03,3.78393561e+00,6.02110353e+02,3.00000000e+02,8.73961759e-01,2.34260615e-02,5.31012183e-16,5.24084198e-16,-1.18624901e-15,7.69056525e-19,-6.96816453e-17,2.98160416e-16,7.45024883e-17,-2.01673911e-19,9.76573939e-01
2.62500000e-03,3.70775397e+00,6.16795971e+02,3.00000000e+02,8.73961759e-01,2.34260615e-02,1.56680549e-15,5.23616846e-16,-1.18624901e-15,7.68368070e-19,-6.91552284e-17,2.98160416e-16,7.45024886e-17,-2.01673911e-19,9.76573939e-01
2.68750000e-03,3.62973662e+00,6.31481590e+02,3.00000000e+02,8.73961759e-01,2.34260615e-02,4.35535696e-15,5.23139765e-16,-1.18624901e-15,7.67666583e-19,-6.86178932e-17,2.98160415e-16,7.45024888e-17,-2.01673911e-19,9.76573939e-01
2.75000000e-03,3.54988357e+00,6.46167208e+02,3.00000000e+02,8.73961759e-01,2.34260615e-02,1.17635371e-14,5.22652274e-16,-1.18624900e-15,7.66951047e-19,-6.80688780e-17,2.98160412e-16,7.45024891e-17,-2.01673911e-19,9.76573939e-01
2.81250000e-03,3.46819482e+00,6.60852827e+02,3.00000000e+02,8.73961759e-01,2.34260615e-02,3.11745753e-14,5.22153642e-16,-1.18624900e-15,7.66221070e-19,-6.75073542e-17,2.98160405e-16,7.45024893e-17,-2.01673911e-19,9.76573939e-01
2.87500000e-03,3.38467036e+00,6.75538445e+02,3.00000000e+02,8.73961759e-01,2.34260615e-02,8.13121404e-14,5.21643126e-16,-1.18624899e-15,7.65477756e-19,-6.69324577e-17,2.98160385e-16,7.45024896e-17,-2.01673911e-19,9.76573939e-01
2.93750000e-03,3.29931021e+00,6.90224063e+02,3.00000000e+02,8.73961759e-01,2.34260615e-02,2.08903319e-13,5.21120319e-16,-1.18624898e-15,7.64726007e-19,-6.63436397e-17,2.98160336e-16,7.45024899e-17,-2.01673911e-19,9.76573939e-01
2.96875000e-03,3.25594174e+00,6.97566872e+02,3.00000000e+02,8.73961759e-01,2.34260615e-02,3.44749486e-13,5.20855079e-16,-1.18624897e-15,7.64351969e-19,-6.60450554e-17,2.98160292e-16,7.45024900e-17,-2.01673911e-19,9.76573939e-01
3.00000000e-03,3.21211435e+00,7.04909682e+02,3.00000000e+02,8.73961759e-01,2.34260615e-02,5.81534082e-13,5.20586018e-16,-1.18624895e-15,7.63984749e-19,-6.57422246e-17,2.98160210e-16,7.45024902e-17,-2.01673911e-19,9.76573939e-01
3.06250000e-03,3.12308279e+00,7.19595300e+02,3.00000000e+02,8.73961759e-01,2.34260615e-02,1.57581608e-12,5.20033825e-16,-1.18624884e-15,7.63303203e-19,-6.51203855e-17,2.98159794e-16,7.45024904e-17,-2.01673911e-19,9.76573939e-01
3.12500000e-03,3.03221552e+00,7.34280918e+02,3.00000000e+02,8.73961759e-01,2.34260615e-02,3.98737813e-12,5.19466263e-16,-1.18624857e-15,7.62780647e-19,-6.44807676e-17,2.98158771e-16,7.45024905e-17,-2.01673911e-19,9.76573939e-01
3.15625000e-03,2.98609350e+00,7.41623728e+02,3.00000000e+02,8.73961759e-01,2.34260615e-02,6.44472124e-12,5.19177720e-16,-1.18624833e-15,7.62649604e-19,-6.41553894e-17,2.98157853e-16,7.45024906e-17,-2.01673911e-19,9.76573939e-01
3.18750000e-03,2.93951256e+00,7.48966537e+02,3.00000000e+02,8.73961759e-01,2.34260615e-02,1.05766287e-11,5.18884721e-16,-1.18624790e-15,7.62731037e-19,-6.38240109e-17,2.98156212e-16,7.45024905e-17,-2.01673911e-19,9.76573939e-01
3.25000000e-03,2.84497389e+00,7.63652155e+02,3.00000000e+02,8.73961759e-01,2.34260615e-02,2.71557798e-11,5.18284976e-16,-1.18624580e-15,7.64118148e-19,-6.31353032e-17,2.98148156e-16,7.45024897e-17,-2.01673911e-19,9.76573939e-01
3.31250000e-03,2.74859952e+00,7.78337774e+02,3.00000000e+02,8.73961758e-01,2.34260614e-02,6.52629114e-11,5.17689449e-16,-1.18624062e-15,7.68536372e-19,-6.23951937e-17,2.98128321e-16,7.45024872e-17,-2.01673911e-19,9.76573939e-01
3.37500000e-03,2.65038945e+00,7.93023392e+02,3.00000000e+02,8.73961758e-01,2.34260613e-02,1.51175844e-10,5.17204878e-16,-1.18622839e-15,7.79891834e-19,-6.14612444e-17,2.98081551e-16,7.45024817e-17,-2.01673911e-19,9.76573939e-01
3.43750000e-03,2.55034368e+00,8.07709010e+02,3.00000000e+02,8.73961756e-01,2.34260611e-02,3.41016517e-10,5.17388219e-16,-1.18620108e-15,8.06682048e-19,-5.94074798e-17,2.97978068e-16,7.45024738e-17,-2.01673911e-19,9.76573939e-01
3.46875000e-03,2.49963240e+00,8.15051820e+02,3.00000000e+02,8.73961755e-01,2.34260609e-02,5.18804183e-10,5.18774344e-16,-1.18617784e-15,8.31858749e-19,-5.56875142e-17,2.97892755e-16,7.45024810e-17,-2.01673911e-19,9.76573939e-01
3.50000000e-03,2.44846221e+00,8.22394629e+02,3.00000000e+02,8.73961754e-01,2.34260604e-02,7.98009202e-10,5.23593221e-16,-1.18613868e-15,8.75810104e-19,-4.26897423e-17,2.97757989e-16,7.45025404e-17,-2.01673911e-19,9.76573939e-01
3.53125000e-03,2.39683308e+00,8.29737438e+02,3.00000000e+02,8.73961752e-01,2.34260597e-02,1.23322411e-09,5.38475496e-16,-1.18606696e-15,9.55842322e-19,4.87960745e-18,2.97544623e-16,7.45028269e-17,-2.01673911e-19,9.76573939e-01
3.56250000e-03,2.34474503e+00,8.37080247e+02,3.00000000e+02,8.73961752e-01,2.34260584e-02,1.90649477e-09,5.82416126e-16,-1.18591594e-15,1.11150025e-18,1.79429055e-16,2.97207641e-16,7.45040348e-17,-2.01673911e-19,9.76573940e-01
3.59375000e-03,2.29219805e+00,8.44423056e+02,3.00000000e+02,8.73961753e-01,2.34260561e-02,2.94003288e-09,7.09018350e-16,-1.18553435e-15,1.43997678e-18,8.13114597e-16,2.96679314e-16,7.45088566e-17,-2.01673912e-19,9.76573941e-01
3.62500000e-03,2.23919213e+00,8.51765866e+02,3.00000000e+02,8.73961760e-01,2.34260519e-02,4.51422880e-09,1.06723560e-15,-1.18439586e-15,2.19223874e-18,3.07989398e-15,2.95863078e-16,7.45275153e-17,-2.01673914e-19,9.76573944e-01
3.65625000e-03,2.18572725e+00,8.59108674e+02,3.00000000e+02,8.73961781e-01,2.34260446e-02,6.89287744e-09,2.06448897e-15,-1.18062235e-15,4.03490646e-18,1.10574718e-14,2.94639001e-16,7.45980884e-17,-2.01673918e-19,9.76573949e-01
3.68750000e-03,2.13180337e+00,8.66451482e+02,3.00000001e+02,8.73961828e-01,2.34260314e-02,1.04580785e-08,4.79722744e-15,-1.16750866e-15,8.76353897e-18,3.86584761e-14,2.92922407e-16,7.48597507e-17,-2.01673926e-19,9.76573958e-01
3.71875000e-03,2.07742045e+00,8.73794288e+02,3.00000002e+02,8.73961931e-01,2.34260082e-02,1.57579134e-08,1.21674370e-14,-1.12137461e-15,2.12440959e-17,1.32485059e-13,2.90923084e-16,7.58115750e-17,-2.01673941e-19,9.76573976e-01
3.75000000e-03,2.02257836e+00,8.81137090e+02,3.00000005e+02,8.73962138e-01,2.34259671e-02,2.35707238e-08,3.17254411e-14,-9.59917193e-16,5.47021774e-17,4.45706371e-13,2.90107322e-16,7.92086369e-17,-2.01673970e-19,9.76574009e-01
3.78125000e-03,1.96727691e+00,8.88479884e+02,3.00000012e+02,8.73962538e-01,2.34258948e-02,3.49905860e-08,8.27727566e-14,-4.02315407e-16,1.45185390e-16,1.47201875e-12,2.96527046e-16,9.11005567e-17,-2.01674023e-19,9.76574070e-01
3.81250000e-03,1.91151580e+00,8.95822663e+02,3.00000028e+02,8.73963287e-01,2.34257686e-02,5.15393512e-08,2.13766253e-13,1.49080323e-15,3.91372381e-16,4.77102628e-12,3.31899977e-16,1.31914390e-16,-2.01674119e-19,9.76574180e-01
3.84375000e-03,1.85529448e+00,9.03165414e+02,3.00000063e+02,8.73964649e-01,2.34255499e-02,7.53113264e-08,5.44112824e-13,7.79731522e-15,1.06516106e-15,1.51684657e-11,4.69455409e-16,2.69173522e-16,-2.01674292e-19,9.76574375e-01
3.87500000e-03,1.79861215e+00,9.10508114e+02,3.00000142e+02,8.73967057e-01,2.34251747e-02,1.09157218e-07,1.36246451e-12,2.83883029e-14,2.92209058e-15,4.72800965e-11,9.47048122e-16,7.21241850e-16,-2.01674597e-19,9.76574716e-01
3.90625000e-03,1.74146752e+00,9.17850721e+02,3.00000316e+02,8.73971211e-01,2.34245371e-02,1.56914265e-07,3.35295438e-12,9.42318348e-14,8.08130132e-15,1.44405566e-10,2.51560568e-15,2.17847953e-15,-2.01675127e-19,9.76575306e-01
3.93750000e-03,1.68385873e+00,9.25193169e+02,3.00000692e+02,8.73978190e-01,2.34234656e-02,2.23689473e-07,8.10436595e-12,3.00314518e-13,2.25383990e-14,4.31925427e-10,7.48684049e-15,6.77299430e-15,-2.01676033e-19,9.76576310e-01
3.96875000e-03,1.62578309e+00,9.32535351e+02,3.00001491e+02,8.73989605e-01,2.34216857e-02,3.16202522e-07,1.92297319e-11,9.31346319e-13,6.33654934e-14,1.26442017e-09,2.28068446e-14,2.09321200e-14,-2.01677558e-19,9.76577997e-01
4.00000000e-03,1.56723709e+00,9.39877101e+02,3.00003160e+02,8.74007733e-01,2.34187659e-02,4.43194420e-07,4.47693807e-11,2.82095036e-12,1.79310357e-13,3.62040929e-09,6.88499344e-14,6.35517429e-14,-2.01680089e-19,9.76580787e-01
4.03125000e-03,1.50821638e+00,9.47218184e+02,3.00006587e+02,8.74035572e-01,2.34140377e-02,6.15907633e-07,1.02220510e-10,8.35286914e-12,5.09350740e-13,1.01325609e-08,2.03951338e-13,1.88759415e-13,-2.01684221e-19,9.76585336e-01
4.06250000e-03,1.44871638e+00,9.54558302e+02,3.00013494e+02,8.74076645e-01,2.34064850e-02,8.48644020e-07,2.28791380e-10,2.41837459e-11,1.44734953e-12,2.76994892e-08,5.91145809e-13,5.47477575e-13,-2.01690861e-19,9.76592638e-01
4.09375000e-03,1.38873367e+00,9.61897148e+02,3.00027154e+02,8.74134238e-01,2.33945902e-02,1.15940966e-06,5.01741781e-10,6.84714784e-11,4.09868317e-12,7.39081604e-08,1.67528810e-12,1.54887931e-12,-2.01701354e-19,9.76604176e-01
4.12500000e-03,1.32826881e+00,9.69234590e+02,3.00053634e+02,8.74209514e-01,2.33761313e-02,1.57066231e-06,1.07758774e-09,1.89629706e-10,1.15277792e-11,1.92325099e-07,4.64204533e-12,4.27034195e-12,-2.01717650e-19,9.76622104e-01
4.15625000e-03,1.26733161e+00,9.76571111e+02,3.00103919e+02,8.74297595e-01,2.33479212e-02,2.11019043e-06,2.26541421e-09,5.13975905e-10,3.21225166e-11,4.87674201e-07,1.25808671e-11,1.14633732e-11,-2.01742485e-19,9.76649478e-01
4.17187500e-03,1.23669629e+00,9.80239861e+02,3.00145247e+02,8.74339599e-01,2.33284816e-02,2.44090776e-06,3.31185555e-09,8.73556465e-10,5.58837853e-11,7.93195957e-07,2.13705696e-11,1.92899525e-11,-2.01759495e-19,9.76668280e-01
4.18750000e-03,1.20596260e+00,9.83909765e+02,3.00204138e+02,8.74370992e-01,2.33042604e-02,2.82040552e-06,4.87648592e-09,1.51654193e-09,9.82518310e-11,1.31108286e-06,3.70756526e-11,3.31021942e-11,-2.01780528e-19,9.76691602e-01
4.20312500e-03,1.17514523e+00,9.87582119e+02,3.00287513e+02,8.74380401e-01,2.32742328e-02,3.25490146e-06,7.19702996e-09,2.65672991e-09,1.73437093e-10,2.17980671e-06,6.48889264e-11,5.72132961e-11,-2.01806318e-19,9.76720322e-01
4.21875000e-03,1.14426508e+00,9.91259020e+02,3.00404758e+02,8.74350815e-01,2.32371984e-02,3.75129453e-06,1.06106204e-08,4.66279651e-09,3.06159199e-10,3.62154886e-06,1.13729000e-10,9.88375881e-11,-2.01837650e-19,9.76755413e-01
4.23437500e-03,1.11335108e+00,9.94943757e+02,3.00568491e+02,8.74257546e-01,2.31917628e-02,4.31723659e-06,1.55906416e-08,8.16641368e-09,5.39111793e-10,5.98826850e-06,1.98790781e-10,1.69887061e-10,-2.01875311e-19,9.76797907e-01
4.25000000e-03,1.08244231e+00,9.98641377e+02,3.00795512e+02,8.74065667e-01,2.31363226e-02,4.96121351e-06,2.27949900e-08,1.42435233e-08,9.45501795e-10,9.83011946e-06,3.45753414e-10,2.89769639e-10,-2.01920021e-19,9.76848847e-01
4.26562500e-03,1.05159035e+00,1.00235948e+03,3.01107972e+02,8.73726867e-01,2.30690534e-02,5.69263618e-06,3.31282228e-08,2.47171489e-08,1.64994359e-09,1.59951269e-05,5.97646403e-10,4.89671720e-10,-2.01972327e-19,9.76909198e-01
4.28125000e-03,1.02086192e+00,1.00610934e+03,3.01534779e+02,8.73175708e-01,2.29879047e-02,6.52194162e-06,4.78200410e-08,4.26616528e-08,2.86298081e-09,2.57713557e-05,1.02586931e-09,8.18989248e-10,-2.02032439e-19,9.76979707e-01
4.31250000e-03,9.60009721e-01,1.01375144e+03,3.02843384e+02,8.71178352e-01,2.27772811e-02,8.50750855e-06,9.51926685e-08,1.16375925e-07,7.86873379e-09,6.18946577e-05,2.76013432e-09,2.09578260e-09,-2.02174932e-19,9.77152092e-01
4.32812500e-03,9.30085037e-01,1.01768173e+03,3.03821381e+02,8.69505537e-01,2.26428441e-02,9.69538512e-06,1.32575990e-07,1.93250732e-07,1.32515047e-08,9.42260087e-05,4.53008829e-09,3.29606667e-09,-2.02254496e-19,9.77252888e-01
4.34375000e-03,9.00702969e-01,1.02173636e+03,3.05113263e+02,8.67149490e-01,2.24847806e-02,1.10346566e-05,1.83783787e-07,3.22840004e-07,2.22999012e-08,1.42899861e-04,7.45652397e-09,5.17322138e-09,-2.02335344e-19,9.77360743e-01
4.35937500e-03,8.72027418e-01,1.02596451e+03,3.06804667e+02,8.63907876e-01,2.23002942e-02,1.25426101e-05,2.53195921e-07,5.40212608e-07,3.74412543e-08,2.15121409e-04,1.22425839e-08,8.06715137e-09,-2.02411807e-19,9.77471191e-01
4.37500000e-03,8.44243149e-01,1.03043066e+03,3.08998717e+02,8.59542962e-01,2.20866340e-02,1.42381983e-05,3.46243955e-07,9.03170744e-07,6.26186992e-08,3.20656548e-04,1.99802743e-08,1.24620417e-08,-2.02475600e-19,9.77577127e-01
4.39062500e-03,8.17551843e-01,1.03521740e+03,3.11817330e+02,8.53785598e-01,2.18412190e-02,1.61420472e-05,4.69504863e-07,1.50642703e-06,1.04160685e-07,4.72400007e-04,3.23299771e-08,1.90311772e-08,-2.02515292e-19,9.77668107e-01
4.40625000e-03,7.92165335e-01,1.04042794e+03,3.15401677e+02,8.46344802e-01,2.15617870e-02,1.82763921e-05,6.30719257e-07,2.50393875e-06,1.72051947e-07,6.86885365e-04,5.17515390e-08,2.86848033e-08,-2.02515872e-19,9.77729664e-01
4.42187500e-03,7.68295645e-01,1.04618762e+03,3.19911363e+02,8.36924327e-01,2.12465587e-02,2.06649292e-05,8.38689673e-07,4.14326930e-06,2.81676016e-07,9.84621611e-04,8.17739751e-08,4.26116657e-08,-2.02458522e-19,9.77742767e-01
4.43750000e-03,7.46141831e-01,1.05264384e+03,3.25521936e+02,8.25246702e-01,2.08944029e-02,2.33325854e-05,1.10301519e-06,6.81679964e-06,4.55967808e-07,1.39011151e-03,1.27263589e-07,6.22951012e-08,-2.02320708e-19,9.77683588e-01
4.45312500e-03,7.25874118e-01,1.05996358e+03,3.32420339e+02,8.11083717e-01,2.05049851e-02,2.63052218e-05,1.43363614e-06,1.11349330e-05,7.27607584e-07,1.93140183e-03,1.94613282e-07,8.94689284e-08,-2.02076698e-19,9.77523728e-01
4.46875000e-03,7.07616469e-01,1.06832800e+03,3.40798196e+02,7.94290132e-01,2.00788742e-02,2.96092885e-05,1.84020208e-06,1.80252504e-05,1.14035477e-06,2.63905239e-03,2.91741507e-07,1.25957918e-07,-2.01698517e-19,9.77231041e-01
4.48437500e-03,6.91429414e-01,1.07792391e+03,3.50843060e+02,7.74835106e-01,1.96175878e-02,3.32714189e-05,2.33133271e-06,2.88578678e-05,1.74796251e-06,3.54450070e-03,4.27783007e-07,1.73332498e-07,-2.01157315e-19,9.76771102e-01
4.50000000e-03,6.77295494e-01,1.08893239e+03,3.62728259e+02,7.52824428e-01,1.91235585e-02,3.73178904e-05,2.91388976e-06,4.55904488e-05,2.60875632e-06,4.67793310e-03,6.12404752e-07,2.32325715e-07,-2.00424981e-19,9.76109233e-01
4.51562500e-03,6.65109748e-01,1.10151545e+03,3.76602347e+02,7.28507057e-01,1.86000198e-02,4.17738039e-05,3.59238249e-06,7.09172081e-05,3.77467642e-06,6.06591659e-03,8.54798533e-07,3.02055749e-07,-1.99475789e-19,9.75212849e-01
4.53125000e-03,6.54677203e-01,1.11580253e+03,3.92579464e+02,7.02262344e-01,1.80508217e-02,4.66618292e-05,4.36857412e-06,1.08397480e-04,5.27601520e-06,7.72914642e-03,1.16254951e-06,3.79287566e-07,-1.98287820e-19,9.74053786e-01
4.54687500e-03,6.45718179e-01,1.13187827e+03,4.10731871e+02,6.74568988e-01,1.74802033e-02,5.20004922e-05,5.24129052e-06,1.62535083e-04,7.10669648e-06,9.68067371e-03,1.54067737e-06,4.58166904e-07,-1.96843987e-19,9.72610241e-01
4.56250000e-03,6.37880759e-01,1.14977354e+03,4.31085513e+02,6.45961584e-01,1.68925530e-02,5.78022466e-05,6.20646662e-06,2.38783115e-04,9.21737897e-06,1.19248850e-02,1.99112155e-06,5.30857532e-07,-1.95132555e-19,9.70868031e-01
4.57812500e-03,6.30758541e-01,1.16946047e+03,4.53618884e+02,6.16983482e-01,1.62921883e-02,6.40718379e-05,7.25767442e-06,3.43460442e-04,1.15220205e-05,1.44573421e-02,2.51279396e-06,5.89143281e-07,-1.93147204e-19,9.68821056e-01
4.59375000e-03,6.23911112e-01,1.19085218e+03,4.78264904e+02,5.88144564e-01,1.56831777e-02,7.08055302e-05,8.38768279e-06,4.83582652e-04,1.39174498e-05,1.72654180e-02,3.10213122e-06,6.26473059e-07,-1.90886720e-19,9.66470982e-01
4.60937500e-03,6.16884818e-01,1.21380661e+03,5.04915146e+02,5.59889878e-01,1.50692159e-02,7.79915260e-05,9.59177605e-06,6.66626537e-04,1.63086948e-05,2.03295359e-02,3.75394218e-06,6.39584953e-07,-1.88354462e-19,9.63826336e-01
4.62500000e-03,6.09231947e-01,1.23813366e+03,5.33425720e+02,5.32581414e-01,1.44535516e-02,8.56114865e-05,1.08734063e-05,9.00258344e-04,1.86303502e-05,2.36247549e-02,4.46231292e-06,6.29058389e-07,-1.85557727e-19,9.60901229e-01
4.64062500e-03,6.00527139e-01,1.26360452e+03,5.63624080e+02,5.06492160e-01,1.38389621e-02,9.36426875e-05,1.22522772e-05,1.19205997e-03,2.08577191e-05,2.71224528e-02,5.22138370e-06,5.98732479e-07,-1.82507095e-19,9.57713952e-01
4.65625000e-03,5.90380384e-01,1.28996195e+03,5.95316170e+02,4.81809719e-01,1.32277635e-02,1.02060213e-04,1.37743844e-05,1.54928434e-03,2.30077565e-05,3.07919017e-02,6.02590257e-06,5.54433211e-07,-1.79215807e-19,9.54285628e-01
4.67187500e-03,5.78446418e-01,1.31693065e+03,6.28293332e+02,4.58646171e-01,1.26218451e-02,1.10838688e-04,1.55231432e-05,1.97866402e-03,2.51345608e-05,3.46016022e-02,6.87154650e-06,5.02592334e-07,-1.75699203e-19,9.50639018e-01
4.68750000e-03,5.64430633e-01,1.34422674e+03,6.62338531e+02,4.37051105e-01,1.20227186e-02,1.19953271e-04,1.76306785e-05,2.48628917e-03,2.73253044e-05,3.85203130e-02,7.75505877e-06,4.49175524e-07,-1.71974220e-19,9.46797566e-01
4.70312500e-03,5.48091871e-01,1.37156620e+03,6.97231555e+02,4.17025441e-01,1.14315740e-02,1.29379783e-04,2.02885725e-05,3.07756487e-03,2.97009339e-05,4.25177620e-02,8.67427767e-06,3.99079096e-07,-1.68058945e-19,9.42784656e-01
4.71875000e-03,5.29242651e-01,1.39867178e+03,7.32753006e+02,3.98534448e-01,1.08493379e-02,1.39093986e-04,2.37577032e-05,3.75725471e-03,3.24236200e-05,4.65650630e-02,9.62813066e-06,3.55959114e-07,-1.63972231e-19,9.38623085e-01
4.73437500e-03,5.07747449e-01,1.42527852e+03,7.68687046e+02,3.81519074e-01,1.02767303e-02,1.49069975e-04,2.83770742e-05,4.52961681e-03,3.57110636e-05,5.06348717e-02,1.06166521e-05,3.22367306e-07,-1.59733355e-19,9.34334684e-01
4.75000000e-03,4.83519654e-01,1.45113781e+03,8.04822966e+02,3.65905230e-01,9.71431940e-03,1.59277709e-04,3.45716322e-05,5.39863830e-03,3.98566772e-05,5.47013218e-02,1.16410598e-05,3.00058975e-07,-1.55361720e-19,9.29940073e-01
4.76562500e-03,4.56517766e-01,1.47602038e+03,8.40955736e+02,3.51611033e-01,9.16257380e-03,1.69679631e-04,4.28589597e-05,6.36837236e-03,4.52540668e-05,5.87397756e-02,1.27039020e-05,2.90367876e-07,-1.50876595e-19,9.25458491e-01
4.78125000e-03,4.26741310e-01,1.49971805e+03,8.76885719e+02,3.38552215e-01,8.62191327e-03,1.80226424e-04,5.38544083e-05,7.44337732e-03,5.24237516e-05,6.27264243e-02,1.38092678e-05,2.94580844e-07,-1.46296890e-19,9.20907677e-01
4.79687500e-03,3.94226811e-01,1.52204481e+03,9.12417775e+02,3.26646000e-01,8.09275774e-03,1.90852027e-04,6.82736762e-05,8.62924947e-03,6.20393211e-05,6.66377712e-02,1.49630377e-05,3.14274475e-07,-1.41640962e-19,9.16303779e-01
4.81250000e-03,3.59044101e-01,1.54283708e+03,9.47359930e+02,3.15813750e-01,7.57557473e-03,2.01468166e-04,8.69309915e-05,9.93322963e-03,7.49490116e-05,7.04500391e-02,1.61731397e-05,3.51591148e-07,-1.36926455e-19,9.11661284e-01
4.82812500e-03,3.21293122e-01,1.56195352e+03,9.81521853e+02,3.05982673e-01,7.07092404e-03,2.11958887e-04,1.10729948e-04,1.13648502e-02,9.21868567e-05,7.41385504e-02,1.74497701e-05,4.09431940e-07,-1.32170162e-19,9.06992940e-01
4.84375000e-03,2.81101318e-01,1.57927430e+03,1.01471331e+03,2.97086827e-01,6.57949766e-03,2.22175744e-04,1.40642739e-04,1.29365748e-02,1.14965213e-04,7.76771417e-02,1.88055332e-05,4.91532732e-07,-1.27387922e-19,9.02309705e-01
4.85937500e-03,2.38621717e-01,1.59470021e+03,1.04674316e+03,2.89067511e-01,6.10215160e-03,2.31934563e-04,1.77672346e-04,1.46643657e-02,1.44637986e-04,8.10376907e-02,2.02554399e-05,6.02373875e-07,-1.22594539e-19,8.97620689e-01
4.87500000e-03,1.94031825e-01,1.60815142e+03,1.07742041e+03,2.81872895e-01,5.63992557e-03,2.41014839e-04,2.22791601e-04,1.65681019e-02,1.82622015e-04,8.41898405e-02,2.18167162e-05,7.46865744e-07,-1.17803742e-19,8.92933140e-01
4.89062500e-03,1.47531983e-01,1.61956614e+03,1.10655252e+03,2.75458351e-01,5.19404507e-03,2.49162934e-04,2.76853710e-04,1.86717586e-02,2.30263516e-04,8.71010225e-02,2.35087739e-05,9.29773365e-07,-1.13028158e-19,8.88252455e-01
4.89843750e-03,1.23634066e-01,1.62448845e+03,1.12046077e+03,2.72536045e-01,4.97776733e-03,2.52780173e-04,3.07499023e-04,1.98102876e-02,2.58140960e-04,8.84535745e-02,2.44137104e-05,1.03722019e-06,-1.10648617e-19,8.85914499e-01
4.90625000e-03,9.93440420e-02,1.62888472e+03,1.13390788e+03,2.69795470e-01,4.76611240e-03,2.56058083e-04,3.40583823e-04,2.10097855e-02,2.88815434e-04,8.97327038e-02,2.53593759e-05,1.15555520e-06,-1.08277116e-19,8.83579426e-01
4.91406250e-03,7.46930932e-02,1.63275197e+03,1.14686936e+03,2.67232960e-01,4.55927212e-03,2.58959962e-04,3.76124099e-04,2.22742394e-02,3.22354061e-04,9.09339793e-02,2.63481992e-05,1.28492077e-06,-1.05914932e-19,8.81247438e-01
4.92187500e-03,4.97136771e-02,1.63608809e+03,1.15932081e+03,2.64845240e-01,4.35744128e-03,2.61449492e-04,4.14101456e-04,2.36077825e-02,3.58776510e-04,9.20529910e-02,2.73827152e-05,1.42528385e-06,-1.03563279e-19,8.78918650e-01
4.92968750e-03,2.44394938e-02,1.63889175e+03,1.17123791e+03,2.62629409e-01,4.16081481e-03,2.63491395e-04,4.54458059e-04,2.50146498e-02,3.98047875e-04,9.30853978e-02,2.84654507e-05,1.57641873e-06,-1.01223308e-19,8.76593098e-01
4.93750000e-03,-1.09454887e-03,1.64116238e+03,1.18259651e+03,2.60582929e-01,3.96958467e-03,2.65052142e-04,4.97091847e-04,2.64991273e-02,4.40071919e-04,9.40269821e-02,2.95988825e-05,1.73790127e-06,-9.88961142e-20,8.74270753e-01
4.94531250e-03,-2.68523488e-02,1.64290016e+03,1.19337015e+03,2.58704175e-01,3.78393626e-03,2.66100688e-04,5.41852262e-04,2.80654926e-02,4.84685278e-04,9.48737095e-02,3.07854417e-05,1.90911680e-06,-9.65827316e-20,8.71951529e-01
4.95312500e-03,-5.27966281e-02,1.64410648e+03,1.20353568e+03,2.56991182e-01,3.60404380e-03,2.66609284e-04,5.88535930e-04,2.97178843e-02,5.31652617e-04,9.56218484e-02,3.20273154e-05,2.08927408e-06,-9.42841306e-20,8.69635309e-01
4.96093750e-03,-7.88890959e-02,1.64478336e+03,1.21307045e+03,2.55442306e-01,3.43006813e-03,2.66554106e-04,6.36885517e-04,3.14602981e-02,5.80666050e-04,9.62679678e-02,3.33265201e-05,2.27745182e-06,-9.20012313e-20,8.67321957e-01
4.96875000e-03,-1.05090521e-01,1.64493336e+03,1.22195240e+03,2.54056216e-01,3.26215321e-03,2.65915908e-04,6.86588666e-04,3.32965175e-02,6.31345606e-04,9.68089938e-02,3.46849028e-05,2.47265013e-06,-8.97349072e-20,8.65011328e-01
4.97656250e-03,-1.31360813e-01,1.64455959e+03,1.23016018e+03,2.52831885e-01,3.10042298e-03,2.64680585e-04,7.37278442e-04,3.52300434e-02,6.83242494e-04,9.72422613e-02,3.61041383e-05,2.67385270e-06,-8.74859888e-20,8.62703293e-01
4.98437500e-03,-1.57659115e-01,1.64366561e+03,1.23767320e+03,2.51768582e-01,2.94497844e-03,2.62839631e-04,7.88535411e-04,3.72640250e-02,7.35845226e-04,9.75655596e-02,3.75857339e-05,2.88009587e-06,-8.52552671e-20,8.60397751e-01
4.99218750e-03,-1.83943898e-01,1.64225546e+03,1.24447172e+03,2.50865871e-01,2.79589527e-03,2.60390472e-04,8.39891439e-04,3.94011944e-02,7.88588560e-04,9.77771704e-02,3.91310428e-05,3.09054029e-06,-8.30434967e-20,8.58094648e-01
5.00000000e-03,-2.10173070e-01,1.64033358e+03,1.25053696e+03,2.50123606e-01,2.65322189e-03,2.57336648e-04,8.90835211e-04,4.16438054e-02,8.40865012e-04,9.78758954e-02,4.07412896e-05,3.30454059e-06,-8.08513992e-20,8.55793995e-01
5.00781250e-03,-2.36304077e-01,1.63790481e+03,1.25585109e+03,2.49541942e-01,2.51697821e-03,2.53687854e-04,9.40819385e-04,4.39935808e-02,8.92038532e-04,9.78610750e-02,4.24176071e-05,3.52170971e-06,-7.86796658e-20,8.53495881e-01
5.01562500e-03,-2.62294016e-01,1.63497434e+03,1.26039735e+03,2.49121335e-01,2.38715499e-03,2.49459822e-04,9.89269235e-04,4.64516666e-02,9.41459821e-04,9.77325953e-02,4.41610853e-05,3.74197527e-06,-7.65289600e-20,8.51200491e-01
5.02343750e-03,-2.88099749e-01,1.63154771e+03,1.26416003e+03,2.48862555e-01,2.26371378e-03,2.44674063e-04,1.03559255e-03,4.90185971e-02,9.88482638e-04,9.74908850e-02,4.59728306e-05,3.96562754e-06,-7.43999193e-20,8.48908117e-01
5.03125000e-03,-3.13678004e-01,1.62763076e+03,1.26712449e+03,2.48766699e-01,2.14658755e-03,2.39357475e-04,1.07919048e-03,5.16942696e-02,1.03248041e-03,9.71369024e-02,4.78540354e-05,4.19335968e-06,-7.22931577e-20,8.46619165e-01
5.03906250e-03,-3.38985484e-01,1.62322962e+03,1.26927720e+03,2.48835211e-01,2.03568186e-03,2.33541836e-04,1.11946912e-03,5.44779301e-02,1.07286244e-03,9.66721127e-02,4.98060546e-05,4.42630285e-06,-7.02092665e-20,8.44334170e-01
5.04687500e-03,-3.63978973e-01,1.61835073e+03,1.27060573e+03,2.49069897e-01,1.93087650e-03,2.27263210e-04,1.15585131e-03,5.73681696e-02,1.10908910e-03,9.60984582e-02,5.18304883e-05,4.66605972e-06,-6.81488157e-20,8.42053796e-01
5.05468750e-03,-3.88615423e-01,1.61300074e+03,1.27109871e+03,2.49472954e-01,1.83202756e-03,2.20561284e-04,1.18778848e-03,6.03629304e-02,1.14068534e-03,9.54183216e-02,5.39292682e-05,4.91474042e-06,-6.61123548e-20,8.39778842e-01
5.06250000e-03,-4.12852053e-01,1.60718658e+03,1.27074588e+03,2.50046993e-01,1.73896984e-03,2.13478664e-04,1.21477222e-03,6.34595211e-02,1.16725219e-03,9.46344852e-02,5.61047449e-05,5.17500494e-06,-6.41004132e-20,8.37510241e-01
5.07031250e-03,-4.36646430e-01,1.60091542e+03,1.26953801e+03,2.50795071e-01,1.65151937e-03,2.06060161e-04,1.23634512e-03,6.66546404e-02,1.18847568e-03,9.37500867e-02,5.83597754e-05,5.45011528e-06,-6.21135003e-20,8.35249063e-01
5.07812500e-03,-4.59956549e-01,1.59419464e+03,1.26746693e+03,2.51720727e-01,1.56947617e-03,1.98352076e-04,1.25211092e-03,6.99444072e-02,1.20413329e-03,9.27685737e-02,6.06978076e-05,5.74399908e-06,-6.01521060e-20,8.32996505e-01
5.08593750e-03,-4.82740906e-01,1.58703184e+03,1.26452551e+03,2.52828014e-01,1.49262695e-03,1.90401520e-04,1.26174352e-03,7.33243964e-02,1.21409752e-03,9.16936580e-02,6.31229618e-05,6.06132414e-06,-5.82167001e-20,8.30753892e-01
5.09375000e-03,-5.04958565e-01,1.57943485e+03,1.26070763e+03,2.54121545e-01,1.42074778e-03,1.82255778e-04,1.26499481e-03,7.67896787e-02,1.21833677e-03,9.05292720e-02,6.56401051e-05,6.40758020e-06,-5.63077326e-20,8.28522667e-01
5.10156250e-03,-5.26569224e-01,1.57141172e+03,1.25600819e+03,2.55606534e-01,1.35360668e-03,1.73961720e-04,1.26170134e-03,8.03348641e-02,1.21691369e-03,8.92795259e-02,6.82549209e-05,6.78916033e-06,-5.44256333e-20,8.26304383e-01
5.10937500e-03,-5.47533275e-01,1.56297069e+03,1.25042310e+03,2.57288850e-01,1.29096598e-03,1.65565283e-04,1.25178942e-03,8.39541469e-02,1.20998099e-03,8.79486686e-02,7.09739695e-05,7.21342962e-06,-5.25708116e-20,8.24100696e-01
5.11718750e-03,-5.67811861e-01,1.55412022e+03,1.24394932e+03,2.59175066e-01,1.23258461e-03,1.57111025e-04,1.23527895e-03,8.76413524e-02,1.19777519e-03,8.65410518e-02,7.38047392e-05,7.68876413e-06,-5.07436563e-20,8.21913353e-01
5.12500000e-03,-5.87366929e-01,1.54486902e+03,1.23658482e+03,2.61272525e-01,1.17822005e-03,1.48641736e-04,1.21228563e-03,9.13899846e-02,1.18060834e-03,8.50610975e-02,7.67556887e-05,8.22453817e-06,-4.89445356e-20,8.19744182e-01
5.13281250e-03,-6.06161292e-01,1.53522597e+03,1.22832864e+03,2.63589404e-01,1.12763021e-03,1.40198133e-04,1.18302166e-03,9.51932741e-02,1.15885823e-03,8.35132685e-02,7.98362780e-05,8.83103509e-06,-4.71737970e-20,8.17595082e-01
5.14062500e-03,-6.24158681e-01,1.52520024e+03,1.21918091e+03,2.66134783e-01,1.08057497e-03,1.31818608e-04,1.14779474e-03,9.90442273e-02,1.13295720e-03,8.19020430e-02,8.30569884e-05,9.51925613e-06,-4.54317675e-20,8.15468008e-01
5.14843750e-03,-6.41323808e-01,1.51480120e+03,1.20914290e+03,2.68918733e-01,1.03681768e-03,1.23539043e-04,1.10700536e-03,1.02935675e-01,1.10337990e-03,8.02318913e-02,8.64293303e-05,1.03006051e-05,-4.37187536e-20,8.13364962e-01
5.15625000e-03,-6.57622426e-01,1.50403849e+03,1.19821708e+03,2.71952398e-01,9.96126369e-04,1.15392684e-04,1.06114213e-03,1.06860323e-01,1.07063041e-03,7.85072560e-02,8.99658354e-05,1.11864345e-05,-4.20350420e-20,8.11287978e-01
5.16406250e-03,-6.73021408e-01,1.49292203e+03,1.18640718e+03,2.75248097e-01,9.58274869e-04,1.07410063e-04,1.01077520e-03,1.10810801e-01,1.03522875e-03,7.67325337e-02,9.36800308e-05,1.21874530e-05,-4.03808996e-20,8.09239109e-01
5.17187500e-03,-6.87488819e-01,1.48146202e+03,1.17371830e+03,2.78819428e-01,9.23043761e-04,9.96189715e-05,9.56547515e-04,1.14779719e-01,9.97697388e-04,7.49120593e-02,9.75863834e-05,1.33130081e-05,-3.87565747e-20,8.07220415e-01
5.17968750e-03,-7.00994019e-01,1.46966897e+03,1.16015696e+03,2.82681387e-01,8.90221223e-04,9.20444723e-05,8.99163941e-04,1.18759714e-01,9.58547766e-04,7.30500916e-02,1.01700202e-04,1.45702819e-05,-3.71622976e-20,8.05233947e-01
5.18750000e-03,-7.13507767e-01,1.45755373e+03,1.14573130e+03,2.86850494e-01,8.59603750e-04,8.47089555e-05,8.39378129e-04,1.22743506e-01,9.18267319e-04,7.11508007e-02,1.06037477e-04,1.59634498e-05,-3.55982815e-20,8.03281734e-01
5.19531250e-03,-7.25002353e-01,1.44512752e+03,1.13045117e+03,2.91344935e-01,8.30996766e-04,7.76322266e-05,7.77977303e-04,1.26723953e-01,8.77307268e-04,6.92182565e-02,1.10614617e-04,1.74928723e-05,-3.40647243e-20,8.01365769e-01
5.20312500e-03,-7.35451755e-01,1.43240194e+03,1.11432831e+03,2.96184705e-01,8.04215123e-04,7.08316248e-05,7.15765108e-04,1.30694102e-01,8.36071558e-04,6.72564190e-02,1.15448059e-04,1.91543901e-05,-3.25618095e-20,7.99487993e-01
5.21093750e-03,-7.44831820e-01,1.41938906e+03,1.09737654e+03,3.01391775e-01,7.79083490e-04,6.43221650e-05,6.53542891e-04,1.34647238e-01,7.94907355e-04,6.52691303e-02,1.20553681e-04,2.09387952e-05,-3.10897086e-20,7.97650283e-01
5.21875000e-03,-7.53120488e-01,1.40610140e+03,1.07961201e+03,3.06990254e-01,7.55436627e-04,5.81166949e-05,5.92089929e-04,1.38576933e-01,7.54097557e-04,6.32601082e-02,1.25945962e-04,2.28315362e-05,-2.96485827e-20,7.95854440e-01
5.22656250e-03,-7.60298053e-01,1.39255203e+03,1.06105341e+03,3.13006570e-01,7.33119533e-04,5.22260576e-05,5.32143320e-04,1.42477086e-01,7.13855816e-04,6.12329425e-02,1.31636807e-04,2.48126965e-05,-2.82385851e-20,7.94102177e-01
5.23437500e-03,-7.66347467e-01,1.37875459e+03,1.04172226e+03,3.19469648e-01,7.11987481e-04,4.66592473e-05,4.74378392e-04,1.46341954e-01,6.74324587e-04,5.91910938e-02,1.37633953e-04,2.68572621e-05,-2.68598638e-20,7.92395111e-01
5.24218750e-03,-7.71254707e-01,1.36472339e+03,1.02164321e+03,3.26411094e-01,6.91905926e-04,4.14235436e-05,4.19390641e-04,1.50166177e-01,6.35576704e-04,5.71378950e-02,1.43938826e-04,2.89356703e-05,-2.55125648e-20,7.90734756e-01
5.25000000e-03,-7.75009187e-01,1.35047344e+03,1.00084439e+03,3.33865367e-01,6.72750310e-04,3.65246082e-05,3.67680241e-04,1.53944787e-01,5.97620953e-04,5.50765567e-02,1.50543750e-04,3.10146083e-05,-2.41968352e-20,7.89122522e-01
5.25781250e-03,-7.77604216e-01,1.33602058e+03,9.79357696e+02,3.41869958e-01,6.54405772e-04,3.19665300e-05,3.19640176e-04,1.57673199e-01,5.60411900e-04,5.30101754e-02,1.57428364e-04,3.30580155e-05,-2.29128265e-20,7.87559715e-01
5.26562500e-03,-7.79037429e-01,1.32138152e+03,9.57219044e+02,3.50465577e-01,6.36766778e-04,2.77518043e-05,2.75548881e-04,1.61347200e-01,5.23864050e-04,5.09417459e-02,1.64555111e-04,3.50282299e-05,-2.16606988e-20,7.86047539e-01
5.27343750e-03,-7.79311372e-01,1.30657397e+03,9.34468742e+02,3.59696278e-01,6.19736715e-04,2.38812385e-05,2.35568054e-04,1.64962904e-01,4.87870002e-04,4.88741758e-02,1.71863728e-04,3.68872159e-05,-2.04406242e-20,7.84587113e-01
5.28125000e-03,-7.78434128e-01,1.29161675e+03,9.11151842e+02,3.69609538e-01,6.03227464e-04,2.03537834e-05,1.99745887e-04,1.68516711e-01,4.52321785e-04,4.68103048e-02,1.79264741e-04,3.85978097e-05,-1.92527912e-20,7.83179473e-01
5.28906250e-03,-7.76420019e-01,1.27652990e+03,8.87318506e+02,3.80256259e-01,5.87158986e-04,1.71663006e-05,1.68025581e-04,1.72005242e-01,4.17133986e-04,4.47529254e-02,1.86632201e-04,4.01249195e-05,-1.80974080e-20,7.81825591e-01
5.29687500e-03,-7.73290349e-01,1.26133479e+03,8.63024363e+02,3.91690671e-01,5.71458961e-04,1.43132847e-05,1.40258467e-04,1.75425274e-01,3.82266643e-04,4.27048066e-02,1.93796252e-04,4.14366231e-05,-1.69747072e-20,7.80526389e-01
5.30468750e-03,-7.69074193e-01,1.24605430e+03,8.38330826e+02,4.03970092e-01,5.56062464e-04,1.17865767e-05,1.16220671e-04,1.78773672e-01,3.47745340e-04,4.06687197e-02,2.00536583e-04,4.25051074e-05,-1.58849488e-20,7.79282752e-01
5.31250000e-03,-7.63809192e-01,1.23071293e+03,8.13305364e+02,4.17154522e-01,5.40911716e-04,9.57511016e-06,9.56319084e-05,1.82047320e-01,3.13675529e-04,3.86474653e-02,2.06578465e-04,4.33073990e-05,-1.48284236e-20,7.78095535e-01
5.32031250e-03,-7.57542337e-01,1.21533697e+03,7.88021686e+02,4.31305991e-01,5.25955873e-04,7.66474542e-06,7.81748257e-05,1.85243064e-01,2.80248124e-04,3.66439012e-02,2.11593618e-04,4.38258478e-05,-1.38054564e-20,7.76965571e-01
5.32421875e-03,-7.54054492e-01,1.20764690e+03,7.75312704e+02,4.38761304e-01,5.18534307e-04,6.81574568e-06,7.04975080e-05,1.86810598e-01,2.63876206e-04,3.56497475e-02,2.13572336e-04,4.39732258e-05,-1.33067343e-20,7.76422385e-01
5.32812500e-03,-7.50338193e-01,1.19995895e+03,7.62569286e+02,4.46482068e-01,5.11145709e-04,6.03540426e-06,6.34821774e-05,1.88357148e-01,2.47776408e-04,3.46611913e-02,2.15145741e-04,4.40446000e-05,-1.28165565e-20,7.75894031e-01
5.33203125e-03,-7.46402491e-01,1.19227713e+03,7.49802665e+02,4.54475984e-01,5.03785649e-04,5.32107760e-06,5.70861445e-05,1.89882273e-01,2.31993848e-04,3.36786324e-02,2.16262505e-04,4.40393015e-05,-1.23351342e-20,7.75380606e-01
5.33593750e-03,-7.42257015e-01,1.18460544e+03,7.37024297e+02,4.62750721e-01,4.96450007e-04,4.66995591e-06,5.12674368e-05,1.91385541e-01,2.16575670e-04,3.27024662e-02,2.16871748e-04,4.39569858e-05,-1.18624687e-20,7.74882201e-01
5.33984375e-03,-7.37912149e-01,1.17694808e+03,7.24246040e+02,4.71313731e-01,4.89135079e-04,4.07908211e-06,4.59851326e-05,1.92866501e-01,2.01570139e-04,3.17331017e-02,2.16924374e-04,4.37976348e-05,-1.13986168e-20,7.74398906e-01
5.34375000e-03,-7.33379003e-01,1.16930941e+03,7.11480095e+02,4.80172205e-01,4.81837542e-04,3.54537007e-06,4.11996182e-05,1.94324696e-01,1.87025337e-04,3.07709586e-02,2.16374576e-04,4.35615451e-05,-1.09436373e-20,7.73930801e-01
5.34765625e-03,-7.28669409e-01,1.16169393e+03,6.98738979e+02,4.89332993e-01,4.74554442e-04,3.06562703e-06,3.68727990e-05,1.95759661e-01,1.72987853e-04,2.98164672e-02,2.15181493e-04,4.32493197e-05,-1.04975915e-20,7.73477960e-01
5.35156250e-03,-7.23795917e-01,1.15410629e+03,6.86035496e+02,4.98802518e-01,4.67283181e-04,2.63657861e-06,3.29682603e-05,1.97170921e-01,1.59501474e-04,2.88700692e-02,2.13310935e-04,4.28618626e-05,-1.00605426e-20,7.73040448e-01
5.35546875e-03,-7.18771784e-01,1.14655129e+03,6.73382702e+02,5.08586682e-01,4.60021505e-04,2.25489572e-06,2.94513816e-05,1.98557991e-01,1.46605920e-04,2.79322174e-02,2.10737120e-04,4.24003765e-05,-9.63255545e-21,7.72618320e-01
5.35937500e-03,-7.13610951e-01,1.13903389e+03,6.60793864e+02,5.18690763e-01,4.52767492e-04,1.91722273e-06,2.62894092e-05,1.99920383e-01,1.34335692e-04,2.70033767e-02,2.07444312e-04,4.18663649e-05,-9.21369683e-21,7.72211620e-01
5.36328125e-03,-7.08328026e-01,1.13155918e+03,6.48282418e+02,5.29119308e-01,4.45519536e-04,1.62020632e-06,2.34514934e-05,2.01257599e-01,1.22719076e-04,2.60840230e-02,2.03428278e-04,4.12616389e-05,-8.80403467e-21,7.71820378e-01
5.36523437e-03,-7.05646324e-01,1.12783994e+03,6.42060792e+02,5.34455748e-01,4.41897217e-04,1.48567327e-06,2.21433767e-05,2.01916610e-01,1.17164061e-04,2.56280529e-02,2.01150476e-04,4.09333742e-05,-8.60268215e-21,7.71630563e-01
5.36718750e-03,-7.02940087e-01,1.12413349e+03,6.35863785e+02,5.39874423e-01,4.38275961e-04,1.36007518e-06,2.09059997e-05,2.02569080e-01,1.11780779e-04,2.51746570e-02,1.98694919e-04,4.05881124e-05,-8.40365412e-21,7.71444657e-01
5.36914062e-03,-7.00211274e-01,1.12044050e+03,6.29693068e+02,5.45375661e-01,4.34655627e-04,1.24300282e-06,1.97360098e-05,2.03214952e-01,1.06570729e-04,2.47238951e-02,1.96064975e-04,4.02261731e-05,-8.20699085e-21,7.71262657e-01
5.37109375e-03,-6.97462007e-01,1.11676168e+03,6.23550421e+02,5.50959623e-01,4.31036143e-04,1.13405457e-06,1.86301943e-05,2.03854155e-01,1.01535007e-04,2.42758349e-02,1.93264923e-04,3.98479015e-05,-8.01269181e-21,7.71084562e-01
5.37500000e-03,-6.91908891e-01,1.10944836e+03,6.11354596e+02,5.62377664e-01,4.23799801e-04,9.39383964e-07,1.66014515e-05,2.05112308e-01,9.19876249e-05,2.33880854e-02,1.87173644e-04,3.90438481e-05,-7.63122305e-21,7.70740061e-01
5.37890625e-03,-6.86298117e-01,1.10219946e+03,5.99290584e+02,5.74128370e-01,4.16566035e-04,7.72504295e-07,1.47921896e-05,2.06343276e-01,8.31337869e-05,2.25118335e-02,1.80477939e-04,3.81796825e-05,-7.25922384e-21,7.70410968e-01
5.38281250e-03,-6.80647051e-01,1.09502071e+03,5.87371874e+02,5.86210696e-01,4.09334650e-04,6.30475430e-07,1.31808288e-05,2.07546561e-01,7.49642280e-05,2.16476055e-02,1.73240112e-04,3.72589473e-05,-6.89676224e-21,7.70097225e-01
5.38671875e-03,-6.74973471e-01,1.08791794e+03,5.75611793e+02,5.98622054e-01,4.02105709e-04,5.10506344e-07,1.17474745e-05,2.08721667e-01,6.74626885e-05,2.07959353e-02,1.65533983e-04,3.62855598e-05,-6.54390449e-21,7.69798752e-01
5.39062500e-03,-6.69295505e-01,1.08089704e+03,5.64023451e+02,6.11358157e-01,3.94879526e-04,4.09970367e-07,1.04738448e-05,2.09868113e-01,6.06066471e-05,1.99573627e-02,1.57442955e-04,3.52638076e-05,-6.20071436e-21,7.69515447e-01
5.39453125e-03,-6.63631576e-01,1.07396398e+03,5.52619681e+02,6.24412868e-01,3.87656661e-04,3.26417085e-07,9.34319437e-06,2.10985432e-01,5.43682192e-05,1.91324323e-02,1.49057624e-04,3.41983321e-05,-5.86725223e-21,7.69247186e-01
5.39843750e-03,-6.58000335e-01,1.06712473e+03,5.41412983e+02,6.37778041e-01,3.80437925e-04,2.57580875e-07,8.34023680e-06,2.12073173e-01,4.87151654e-05,1.83216919e-02,1.40473046e-04,3.30941006e-05,-5.54357421e-21,7.68993817e-01
5.40234375e-03,-6.52420596e-01,1.06038530e+03,5.30415464e+02,6.51443378e-01,3.73224372e-04,2.01386123e-07,7.45106503e-06,2.13130914e-01,4.36119575e-05,1.75256901e-02,1.31785797e-04,3.19563646e-05,-5.22973117e-21,7.68755165e-01
5.40625000e-03,-6.46911270e-01,1.05375165e+03,5.19638787e+02,6.65396286e-01,3.66017304e-04,1.55949280e-07,6.66307106e-06,2.14158257e-01,3.90208475e-05,1.67449751e-02,1.23090994e-04,3.07906071e-05,-4.92576771e-21,7.68531029e-01
5.41015625e-03,-6.41491290e-01,1.04722970e+03,5.09094113e+02,6.79621743e-01,3.58818272e-04,1.19577931e-07,5.96486518e-06,2.15154841e-01,3.49028905e-05,1.59800917e-02,1.14479432e-04,2.96024781e-05,-4.63172103e-21,7.68321180e-01
5.41406250e-03,-6.36179536e-01,1.04082527e+03,4.98792049e+02,6.94102196e-01,3.51629071e-04,9.07671074e-08,5.34619504e-06,2.16120342e-01,3.12188813e-05,1.52315789e-02,1.06035008e-04,2.83977237e-05,-4.34761985e-21,7.68125361e-01
5.41796875e-03,-6.30994760e-01,1.03454407e+03,4.88742598e+02,7.08817463e-01,3.44451748e-04,6.81930880e-08,4.79786486e-06,2.17054479e-01,2.79301748e-05,1.44999674e-02,9.78325610e-05,2.71821096e-05,-4.07348322e-21,7.67943291e-01
5.42187500e-03,-6.25955500e-01,1.02839164e+03,4.78955104e+02,7.23744682e-01,3.37288592e-04,5.07049709e-08,4.31165546e-06,2.17957019e-01,2.49993688e-05,1.37857759e-02,8.99362278e-05,2.59613440e-05,-3.80931930e-21,7.67774657e-01
5.42578125e-03,-6.21079994e-01,1.02237331e+03,4.69438207e+02,7.38858280e-01,3.30142138e-04,3.73143089e-08,3.88024530e-06,2.18827780e-01,2.23908417e-05,1.30895081e-02,8.23983875e-05,2.47410026e-05,-3.55512425e-21,7.67619122e-01
5.42968750e-03,-6.16386096e-01,1.01649418e+03,4.60199794e+02,7.54129995e-01,3.23015159e-04,2.71831457e-08,3.49713340e-06,2.19666635e-01,2.00711450e-05,1.24116487e-02,7.52592024e-05,2.35264594e-05,-3.31088097e-21,7.67476320e-01
5.43359375e-03,-6.11891177e-01,1.01075903e+03,4.51246951e+02,7.69528937e-01,3.15910657e-04,1.96108146e-08,3.15656449e-06,2.20473517e-01,1.80092598e-05,1.17526597e-02,6.85467353e-05,2.23228245e-05,-3.07655805e-21,7.67345858e-01
5.43750000e-03,-6.07612030e-01,1.00517234e+03,4.42585927e+02,7.85021706e-01,3.08831860e-04,1.40198941e-08,2.85345727e-06,2.21248417e-01,1.61767322e-05,1.11129756e-02,6.22775770e-05,2.11348922e-05,-2.85210864e-21,7.67227319e-01
5.44140625e-03,-6.03564777e-01,9.99738203e+02,4.34222084e+02,8.00572566e-01,3.01782205e-04,9.94173848e-09,2.58333605e-06,2.21991393e-01,1.45477069e-05,1.04929992e-02,5.64578884e-05,1.99670993e-05,-2.63746951e-21,7.67120259e-01
5.44531250e-03,-5.99764765e-01,9.94460278e+02,4.26159867e+02,8.16143678e-01,2.94765326e-04,7.00200608e-09,2.34226651e-06,2.22702567e-01,1.30988786e-05,9.89309720e-03,5.10847448e-05,1.88234941e-05,-2.43256013e-21,7.67024214e-01
5.44921875e-03,-5.96226465e-01,9.89341779e+02,4.18402773e+02,8.31695393e-01,2.87785037e-04,4.90659350e-09,2.12679585e-06,2.23382128e-01,1.18093829e-05,9.31359508e-03,4.61476596e-05,1.77077156e-05,-2.23728198e-21,7.66938695e-01
5.45312500e-03,-5.92963379e-01,9.84385419e+02,4.10953315e+02,8.47186613e-01,2.80845316e-04,3.42834403e-09,1.93389757e-06,2.24030333e-01,1.06606439e-05,8.75477281e-03,4.16301730e-05,1.66229817e-05,-2.05151793e-21,7.66863198e-01
5.45703125e-03,-5.89987939e-01,9.79593382e+02,4.03813009e+02,8.62575195e-01,2.73950276e-04,2.39483511e-09,1.76092105e-06,2.24647506e-01,9.63619663e-06,8.21686027e-03,3.75114017e-05,1.55720862e-05,-1.87513189e-21,7.66797201e-01
5.46093750e-03,-5.87311417e-01,9.74967289e+02,3.96982358e+02,8.77818417e-01,2.67104148e-04,1.67746824e-09,1.60554602e-06,2.25234042e-01,8.72149741e-06,7.70003306e-03,3.37674696e-05,1.45574021e-05,-1.70796862e-21,7.66740167e-01
5.46484375e-03,-5.84943843e-01,9.70508176e+02,3.90460842e+02,8.92873482e-01,2.60311255e-04,1.18199342e-09,1.46574162e-06,2.25790403e-01,7.90373164e-06,7.20440871e-03,3.03727618e-05,1.35808908e-05,-1.54985376e-21,7.66691553e-01
5.46875000e-03,-5.82893927e-01,9.66216478e+02,3.84246924e+02,9.07698051e-01,2.53575976e-04,8.40508352e-10,1.33973003e-06,2.26317119e-01,7.17162795e-06,6.73004343e-03,2.73009711e-05,1.26441154e-05,-1.40059413e-21,7.66650805e-01
5.47265625e-03,-5.81168995e-01,9.62092014e+02,3.78338062e+02,9.22250795e-01,2.46902728e-04,6.04890576e-10,1.22595426e-06,2.26814784e-01,6.51528300e-06,6.27692948e-03,2.45259264e-05,1.17482583e-05,-1.25997825e-21,7.66617367e-01
5.47656250e-03,-5.79774943e-01,9.58133989e+02,3.72730727e+02,9.36491944e-01,2.40295924e-04,4.41554399e-10,1.12304987e-06,2.27284058e-01,5.92600021e-06,5.84499325e-03,2.20222130e-05,1.08941401e-05,-1.12777717e-21,7.66590687e-01
5.48046875e-03,-5.78716194e-01,9.54340993e+02,3.67420443e+02,9.50383830e-01,2.33759952e-04,3.27379214e-10,1.02982020e-06,2.27725660e-01,5.39614366e-06,5.43409423e-03,1.97656053e-05,1.00822423e-05,-1.00374544e-21,7.66570211e-01
5.48437500e-03,-5.77995684e-01,9.50711014e+02,3.62401823e+02,9.63891387e-01,2.27299135e-04,2.46631561e-10,9.45214772e-07,2.28140367e-01,4.91900750e-06,5.04402485e-03,1.77333420e-05,9.31272955e-06,-8.87622431e-22,7.66555399e-01
5.48828125e-03,-5.77614858e-01,9.47241462e+02,3.57668624e+02,9.76982612e-01,2.20917706e-04,1.88698309e-10,8.68310481e-07,2.28529006e-01,4.48870025e-06,4.67451124e-03,1.59042741e-05,8.58547505e-06,-7.79133787e-22,7.66545718e-01
5.49218750e-03,-5.77573689e-01,9.43929190e+02,3.53213811e+02,9.89628960e-01,2.14619773e-04,1.46458241e-10,7.98295271e-07,2.28892456e-01,4.10004300e-06,4.32521494e-03,1.42589172e-05,7.90008530e-06,-6.77993114e-22,7.66540652e-01
5.49609375e-03,-5.77870707e-01,9.40770537e+02,3.49029623e+02,1.00180567e+00,2.08409294e-04,1.15139234e-10,7.34453956e-07,2.29231634e-01,3.74848021e-06,3.99573558e-03,1.27794364e-05,7.25592619e-06,-5.83903808e-22,7.66539702e-01
5.50000000e-03,-5.78503053e-01,9.37761360e+02,3.45107656e+02,1.01349202e+00,2.02290048e-04,9.15331259e-11,6.76155908e-07,2.29547496e-01,3.43000174e-06,3.68561433e-03,1.14495835e-05,6.65214920e-06,-4.96561012e-22,7.66542391e-01
5.50390625e-03,-5.79466543e-01,9.34897086e+02,3.41438940e+02,1.02467145e+00,1.96265611e-04,7.34663384e-11,6.22844367e-07,2.29841027e-01,3.14107483e-06,3.39433826e-03,1.02546081e-05,6.08771767e-06,-4.15653662e-22,7.66548263e-01
5.50781250e-03,-5.80755753e-01,9.32172762e+02,3.38014025e+02,1.03533165e+00,1.90339333e-04,5.94484377e-11,5.74027145e-07,2.30113233e-01,2.87858474e-06,3.12134529e-03,9.18115280e-06,5.56143285e-06,-3.40866565e-22,7.66556887e-01
5.51171875e-03,-5.82364109e-01,9.29583108e+02,3.34823074e+02,1.04546457e+00,1.84514322e-04,4.84415238e-11,5.29268540e-07,2.30365137e-01,2.63978292e-06,2.86602977e-03,8.21714271e-06,5.07195948e-06,-2.71882487e-22,7.66567861e-01
5.51562500e-03,-5.84283989e-01,9.27122575e+02,3.31855949e+02,1.05506625e+00,1.78793425e-04,3.97099622e-11,4.88182292e-07,2.30597771e-01,2.42224181e-06,2.62774848e-03,7.35167589e-06,4.61785064e-06,-2.08384200e-22,7.66580807e-01
5.51953125e-03,-5.86506837e-01,9.24785398e+02,3.29102297e+02,1.06413669e+00,1.73179219e-04,3.27226391e-11,4.50425441e-07,2.30812170e-01,2.22381520e-06,2.40582690e-03,6.57491739e-06,4.19757153e-06,-1.50056451e-22,7.66595378e-01
5.52343750e-03,-5.89023277e-01,9.22565659e+02,3.26551636e+02,1.07267963e+00,1.67673999e-04,2.70891336e-11,4.15692969e-07,2.31009361e-01,2.04260368e-06,2.19956565e-03,5.87799981e-06,3.80952204e-06,-9.65878222e-23,7.66611254e-01
5.52734375e-03,-5.91823230e-01,9.20457336e+02,3.24193435e+02,1.08070221e+00,1.62279776e-04,2.25176422e-11,3.83713124e-07,2.31190363e-01,1.87692427e-06,2.00824692e-03,5.25293093e-06,3.45205785e-06,-4.76724555e-23,7.66628145e-01
5.53125000e-03,-5.94896036e-01,9.18454361e+02,3.22017191e+02,1.08821464e+00,1.56998271e-04,1.87868410e-11,3.54243330e-07,2.31356178e-01,1.72528389e-06,1.83114077e-03,4.69250894e-06,3.12350988e-06,-2.11957373e-23,7.66645787e-01
5.53515625e-03,-5.98230571e-01,9.16550667e+02,3.20012498e+02,1.09522989e+00,1.51830921e-04,1.57267253e-11,3.27066620e-07,2.31507786e-01,1.58635606e-06,1.66751121e-03,4.19024514e-06,2.82220200e-06,2.93066875e-24,7.66663945e-01
5.53906250e-03,-6.01815358e-01,9.14740237e+02,3.18169106e+02,1.10176326e+00,1.46778877e-04,1.32052981e-11,3.01988518e-07,2.31646140e-01,1.45896050e-06,1.51662192e-03,3.74029364e-06,2.54646684e-06,2.48731591e-23,7.66682411e-01
5.54296875e-03,-6.05638679e-01,9.13017143e+02,3.16476985e+02,1.10783203e+00,1.41843014e-04,1.11191316e-11,2.78834314e-07,2.31772163e-01,1.34204522e-06,1.37774160e-03,3.33738777e-06,2.29465976e-06,4.47917106e-23,7.66700999e-01
5.54687500e-03,-6.09688677e-01,9.11375585e+02,3.14926364e+02,1.11345508e+00,1.37023937e-04,9.38654440e-12,2.57446689e-07,2.31886743e-01,1.23467087e-06,1.25014873e-03,2.97678264e-06,2.06517088e-06,6.28394764e-23,7.66719550e-01
5.55078125e-03,-6.13953447e-01,9.09809921e+02,3.13507780e+02,1.11865248e+00,1.32321993e-04,7.94258286e-12,2.37683637e-07,2.31990732e-01,1.13599702e-06,1.13313596e-03,2.65420322e-06,1.85643524e-06,7.91624205e-23,7.66737926e-01
5.55468750e-03,-6.18421130e-01,9.08314698e+02,3.12212108e+02,1.12344525e+00,1.27737281e-04,6.73527213e-12,2.19416660e-07,2.32084942e-01,1.04527015e-06,1.02601378e-03,2.36579775e-06,1.66694125e-06,5.90243870e-23,7.66756009e-01
5.55859375e-03,-6.23079984e-01,9.06884673e+02,3.11030589e+02,1.12785492e+00,1.23269665e-04,5.72277366e-12,2.02529188e-07,2.32170148e-01,9.61813202e-07,9.28113807e-04,2.10809558e-06,1.49523733e-06,4.08751547e-23,7.66773701e-01
5.56250000e-03,-6.27918458e-01,9.05514827e+02,3.09954850e+02,1.13190335e+00,1.18918791e-04,4.87119203e-12,1.86915208e-07,2.32247079e-01,8.85016374e-07,8.38791376e-04,1.87796947e-06,1.33993709e-06,2.45463269e-23,7.66790921e-01
5.56640625e-03,-6.32925250e-01,9.04200386e+02,3.08976923e+02,1.13561239e+00,1.14684094e-04,4.15283081e-12,1.72478067e-07,2.32316425e-01,8.14329184e-07,7.57427699e-04,1.67260153e-06,1.19972302e-06,9.87997161e-24,7.66807604e-01
5.57031250e-03,-6.38089361e-01,9.02936822e+02,3.08089247e+02,1.13900372e+00,1.10564821e-04,3.54470842e-12,1.59129433e-07,2.32378833e-01,7.49253491e-07,6.83431478e-04,1.48945272e-06,1.07334887e-06,-3.27149977e-24,7.66823699e-01
5.57812500e-03,-6.48837527e-01,9.00541347e+02,3.06552256e+02,1.14493388e+00,1.02666027e-04,2.59781817e-12,1.35361362e-07,2.32485555e-01,6.34092009e-07,5.54980135e-04,1.18012046e-06,8.56793358e-07,-2.59016540e-24,7.66853992e-01
5.58593750e-03,-6.60067711e-01,8.98293857e+02,3.05284777e+02,1.14988357e+00,9.52091414e-05,1.90935727e-12,1.14950002e-07,2.32572161e-01,5.35899517e-07,4.48720199e-04,9.32259301e-07,6.80679673e-07,-2.04115106e-24,7.66881646e-01
5.59375000e-03,-6.71713400e-01,8.96170511e+02,3.04244796e+02,1.15398959e+00,8.81830239e-05,1.40665757e-12,9.74366782e-08,2.32642074e-01,4.52196062e-07,3.61278271e-04,7.34179366e-07,5.38269893e-07,-1.60117207e-24,7.66906643e-01
5.60156250e-03,-6.83714069e-01,8.94150470e+02,3.03395617e+02,1.15737658e+00,8.15749164e-05,1.03810475e-12,8.24283348e-08,2.32698227e-01,3.80892835e-07,2.89683014e-04,5.76333803e-07,4.23741169e-07,-1.25043028e-24,7.66929051e-01
5.60937500e-03,-6.96015299e-01,8.92215744e+02,3.02705488e+02,1.16015604e+00,7.53707900e-05,7.66995919e-13,6.95861862e-08,2.32743114e-01,3.20217771e-07,2.31345427e-04,4.50931593e-07,3.32117013e-07,-9.72250985e-25,7.66948997e-01
5.61718750e-03,-7.08568698e-01,8.90350979e+02,3.02147173e+02,1.16242621e+00,6.95556586e-05,5.67052482e-13,5.86168998e-08,2.32778830e-01,2.68658436e-07,1.84031592e-04,3.51622299e-07,2.59186634e-07,-7.52712775e-25,7.66966645e-01
5.62500000e-03,-7.21331654e-01,8.88543202e+02,3.01697498e+02,1.16427248e+00,6.41138528e-05,4.19316977e-13,4.92656677e-08,2.32807127e-01,2.24917832e-07,1.45830994e-04,2.73238356e-07,2.01419393e-07,-5.80286948e-25,7.66982180e-01
5.63281250e-03,-7.34266981e-01,8.86781559e+02,3.01336891e+02,1.16576819e+00,5.90292569e-05,3.10019553e-13,4.13106818e-08,2.32829453e-01,1.87879799e-07,1.15122893e-04,2.11583605e-07,1.55879490e-07,-4.45498309e-25,7.66995798e-01
5.64062500e-03,-7.47342502e-01,8.85057043e+02,3.01048932e+02,1.16697575e+00,5.42855107e-05,2.29100132e-13,3.45586535e-08,2.32847000e-01,1.56581559e-07,9.05425718e-05,1.63259222e-07,1.20144435e-07,-3.40614453e-25,7.67007697e-01
5.64843750e-03,-7.60530584e-01,8.83362240e+02,3.00819941e+02,1.16794772e+00,4.98661790e-05,1.69173861e-13,2.88411162e-08,2.32860742e-01,1.30191573e-07,7.09487909e-05,1.25520072e-07,9.22295275e-08,-2.59367248e-25,7.67018066e-01
5.65625000e-03,-7.73807671e-01,8.81691095e+02,3.00638583e+02,1.16872804e+00,4.57548934e-05,1.24799090e-13,2.40113195e-08,2.32871468e-01,1.07991385e-07,5.53933087e-05,9.61559969e-08,7.05195865e-08,-1.96707624e-25,7.67027086e-01
5.66406250e-03,-7.87153817e-01,8.80038696e+02,3.00495527e+02,1.16935319e+00,4.19354688e-05,9.19542899e-14,1.99415787e-08,2.32879814e-01,8.93604827e-08,4.30929832e-05,7.33936394e-08,5.37084171e-08,-1.48592945e-25,7.67034921e-01
5.67187500e-03,-8.00552238e-01,8.78401082e+02,3.00383130e+02,1.16985322e+00,3.83919988e-05,6.76609887e-14,1.65209805e-08,2.32886292e-01,7.37634912e-08,3.34047042e-05,5.58152821e-08,4.07460103e-08,-1.11805037e-25,7.67041724e-01
5.67968750e-03,-8.13988901e-01,8.76775080e+02,3.00295165e+02,1.17025274e+00,3.51089331e-05,4.97099023e-14,1.36533761e-08,2.32891309e-01,6.07391914e-08,2.58032121e-05,4.22918392e-08,3.07931104e-08,-8.37962425e-26,7.67047631e-01
5.68750000e-03,-8.27452135e-01,8.75158165e+02,3.00226587e+02,1.17057182e+00,3.20711378e-05,3.64607485e-14,1.12556095e-08,2.32895188e-01,4.98910086e-08,1.98617216e-05,3.19276403e-08,2.31825874e-08,-6.25605184e-26,7.67052763e-01
5.69531250e-03,-8.40932290e-01,8.73548334e+02,3.00173328e+02,1.17082669e+00,2.92639446e-05,2.66951436e-14,9.25594564e-09,2.32898183e-01,4.08787098e-08,1.52351864e-05,2.40150547e-08,1.73869367e-08,-4.65265009e-26,7.67057226e-01
5.70312500e-03,-8.54421426e-01,8.71944009e+02,3.00132122e+02,1.17103047e+00,2.66731870e-05,1.95080472e-14,7.59267037e-09,2.32900495e-01,3.34111169e-08,1.16459870e-05,1.79973250e-08,1.29911923e-08,-3.44695437e-26,7.67061114e-01
5.71093750e-03,-8.67913044e-01,8.70343952e+02,3.00100360e+02,1.17119367e+00,2.42852278e-05,1.42273857e-14,6.21284217e-09,2.32902281e-01,2.72396920e-08,8.87179763e-06,1.34382352e-08,9.67054285e-09,-2.54399316e-26,7.67064506e-01
5.71875000e-03,-8.81401848e-01,8.68747195e+02,3.00075969e+02,1.17132469e+00,2.20869785e-05,1.03543895e-14,5.07117877e-09,2.32903661e-01,2.21528808e-08,6.73538316e-06,9.99746037e-09,7.17197983e-09,-1.87047216e-26,7.67067472e-01
5.72656250e-03,-8.94883545e-01,8.67152986e+02,3.00057308e+02,1.17143023e+00,2.00659121e-05,7.51922714e-15,4.12906559e-09,2.32904731e-01,1.79711263e-08,5.09608239e-06,7.41061783e-09,5.29936150e-09,-1.37009500e-26,7.67070072e-01
5.73437500e-03,-9.08354662e-01,8.65560742e+02,3.00043082e+02,1.17151561e+00,1.82100698e-05,5.44797389e-15,3.35367444e-09,2.32905564e-01,1.45424778e-08,3.84274686e-06,5.47319864e-09,3.90133997e-09,-9.99822996e-27,7.67072356e-01
5.74218750e-03,-9.21812409e-01,8.63970014e+02,3.00032277e+02,1.17158501e+00,1.65080628e-05,3.93800310e-15,2.71718229e-09,2.32906214e-01,1.17387305e-08,2.88792430e-06,4.02768463e-09,2.86166606e-09,-7.26904251e-27,7.67074369e-01
5.75000000e-03,-9.35254547e-01,8.62380452e+02,3.00024100e+02,1.17164176e+00,1.49490705e-05,2.83964871e-15,2.19608113e-09,2.32906725e-01,9.45204152e-09,2.16309628e-06,2.95326931e-09,2.09145198e-09,-5.26527915e-27,7.67076146e-01
5.75781250e-03,-9.48679285e-01,8.60791793e+02,3.00017933e+02,1.17168846e+00,1.35228348e-05,2.04254265e-15,1.77057023e-09,2.32907130e-01,7.59197186e-09,1.61480152e-06,2.15769640e-09,1.52303308e-09,-3.79982893e-27,7.67077719e-01
5.76562500e-03,-9.62085197e-01,8.59203830e+02,3.00013300e+02,1.17172716e+00,1.22196512e-05,1.46544042e-15,1.42402311e-09,2.32907453e-01,6.08290893e-09,1.20149771e-06,1.57081150e-09,1.10512620e-09,-2.73220604e-27,7.67079115e-01
5.77343750e-03,-9.75471147e-01,8.57616407e+02,3.00009831e+02,1.17175946e+00,1.10303584e-05,1.04864980e-15,1.14252178e-09,2.32907714e-01,4.86182889e-09,8.91034615e-07,1.13949238e-09,7.99031911e-10,-1.95739264e-27,7.67080357e-01
5.78125000e-03,-9.88836235e-01,8.56029406e+02,3.00007242e+02,1.17178663e+00,9.94632431e-06,7.48402277e-16,9.14451303e-10,2.32907926e-01,3.87636086e-09,6.58630126e-07,8.23682824e-10,5.75671557e-10,-1.39722396e-27,7.67081463e-01
5.78906250e-03,-1.00217974e+00,8.54442733e+02,3.00005318e+02,1.17180965e+00,8.95943202e-06,5.32674008e-16,7.30148392e-10,2.32908101e-01,3.08311859e-09,4.85257105e-07,5.93304914e-10,4.13287954e-10,-9.93771167e-28,7.67082450e-01
5.79687500e-03,-1.01550111e+00,8.52856320e+02,3.00003892e+02,1.17182929e+00,8.06206297e-06,3.78087137e-16,5.81597910e-10,2.32908246e-01,2.44626795e-09,3.56364119e-07,4.25867008e-10,2.95670081e-10,-7.04284596e-28,7.67083332e-01
5.80468750e-03,-1.02879987e+00,8.51270111e+02,3.00002839e+02,1.17184617e+00,7.24707984e-06,2.67615554e-16,4.62171871e-10,2.32908368e-01,1.93630164e-09,2.60865753e-07,3.04619553e-10,2.10789345e-10,-4.97348945e-28,7.67084121e-01
5.81250000e-03,-1.04207568e+00,8.49684067e+02,3.00002064e+02,1.17186076e+00,6.50780824e-06,1.88889627e-16,3.66405833e-10,2.32908472e-01,1.52899506e-09,1.90349461e-07,2.17140119e-10,1.49757146e-10,-3.49974335e-28,7.67084828e-01
5.82031250e-03,-1.05532825e+00,8.48098154e+02,3.00001496e+02,1.17187345e+00,5.83801778e-06,1.32945627e-16,2.89808078e-10,2.32908561e-01,1.20451995e-09,1.38455392e-07,1.54252895e-10,1.06031908e-10,-2.45406138e-28,7.67085461e-01
5.82812500e-03,-1.06855734e+00,8.46512348e+02,3.00001081e+02,1.17188454e+00,5.23190280e-06,9.33053008e-17,2.28697393e-10,2.32908638e-01,9.46694653e-10,1.00393668e-07,1.09207472e-10,7.48187508e-11,-1.71483888e-28,7.67086029e-01
5.83593750e-03,-1.08176278e+00,8.44926630e+02,3.00000778e+02,1.17189428e+00,4.68406271e-06,6.52989181e-17,1.80065697e-10,2.32908705e-01,7.42352472e-10,7.25703241e-08,7.70575900e-11,5.26171406e-11,-1.19417403e-28,7.67086538e-01
5.84375000e-03,-1.09494440e+00,8.43340984e+02,3.00000559e+02,1.17190286e+00,4.18948231e-06,4.55700255e-17,1.41462128e-10,2.32908763e-01,5.80811330e-10,5.22987296e-08,5.41933266e-11,3.68816132e-11,-8.28783153e-29,7.67086994e-01
5.85156250e-03,-1.10810209e+00,8.41755398e+02,3.00000400e+02,1.17191044e+00,3.74351208e-06,3.17133517e-17,1.10895616e-10,2.32908814e-01,4.53430165e-10,3.75779199e-08,3.79904240e-11,2.57684716e-11,-5.73288274e-29,7.67087404e-01
5.85937500e-03,-1.12123575e+00,8.40169863e+02,3.00000286e+02,1.17191715e+00,3.34184866e-06,2.20098585e-17,8.67532779e-11,2.32908860e-01,3.53239189e-10,2.69230508e-08,2.65486113e-11,1.79475188e-11,-3.95279905e-29,7.67087771e-01
5.86718750e-03,-1.13434529e+00,8.38584370e+02,3.00000203e+02,1.17192310e+00,2.98051564e-06,1.52349155e-17,6.77323199e-11,2.32908900e-01,2.74632827e-10,1.92362695e-08,1.84972028e-11,1.24627515e-11,-2.71701972e-29,7.67088100e-01
5.87500000e-03,-1.14743063e+00,8.36998914e+02,3.00000144e+02,1.17192840e+00,2.65584459e-06,1.05185538e-17,5.27834044e-11,2.32908936e-01,2.13115575e-10,1.37087764e-08,1.28513117e-11,8.62973381e-12,-1.86216524e-29,7.67088395e-01
5.88281250e-03,-1.16049171e+00,8.35413489e+02,3.00000102e+02,1.17193310e+00,2.36445668e-06,7.24493780e-18,4.10637223e-11,2.32908967e-01,1.65092415e-10,9.74684997e-09,8.90596355e-12,5.96032072e-12,-1.27291109e-29,7.67088658e-01
5.89062500e-03,-1.17352849e+00,8.33828090e+02,3.00000072e+02,1.17193729e+00,2.10324470e-06,4.97927304e-18,3.18982384e-11,2.32908995e-01,1.27696551e-10,6.91619920e-09,6.15845542e-12,4.10767975e-12,-8.68166901e-30,7.67088894e-01
5.89843750e-03,-1.18654092e+00,8.32242715e+02,3.00000051e+02,1.17194102e+00,1.86935571e-06,3.41556677e-18,2.47477950e-11,2.32909021e-01,9.86483065e-11,4.90027135e-09,4.25166882e-12,2.82630741e-12,-5.91132062e-30,7.67089105e-01
5.90625000e-03,-1.19952895e+00,8.30657359e+02,3.00000036e+02,1.17194434e+00,1.66017428e-06,2.33934335e-18,1.91829497e-11,2.32909043e-01,7.61399301e-11,3.46913983e-09,2.93285544e-12,1.94307286e-12,-4.02171076e-30,7.67089293e-01
5.91406250e-03,-1.21249254e+00,8.29072021e+02,3.00000025e+02,1.17194729e+00,1.47330642e-06,1.60048371e-18,1.48625860e-11,2.32909063e-01,5.87418684e-11,2.45637878e-09,2.02379747e-12,1.33633470e-12,-2.73730561e-30,7.67089461e-01
5.92187500e-03,-1.22543167e+00,8.27486697e+02,3.00000018e+02,1.17194992e+00,1.30656411e-06,1.09433420e-18,1.15164845e-11,2.32909080e-01,4.53267522e-11,1.74194124e-09,1.39929270e-12,9.20941886e-13,-1.86727982e-30,7.67089611e-01
5.92968750e-03,-1.23834631e+00,8.25901387e+02,3.00000013e+02,1.17195226e+00,1.15795063e-06,7.48304593e-19,8.93116610e-12,2.32909096e-01,3.50079486e-11,1.23953122e-09,9.71705168e-13,6.37504676e-13,-1.27996574e-30,7.67089745e-01
5.93750000e-03,-1.25123643e+00,8.24316087e+02,3.00000009e+02,1.17195433e+00,1.02564653e-06,5.11244757e-19,6.93843130e-12,2.32909110e-01,2.70900483e-11,8.87325901e-10,6.79916237e-13,4.44750997e-13,-8.84849540e-31,7.67089863e-01
5.95312500e-03,-1.27694300e+00,8.21145514e+02,3.00000005e+02,1.17195782e+00,8.02693241e-07,2.40682545e-19,4.19116111e-12,2.32909134e-01,1.62404283e-11,4.59467446e-10,3.37631521e-13,2.19708444e-13,-4.29971952e-31,7.67090063e-01
5.96875000e-03,-1.30255120e+00,8.17974970e+02,3.00000002e+02,1.17196060e+00,6.24931803e-07,1.10493468e-19,2.48825326e-12,2.32909152e-01,9.56513864e-12,2.31825672e-10,1.62965796e-13,1.05488780e-13,-2.02893175e-31,7.67090223e-01
5.98437500e-03,-1.32806091e+00,8.14804448e+02,3.00000001e+02,1.17196281e+00,4.83775738e-07,4.93435745e-20,1.44068458e-12,2.32909167e-01,5.48955467e-12,1.11835190e-10,7.47211987e-14,4.80840173e-14,-9.06599879e-32,7.67090349e-01
5.99218750e-03,-1.34077880e+00,8.13219195e+02,3.00000001e+02,1.17196373e+00,4.24877417e-07,3.24564709e-20,1.08638715e-12,2.32909173e-01,4.11985694e-12,7.62519357e-11,4.95015362e-14,3.17464586e-14,-5.91776406e-32,7.67090402e-01
6.00000000e-03,-1.35347203e+00,8.11633947e+02,3.00000001e+02,1.17196454e+00,3.72914481e-07,2.13343732e-20,8.18380114e-13,2.32909179e-01,3.08868445e-12,5.19090043e-11,3.27386408e-14,2.09225033e-14,-3.85557223e-32,7.67090448e-01
6.00781250e-03,-1.36614060e+00,8.10048702e+02,3.00000000e+02,1.17196525e+00,3.27121322e-07,1.39975243e-20,6.16113533e-13,2.32909184e-01,2.31418128e-12,3.53053691e-11,2.16321875e-14,1.37742601e-14,-2.50916678e-32,7.67090489e-01
6.01562500e-03,-1.37878449e+00,8.08463461e+02,3.00000000e+02,1.17196588e+00,2.86810176e-07,9.02989830e-21,4.63811368e-13,2.32909188e-01,1.73381166e-12,2.40140948e-11,1.42967524e-14,9.06845144e-15,-1.63294339e-32,7.67090525e-01
6.02343750e-03,-1.39140369e+00,8.06878222e+02,3.00000000e+02,1.17196643e+00,2.51364048e-07,6.10164218e-21,3.49392875e-13,2.32909192e-01,1.29992128e-12,1.63581544e-11,9.46724930e-15,5.98030522e-15,-1.06454442e-32,7.67090557e-01
6.03125000e-03,-1.40399820e+00,8.05292986e+02,3.00000000e+02,1.17196692e+00,2.20230185e-07,4.03298283e-21,2.63630109e-13,2.32909195e-01,9.76287757e-13,1.11823695e-11,6.29745375e-15,3.96009248e-15,-6.97009661e-33,7.67090585e-01
6.03906250e-03,-1.41656801e+00,8.03707751e+02,3.00000000e+02,1.17196734e+00,1.92914049e-07,2.60616586e-21,1.99491742e-13,2.32909198e-01,7.35447360e-13,7.69352006e-12,4.22344305e-15,2.64262788e-15,-4.60113829e-33,7.67090609e-01
6.04687500e-03,-1.42911310e+00,8.02122518e+02,3.00000000e+02,1.17196772e+00,1.68973781e-07,1.75985951e-21,1.51633389e-13,2.32909200e-01,5.56629149e-13,5.34862840e-12,2.87061723e-15,1.78612210e-15,-3.07905855e-33,7.67090631e-01
6.06250000e-03,-1.45412913e+00,7.98952056e+02,3.00000000e+02,1.17196833e+00,1.29513688e-07,7.80036191e-22,8.84446695e-14,2.32909204e-01,3.22094232e-13,2.65064851e-12,1.37271704e-15,8.42016274e-16,-1.42640277e-33,7.67090666e-01
6.07812500e-03,-1.47904625e+00,7.95781599e+02,3.00000000e+02,1.17196881e+00,9.89126594e-08,3.56785143e-22,5.12394136e-14,2.32909208e-01,1.85106093e-13,1.30271931e-12,6.57446566e-16,3.93491242e-16,-6.54955547e-34,7.67090694e-01
6.09375000e-03,-1.50386442e+00,7.92611144e+02,3.00000000e+02,1.17196918e+00,7.52727159e-08,2.21885425e-23,2.94863899e-14,2.32909210e-01,1.05659635e-13,6.35010040e-13,3.18949934e-16,1.82305960e-16,-2.98108314e-34,7.67090715e-01
6.10937500e-03,-1.52858361e+00,7.89440692e+02,3.00000000e+02,1.17196946e+00,5.70798009e-08,-5.20778010e-23,1.68559402e-14,2.32909212e-01,5.99070095e-14,3.07031351e-13,1.60357834e-16,8.37458098e-17,-1.34516425e-34,7.67090731e-01
6.12500000e-03,-1.55320381e+00,7.86270242e+02,3.00000000e+02,1.17196968e+00,4.31316568e-08,1.27134768e-22,9.57253360e-15,2.32909213e-01,3.37408093e-14,1.47264455e-13,8.67802664e-17,3.81475160e-17,-6.01812268e-35,7.67090743e-01
6.14062500e-03,-1.57772500e+00,7.83099793e+02,3.00000000e+02,1.17196984e+00,3.24779298e-08,1.49818454e-23,5.40096837e-15,2.32909215e-01,1.88786743e-14,7.00755086e-14,5.27393610e-17,1.72327424e-17,-2.66978304e-35,7.67090753e-01
6.15625000e-03,-1.60214715e+00,7.79929346e+02,3.00000000e+02,1.17196997e+00,2.43707408e-08,-1.32783220e-22,3.02771593e-15,2.32909215e-01,1.04943156e-14,3.30846910e-14,3.71802271e-17,7.72095911e-18,-1.17452983e-35,7.67090760e-01
6.17187500e-03,-1.62647028e+00,7.76758899e+02,3.00000000e+02,1.17197007e+00,1.82241385e-08,1.08718595e-22,1.68649469e-15,2.32909216e-01,5.79604190e-15,1.54995528e-14,3.03074646e-17,3.43131866e-18,-5.12469995e-36,7.67090766e-01
6.18750000e-03,-1.65069435e+00,7.73588453e+02,3.00000000e+02,1.17197014e+00,1.35810347e-08,-6.98848491e-23,9.33487407e-16,2.32909217e-01,3.18076422e-15,7.20577430e-15,2.70826830e-17,1.51275986e-18,-2.21784686e-36,7.67090770e-01
6.20312500e-03,-1.67481938e+00,7.70418007e+02,3.00000000e+02,1.17197019e+00,1.00863954e-08,-1.02975713e-22,5.13466988e-16,2.32909217e-01,1.73452859e-15,3.32467408e-15,2.57366955e-17,6.61682709e-19,-9.52127389e-37,7.67090773e-01
6.21875000e-03,-1.69884534e+00,7.67247562e+02,3.00000000e+02,1.17197023e+00,7.46562363e-09,2.01650399e-22,2.80687962e-16,2.32909217e-01,9.39958322e-16,1.52251429e-15,2.52692129e-17,2.87187721e-19,-4.05508441e-37,7.67090775e-01
6.23437500e-03,-1.72277225e+00,7.64077117e+02,3.00000000e+02,1.17197026e+00,5.50722582e-09,-7.93280716e-23,1.52499543e-16,2.32909217e-01,5.06220436e-16,6.92076209e-16,2.48139679e-17,1.23713369e-19,-1.71350870e-37,7.67090777e-01
6.25000000e-03,-1.74660008e+00,7.60906672e+02,3.00000000e+02,1.17197029e+00,4.04898435e-09,3.91826911e-23,8.23517374e-17,2.32909218e-01,2.70957487e-16,3.12293177e-16,2.47141476e-17,5.29150166e-20,-7.18445524e-38,7.67090778e-01
6.26562500e-03,-1.77032885e+00,7.57736227e+02,3.00000000e+02,1.17197030e+00,2.96698598e-09,-4.21567757e-22,4.42040568e-17,2.32909218e-01,1.44151506e-16,1.39901491e-16,2.46231798e-17,2.24913571e-20,-2.98924388e-38,7.67090779e-01
6.28125000e-03,-1.79395855e+00,7.54565782e+02,3.00000000e+02,1.17197032e+00,2.16695996e-09,-1.27002881e-22,2.35864175e-17,2.32909218e-01,7.62288862e-17,6.22254648e-17,2.50944466e-17,9.51765464e-21,-1.23431788e-38,7.67090780e-01
6.29687500e-03,-1.81748918e+00,7.51395338e+02,3.00000000e+02,1.17197032e+00,1.57747385e-09,-2.21295984e-22,1.25111541e-17,2.32909218e-01,4.00707835e-17,2.74810978e-17,2.54449277e-17,4.02675892e-21,-5.05857724e-39,7.67090781e-01
6.31250000e-03,-1.84092074e+00,7.48224893e+02,3.00000000e+02,1.17197033e+00,1.14461480e-09,-6.68063060e-24,6.59770743e-18,2.32909218e-01,2.09396373e-17,1.20518513e-17,2.58574599e-17,1.71978368e-21,-2.05779604e-39,7.67090781e-01
6.32812500e-03,-1.86425322e+00,7.45054448e+02,3.00000000e+02,1.17197034e+00,8.27851909e-10,1.19386751e-22,3.45918248e-18,2.32909218e-01,1.08784851e-17,5.24880371e-18,2.60397429e-17,7.57201783e-22,-8.30969510e-40,7.67090781e-01
6.34375000e-03,-1.88748663e+00,7.41884004e+02,3.00000000e+02,1.17197034e+00,5.96832601e-10,-1.01392822e-22,1.80327844e-18,2.32909218e-01,5.61888602e-18,2.27031652e-18,2.59766203e-17,3.58004032e-22,-3.33128876e-40,7.67090782e-01
6.35937500e-03,-1.91062096e+00,7.38713559e+02,3.00000000e+02,1.17197034e+00,4.28913675e-10,2.09571101e-22,9.34727219e-19,2.32909218e-01,2.88561809e-18,9.75358185e-19,2.60670877e-17,1.93150369e-22,-1.32592478e-40,7.67090782e-01
6.37500000e-03,-1.93365622e+00,7.35543115e+02,3.00000000e+02,1.17197034e+00,3.07267200e-10,-3.44181318e-22,4.81796205e-19,2.32909218e-01,1.47352776e-18,4.16222125e-19,2.58614496e-17,1.25051687e-22,-5.24009642e-41,7.67090782e-01
6.39062500e-03,-1.95659240e+00,7.32372670e+02,3.00000000e+02,1.17197035e+00,2.19433955e-10,-3.92130393e-23,2.46957149e-19,2.32909218e-01,7.48225280e-19,1.76441479e-19,2.61721190e-17,9.66279514e-23,-2.05639816e-41,7.67090782e-01
6.40625000e-03,-1.97942950e+00,7.29202226e+02,3.00000000e+02,1.17197035e+00,1.56223519e-10,-1.38133073e-23,1.25887528e-19,2.32909218e-01,3.77819643e-19,7.43055844e-20,2.63409307e-17,8.43476031e-23,-8.01411943e-42,7.67090782e-01
6.42187500e-03,-2.00216753e+00,7.26031781e+02,3.00000000e+02,1.17197035e+00,1.10881597e-10,-1.05233419e-22,6.38218902e-20,2.32909218e-01,1.89730924e-19,3.10897879e-20,2.64288212e-17,7.85911887e-23,-3.10182736e-42,7.67090782e-01
6.43750000e-03,-2.02480649e+00,7.22861337e+02,3.00000000e+02,1.17197035e+00,7.84623358e-11,1.74590489e-22,3.21814351e-20,2.32909218e-01,9.47581131e-20,1.29246710e-20,2.65807783e-17,7.54613741e-23,-1.19240715e-42,7.67090782e-01
6.45312500e-03,-2.04734637e+00,7.19690893e+02,3.00000000e+02,1.17197035e+00,5.53571761e-11,-3.47716192e-22,1.61403548e-20,2.32909218e-01,4.70698485e-20,5.33895428e-21,2.64449632e-17,7.33747931e-23,-4.55310847e-43,7.67090782e-01
6.46875000e-03,-2.06978717e+00,7.16520448e+02,3.00000000e+02,1.17197035e+00,3.89426596e-11,-1.53142719e-22,8.05223635e-21,2.32909218e-01,2.32563385e-20,2.19157921e-21,2.67776123e-17,7.17111435e-23,-1.72702528e-43,7.67090782e-01
6.48437500e-03,-2.09212889e+00,7.13350004e+02,3.00000000e+02,1.17197035e+00,2.73182488e-11,-3.72274382e-22,3.99614518e-21,2.32909218e-01,1.14297732e-20,8.94029271e-22,2.70750620e-17,7.02099171e-23,-6.50769304e-44,7.67090782e-01
6.50000000e-03,-2.11437154e+00,7.10179559e+02,3.00000000e+02,1.17197035e+00,1.91119384e-11,4.68049526e-22,1.97295265e-21,2.32909218e-01,5.58805619e-21,3.62468239e-22,2.76001341e-17,6.87658060e-23,-2.43625903e-44,7.67090782e-01
6.51562500e-03,-2.13651512e+00,7.07009115e+02,3.00000000e+02,1.17197035e+00,1.33367073e-11,-6.75640954e-22,9.69125947e-22,2.32909218e-01,2.71798865e-21,1.46064385e-22,2.72936194e-17,6.73372698e-23,-9.06190123e-45,7.67090782e-01
6.53125000e-03,-2.15855961e+00,7.03838670e+02,3.00000000e+02,1.17197035e+00,9.28493099e-12,5.33337948e-23,4.73681928e-22,2.32909218e-01,1.31538126e-21,5.85078569e-23,2.79083435e-17,6.59347647e-23,-3.34926963e-45,7.67090782e-01
6.54687500e-03,-2.18050503e+00,7.00668226e+02,3.00000000e+02,1.17197035e+00,6.45101889e-12,-1.07295932e-22,2.30423990e-22,2.32909218e-01,6.33521554e-22,2.32989764e-23,2.80854716e-17,6.45352228e-23,-1.23016575e-45,7.67090782e-01
6.56250000e-03,-2.20235138e+00,6.97497781e+02,3.00000000e+02,1.17197035e+00,4.47494960e-12,3.46282125e-22,1.11601744e-22,2.32909218e-01,3.03766889e-22,9.22606096e-24,2.82674001e-17,6.31369052e-23,-4.49100190e-46,7.67090782e-01
6.57812500e-03,-2.22409864e+00,6.94327337e+02,3.00000000e+02,1.17197035e+00,3.10121502e-12,-3.39854208e-22,5.38574987e-23,2.32909218e-01,1.45114767e-22,3.63477441e-24,2.79686133e-17,6.17497660e-23,-1.63031983e-46,7.67090782e-01
6.59375000e-03,-2.24574684e+00,6.91156892e+02,3.00000000e+02,1.17197035e+00,2.14908060e-12,-2.60705161e-22,2.59372058e-23,2.32909218e-01,6.91729507e-23,1.42645213e-24,2.82153587e-17,6.03816000e-23,-5.89140830e-47,7.67090782e-01
6.60937500e-03,-2.26729595e+00,6.87986448e+02,3.00000000e+02,1.17197035e+00,1.49112239e-12,-1.78770777e-22,1.25048220e-23,2.32909218e-01,3.30055149e-23,5.59364409e-25,2.85807194e-17,5.90224996e-23,-2.12540319e-47,7.67090782e-01
6.62500000e-03,-2.28874599e+00,6.84816003e+02,3.00000000e+02,1.17197035e+00,1.03779422e-12,-2.11730743e-22,6.07456086e-24,2.32909218e-01,1.58668413e-23,2.20879009e-25,2.89021232e-17,5.76627797e-23,-7.71582331e-48,7.67090782e-01
6.64062500e-03,-2.31009695e+00,6.81645559e+02,3.00000000e+02,1.17197035e+00,7.26370880e-13,1.17540176e-21,3.01142605e-24,2.32909218e-01,7.78557244e-24,8.95020329e-26,2.92414714e-17,5.63081347e-23,-2.87866361e-48,7.67090782e-01
6.65625000e-03,-2.33134884e+00,6.78475115e+02,3.00000000e+02,1.17197035e+00,5.13054973e-13,1.56785058e-22,1.55921983e-24,2.32909218e-01,3.99361861e-24,3.87998435e-26,2.81547517e-17,5.49465374e-23,-1.16078812e-48,7.67090782e-01
6.68750000e-03,-2.37355538e+00,6.72134226e+02,3.00000000e+02,1.17197035e+00,2.61535937e-13,2.38198576e-22,4.75255780e-25,2.32909218e-01,1.19763095e-24,9.05098860e-27,2.71869526e-17,5.22800053e-23,-2.44382145e-49,7.67090782e-01
6.71875000e-03,-2.41536561e+00,6.65793337e+02,3.00000000e+02,1.17197035e+00,1.32226893e-13,-3.54831020e-22,1.44707916e-25,2.32909218e-01,3.56572039e-25,2.08358290e-27,2.63842193e-17,4.97529649e-23,-5.07436921e-50,7.67090782e-01
6.75000000e-03,-2.45677954e+00,6.59452448e+02,3.00000000e+02,1.17197035e+00,6.63116787e-14,-1.27184444e-22,4.52481430e-26,2.32909218e-01,1.06777990e-25,4.73483272e-28,2.70725696e-17,4.73607088e-23,-1.03947044e-50,7.67090782e-01
6.78125000e-03,-2.49779717e+00,6.53111559e+02,3.00000000e+02,1.17197035e+00,3.29915190e-14,-6.08132631e-22,1.56786940e-26,2.32909218e-01,3.34761476e-26,1.06246243e-28,2.75238651e-17,4.50274159e-23,-2.10123720e-51,7.67090782e-01
6.81250000e-03,-2.53841849e+00,6.46770670e+02,3.00000000e+02,1.17197035e+00,1.62860890e-14,3.01202825e-22,7.14176924e-27,2.32909218e-01,1.23783983e-26,2.35511550e-29,2.90592221e-17,4.26955185e-23,-4.19256789e-52,7.67090782e-01
6.84375000e-03,-2.57864350e+00,6.40429781e+02,3.00000000e+02,1.17197035e+00,7.97800977e-15,4.75692567e-22,4.58102471e-27,2.32909218e-01,6.24282371e-27,5.16121589e-30,2.86712228e-17,4.03074978e-23,-8.25905125e-53,7.67090782e-01
6.87500000e-03,-2.61847221e+00,6.34088892e+02,3.00000000e+02,1.17197035e+00,3.87882124e-15,1.88744235e-24,3.72002477e-27,2.32909218e-01,4.36527169e-27,1.12117188e-30,2.74992695e-17,3.79578452e-23,-1.60665163e-53,7.67090782e-01
6.90625000e-03,-2.65790462e+00,6.27748003e+02,3.00000000e+02,1.17197035e+00,1.87199336e-15,2.20755992e-22,3.47649143e-27,2.32909218e-01,3.83588691e-27,2.43956904e-31,2.72589899e-17,3.57205224e-23,-3.08705582e-54,7.67090782e-01
6.93750000e-03,-2.69694071e+00,6.21407114e+02,3.00000000e+02,1.17197035e+00,8.97010899e-16,-1.14936701e-21,3.35378540e-27,2.32909218e-01,3.63077301e-27,5.55140966e-32,2.67111989e-17,3.35061653e-23,-5.85977683e-55,7.67090782e-01
6.96875000e-03,-2.73558050e+00,6.15066225e+02,3.00000000e+02,1.17197035e+00,4.26882769e-16,-1.50049040e-22,3.60461776e-27,2.32909218e-01,3.88487863e-27,1.53460560e-32,2.91728816e-17,3.13517801e-23,-1.09902315e-55,7.67090782e-01
7.00000000e-03,-2.77382399e+00,6.08725336e+02,3.00000000e+02,1.17197035e+00,2.01860432e-16,7.76360289e-23,3.71342559e-27,2.32909218e-01,3.99160795e-27,6.66826162e-33,2.99793613e-17,2.90933820e-23,-2.03699844e-56,7.67090782e-01
7.03125000e-03,-2.81167117e+00,6.02384448e+02,3.00000000e+02,1.17197035e+00,9.49349806e-17,-1.74763629e-22,3.72212868e-27,2.32909218e-01,3.99468909e-27,4.60557471e-33,2.99744075e-17,2.67814240e-23,-3.73166332e-57,7.67090782e-01
7.06250000e-03,-2.84912205e+00,5.96043559e+02,3.00000000e+02,1.17197035e+00,4.44877067e-17,6.32742284e-22,3.76762028e-27,2.32909218e-01,4.03765286e-27,3.88510709e-33,3.03505969e-17,2.44951436e-23,-6.75860403e-58,7.67090782e-01
7.09375000e-03,-2.88617662e+00,5.89702670e+02,3.00000000e+02,1.17197035e+00,2.08530383e-17,-1.75567873e-21,3.62391116e-27,2.32909218e-01,3.88604660e-27,3.51418918e-33,2.90672623e-17,2.21815161e-23,-1.21134512e-58,7.67090782e-01
7.12500000e-03,-2.92283488e+00,5.83361781e+02,3.00000000e+02,1.17197035e+00,9.85615494e-18,-7.68793906e-22,4.00851833e-27,2.32909218e-01,4.30146478e-27,3.14129744e-33,3.25294694e-17,2.00151621e-23,-2.15919266e-59,7.67090782e-01
7.15625000e-03,-2.95909684e+00,5.77020892e+02,3.00000000e+02,1.17197035e+00,4.77397372e-18,5.40784968e-21,4.29964124e-27,2.32909218e-01,4.60340011e-27,2.87493902e-33,3.47761998e-17,1.76246173e-23,-3.93379899e-60,7.67090782e-01
7.18750000e-03,-2.99496249e+00,5.70680003e+02,3.00000000e+02,1.17197035e+00,2.44082551e-18,3.59710223e-21,3.09839888e-27,2.32909218e-01,3.31491461e-27,2.62023156e-33,2.40066913e-17,1.51064812e-23,-8.37096515e-61,7.67090782e-01
7.25000000e-03,-3.06550488e+00,5.57998225e+02,3.00000000e+02,1.17197035e+00,7.24790522e-19,1.02904634e-21,7.96405853e-28,2.32909218e-01,8.60385445e-28,1.86340953e-33,5.57257410e-18,1.17105564e-23,-7.74772214e-62,7.67090782e-01
7.31250000e-03,-3.13446205e+00,5.45316447e+02,3.00000000e+02,1.17197035e+00,2.99160898e-19,5.10193509e-22,-5.54449901e-29,2.32909218e-01,-5.11342268e-29,1.66002751e-33,-7.83727199e-19,1.09984901e-23,-7.01522693e-63,7.67090782e-01
7.37500000e-03,-3.20183399e+00,5.32634669e+02,3.00000000e+02,1.17197035e+00,2.11441543e-19,-1.30494265e-21,-4.28411102e-28,2.32909218e-01,-4.55195452e-28,1.67895038e-33,-3.61481886e-18,1.12288403e-23,-6.21809397e-64,7.67090782e-01
7.43750000e-03,-3.26762072e+00,5.19952892e+02,3.00000000e+02,1.17197035e+00,2.17646092e-19,-2.41623557e-21,1.79121556e-28,2.32909218e-01,1.93193703e-28,1.68304878e-33,1.66403737e-18,1.12704574e-23,-5.39847050e-65,7.67090782e-01
7.50000000e-03,-3.33182222e+00,5.07271114e+02,3.00000000e+02,1.17197035e+00,1.30921687e-19,5.82686700e-22,1.46469644e-27,2.32909218e-01,1.57115740e-27,1.83514780e-33,1.22037901e-17,1.15059737e-23,-4.59306901e-66,7.67090782e-01
7.56250000e-03,-3.39443849e+00,4.94589336e+02,3.00000000e+02,1.17197035e+00,9.18099285e-20,5.63938244e-22,1.35778151e-27,2.32909218e-01,1.43743944e-27,1.67467396e-33,1.07716193e-17,1.04521106e-23,-3.83128917e-67,7.67090782e-01
7.62500000e-03,-3.45546955e+00,4.81907558e+02,3.00000000e+02,1.17197035e+00,6.39956617e-20,-1.24335902e-22,1.05809582e-27,2.32909218e-01,1.12684240e-27,1.50094984e-33,8.37871498e-18,9.47290155e-24,-3.13443366e-68,7.67090782e-01
7.68750000e-03,-3.51491538e+00,4.69225780e+02,3.00000000e+02,1.17197035e+00,1.62715672e-19,-1.37444830e-22,1.08196968e-27,2.32909218e-01,1.16086154e-27,1.40177204e-33,8.65978525e-18,8.80960511e-24,-2.51604510e-69,7.67090782e-01
7.75000000e-03,-3.57277599e+00,4.56544002e+02,3.00000000e+02,1.17197035e+00,2.87827636e-19,-2.86636127e-23,1.15163296e-27,2.32909218e-01,1.23785948e-27,1.31262869e-33,9.21420645e-18,8.11161993e-24,-1.98489097e-70,7.67090782e-01
7.81250000e-03,-3.62905138e+00,4.43862224e+02,3.00000000e+02,1.17197035e+00,3.29856661e-19,-7.36593052e-22,1.17138519e-27,2.32909218e-01,1.26052488e-27,1.20053641e-33,9.38476902e-18,7.38255410e-24,-1.56790378e-71,7.67090782e-01
7.87500000e-03,-3.68374155e+00,4.31180447e+02,3.00000000e+02,1.17197035e+00,3.24334410e-19,8.99774949e-24,1.51017284e-27,2.32909218e-01,1.61891463e-27,1.11688295e-33,1.21858187e-17,6.59980804e-24,-1.52848103e-72,7.67090782e-01
8.00000000e-03,-3.78836622e+00,4.05816891e+02,3.00000000e+02,1.17197035e+00,6.75350453e-20,3.25029372e-22,1.54892569e-27,2.32909218e-01,1.66005833e-27,8.29357468e-34,1.24426182e-17,4.35594467e-24,-5.85464780e-74,7.67090782e-01
8.12500000e-03,-3.88665000e+00,3.80453335e+02,3.00000000e+02,1.17197035e+00,3.98726195e-20,7.56481581e-22,1.25171900e-27,2.32909218e-01,1.34273387e-27,4.74942133e-34,9.98215323e-18,2.33122758e-24,-2.18542697e-75,7.67090782e-01
8.25000000e-03,-3.97859289e+00,3.55089780e+02,3.00000000e+02,1.17197035e+00,5.59520633e-21,5.29386118e-22,5.52545829e-28,2.32909218e-01,5.85735789e-28,1.34897073e-34,4.30126604e-18,6.99301239e-25,-7.97597066e-77,7.67090782e-01
8.37500000e-03,-4.06419489e+00,3.29726224e+02,3.00000000e+02,1.17197035e+00,-1.07429287e-20,1.06335339e-23,4.41514301e-29,2.32909218e-01,4.64374899e-29,2.07575779e-36,2.43040652e-19,3.48323430e-26,-2.88349970e-78,7.67090782e-01
8.50000000e-03,-4.14345600e+00,3.04362668e+02,3.00000000e+02,1.17197035e+00,-1.76750891e-21,-1.08985805e-27,2.65560716e-30,2.32909218e-01,3.76046903e-30,1.16680826e-37,1.26759640e-20,1.86130906e-27,-1.32823739e-79,7.67090782e-01
8.75000000e-03,-4.28295555e+00,2.53635557e+02,3.00000000e+02,1.17197035e+00,-1.20496443e-22,-2.92381903e-31,7.82489294e-32,2.32909218e-01,1.08736566e-31,2.41945502e-39,2.40365940e-22,3.50554957e-29,-2.32917836e-81,7.67090782e-01
9.00000000e-03,-4.39709155e+00,2.02908445e+02,3.00000000e+02,1.17197035e+00,-8.01919297e-24,-7.84339406e-35,2.24797454e-33,2.32909218e-01,3.06548491e-33,4.88998479e-41,4.44241224e-24,6.43485477e-31,-4.03084373e-83,7.67090782e-01
9.25000000e-03,-4.48586400e+00,1.52181334e+02,3.00000000e+02,1.17197035e+00,-5.24028777e-25,-2.10395558e-38,6.33500709e-35,2.32909218e-01,8.47733690e-35,9.69268922e-43,8.05178768e-26,1.15837024e-32,-6.91735824e-85,7.67090782e-01
9.50000000e-03,-4.54927289e+00,1.01454223e+02,3.00000000e+02,1.17197035e+00,-3.38097700e-26,-5.64363041e-42,1.76135938e-36,2.32909218e-01,2.31291862e-36,1.89519851e-44,1.43954400e-27,2.05690457e-34,-1.18100181e-86,7.67090782e-01
9.75000000e-03,-4.58731822e+00,5.07271114e+01,3.00000000e+02,1.17197035e+00,-2.16518682e-27,-1.51347707e-45,4.85845652e-38,2.32909218e-01,6.26048014e-38,3.67591460e-46,2.55298278e-29,3.62301789e-36,-2.01062244e-88,7.67090782e-01
1.00000000e-02,-4.60000000e+00,0.00000000e+00,3.00000000e+02,1.17197035e+00,-1.38324164e-28,-1.46345568e-46,1.33664123e-39,2.32909218e-01,1.69012925e-39,7.11087678e-48,4.51558439e-31,6.36457874e-38,-3.41992307e-90,7.67090782e-01
